!SESSION 2025-09-16 11:54:06.563 -----------------------------------------------
eclipse.buildId=4.36.0.20250605-1300
java.version=23.0.2
java.vendor=Oracle Corporation
BootLoader constants: OS=win32, ARCH=x86_64, WS=win32, NL=ko_KR
Framework arguments:  -product org.eclipse.epp.package.jee.product
Command-line arguments:  -os win32 -ws win32 -arch x86_64 -product org.eclipse.epp.package.jee.product

This is a continuation of log file C:\spring\.metadata\.bak_9.log
Created Time: 2025-09-16 14:54:47.155

!ENTRY org.eclipse.lsp4e 4 0 2025-09-16 14:54:47.155
!MESSAGE java.io.IOException: 파이프가 닫히는 중입니다
!STACK 0
org.eclipse.lsp4j.jsonrpc.JsonRpcException: java.io.IOException: 파이프가 닫히는 중입니다
	at org.eclipse.lsp4j.jsonrpc.json.StreamMessageConsumer.consume(StreamMessageConsumer.java:72)
	at org.eclipse.lsp4e.LanguageServerWrapper.lambda$3(LanguageServerWrapper.java:413)
	at org.eclipse.lsp4j.jsonrpc.RemoteEndpoint.request(RemoteEndpoint.java:171)
	at org.eclipse.lsp4j.jsonrpc.services.EndpointProxy.invoke(EndpointProxy.java:91)
	at jdk.proxy15/jdk.proxy15.$Proxy38.inlayHint(Unknown Source)
	at org.eclipse.lsp4e.operations.inlayhint.InlayHintProvider.lambda$1(InlayHintProvider.java:55)
	at org.eclipse.lsp4e.LanguageServers.lambda$24(LanguageServers.java:445)
	at org.eclipse.lsp4e.LanguageServerWrapper.lambda$17(LanguageServerWrapper.java:976)
	at java.base/java.util.concurrent.CompletableFuture$UniCompose.tryFire(CompletableFuture.java:1194)
	at java.base/java.util.concurrent.CompletableFuture$Completion.run(CompletableFuture.java:526)
	at java.base/java.util.concurrent.ThreadPoolExecutor.runWorker(ThreadPoolExecutor.java:1144)
	at java.base/java.util.concurrent.ThreadPoolExecutor$Worker.run(ThreadPoolExecutor.java:642)
	at java.base/java.lang.Thread.run(Thread.java:1575)
Caused by: java.io.IOException: 파이프가 닫히는 중입니다
	at java.base/java.io.FileOutputStream.writeBytes(Native Method)
	at java.base/java.io.FileOutputStream.write(FileOutputStream.java:400)
	at java.base/java.lang.Process$PipeOutputStream.write(Process.java:907)
	at java.base/java.io.BufferedOutputStream.flushBuffer(BufferedOutputStream.java:125)
	at java.base/java.io.BufferedOutputStream.implWrite(BufferedOutputStream.java:222)
	at java.base/java.io.BufferedOutputStream.write(BufferedOutputStream.java:200)
	at java.base/java.io.FilterOutputStream.write(FilterOutputStream.java:110)
	at org.eclipse.lsp4j.jsonrpc.json.StreamMessageConsumer.consume(StreamMessageConsumer.java:67)
	... 12 more

!ENTRY org.eclipse.jface.text 4 0 2025-09-16 14:54:47.155
!MESSAGE org.eclipse.lsp4j.jsonrpc.JsonRpcException: java.io.IOException: 파이프가 닫히는 중입니다
!STACK 0
java.util.concurrent.CompletionException: org.eclipse.lsp4j.jsonrpc.JsonRpcException: java.io.IOException: 파이프가 닫히는 중입니다
	at java.base/java.util.concurrent.CompletableFuture.wrapInCompletionException(CompletableFuture.java:323)
	at java.base/java.util.concurrent.CompletableFuture.encodeThrowable(CompletableFuture.java:376)
	at java.base/java.util.concurrent.CompletableFuture.uniApplyNow(CompletableFuture.java:718)
	at java.base/java.util.concurrent.CompletableFuture.uniApplyStage(CompletableFuture.java:706)
	at java.base/java.util.concurrent.CompletableFuture.thenApply(CompletableFuture.java:2244)
	at org.eclipse.lsp4e.operations.codelens.CodeLensProvider.lambda$1(CodeLensProvider.java:41)
	at org.eclipse.lsp4e.LanguageServers.lambda$24(LanguageServers.java:445)
	at org.eclipse.lsp4e.LanguageServerWrapper.lambda$17(LanguageServerWrapper.java:976)
	at java.base/java.util.concurrent.CompletableFuture$UniCompose.tryFire(CompletableFuture.java:1194)
	at java.base/java.util.concurrent.CompletableFuture$Completion.run(CompletableFuture.java:526)
	at java.base/java.util.concurrent.ThreadPoolExecutor.runWorker(ThreadPoolExecutor.java:1144)
	at java.base/java.util.concurrent.ThreadPoolExecutor$Worker.run(ThreadPoolExecutor.java:642)
	at java.base/java.lang.Thread.run(Thread.java:1575)
Caused by: org.eclipse.lsp4j.jsonrpc.JsonRpcException: java.io.IOException: 파이프가 닫히는 중입니다
	at org.eclipse.lsp4j.jsonrpc.json.StreamMessageConsumer.consume(StreamMessageConsumer.java:72)
	at org.eclipse.lsp4e.LanguageServerWrapper.lambda$3(LanguageServerWrapper.java:413)
	at org.eclipse.lsp4j.jsonrpc.RemoteEndpoint.request(RemoteEndpoint.java:171)
	at org.eclipse.lsp4j.jsonrpc.services.EndpointProxy.invoke(EndpointProxy.java:91)
	at jdk.proxy15/jdk.proxy15.$Proxy38.codeLens(Unknown Source)
	at org.eclipse.lsp4e.operations.codelens.CodeLensProvider.lambda$1(CodeLensProvider.java:40)
	... 7 more
Caused by: java.io.IOException: 파이프가 닫히는 중입니다
	at java.base/java.io.FileOutputStream.writeBytes(Native Method)
	at java.base/java.io.FileOutputStream.write(FileOutputStream.java:400)
	at java.base/java.lang.Process$PipeOutputStream.write(Process.java:907)
	at java.base/java.io.BufferedOutputStream.flushBuffer(BufferedOutputStream.java:125)
	at java.base/java.io.BufferedOutputStream.implWrite(BufferedOutputStream.java:222)
	at java.base/java.io.BufferedOutputStream.write(BufferedOutputStream.java:200)
	at java.base/java.io.FilterOutputStream.write(FilterOutputStream.java:110)
	at org.eclipse.lsp4j.jsonrpc.json.StreamMessageConsumer.consume(StreamMessageConsumer.java:67)
	... 12 more

!ENTRY org.eclipse.lsp4e 4 0 2025-09-16 14:54:47.155
!MESSAGE java.io.IOException: 파이프가 닫히는 중입니다
!STACK 0
org.eclipse.lsp4j.jsonrpc.JsonRpcException: java.io.IOException: 파이프가 닫히는 중입니다
	at org.eclipse.lsp4j.jsonrpc.json.StreamMessageConsumer.consume(StreamMessageConsumer.java:72)
	at org.eclipse.lsp4e.LanguageServerWrapper.lambda$3(LanguageServerWrapper.java:413)
	at org.eclipse.lsp4j.jsonrpc.RemoteEndpoint.request(RemoteEndpoint.java:171)
	at org.eclipse.lsp4j.jsonrpc.services.EndpointProxy.invoke(EndpointProxy.java:91)
	at jdk.proxy15/jdk.proxy15.$Proxy38.inlayHint(Unknown Source)
	at org.eclipse.lsp4e.operations.inlayhint.InlayHintProvider.lambda$1(InlayHintProvider.java:55)
	at org.eclipse.lsp4e.LanguageServers.lambda$24(LanguageServers.java:445)
	at org.eclipse.lsp4e.LanguageServerWrapper.lambda$17(LanguageServerWrapper.java:976)
	at java.base/java.util.concurrent.CompletableFuture$UniCompose.tryFire(CompletableFuture.java:1194)
	at java.base/java.util.concurrent.CompletableFuture$Completion.run(CompletableFuture.java:526)
	at java.base/java.util.concurrent.ThreadPoolExecutor.runWorker(ThreadPoolExecutor.java:1144)
	at java.base/java.util.concurrent.ThreadPoolExecutor$Worker.run(ThreadPoolExecutor.java:642)
	at java.base/java.lang.Thread.run(Thread.java:1575)
Caused by: java.io.IOException: 파이프가 닫히는 중입니다
	at java.base/java.io.FileOutputStream.writeBytes(Native Method)
	at java.base/java.io.FileOutputStream.write(FileOutputStream.java:400)
	at java.base/java.lang.Process$PipeOutputStream.write(Process.java:907)
	at java.base/java.io.BufferedOutputStream.flushBuffer(BufferedOutputStream.java:125)
	at java.base/java.io.BufferedOutputStream.implWrite(BufferedOutputStream.java:222)
	at java.base/java.io.BufferedOutputStream.write(BufferedOutputStream.java:200)
	at java.base/java.io.FilterOutputStream.write(FilterOutputStream.java:110)
	at org.eclipse.lsp4j.jsonrpc.json.StreamMessageConsumer.consume(StreamMessageConsumer.java:67)
	... 12 more

!ENTRY org.eclipse.jface.text 4 0 2025-09-16 14:54:47.156
!MESSAGE org.eclipse.lsp4j.jsonrpc.JsonRpcException: java.io.IOException: 파이프가 닫히는 중입니다
!STACK 0
java.util.concurrent.CompletionException: org.eclipse.lsp4j.jsonrpc.JsonRpcException: java.io.IOException: 파이프가 닫히는 중입니다
	at java.base/java.util.concurrent.CompletableFuture.wrapInCompletionException(CompletableFuture.java:323)
	at java.base/java.util.concurrent.CompletableFuture.encodeThrowable(CompletableFuture.java:376)
	at java.base/java.util.concurrent.CompletableFuture.uniApplyNow(CompletableFuture.java:718)
	at java.base/java.util.concurrent.CompletableFuture.uniApplyStage(CompletableFuture.java:706)
	at java.base/java.util.concurrent.CompletableFuture.thenApply(CompletableFuture.java:2244)
	at org.eclipse.lsp4e.operations.codelens.CodeLensProvider.lambda$1(CodeLensProvider.java:41)
	at org.eclipse.lsp4e.LanguageServers.lambda$24(LanguageServers.java:445)
	at org.eclipse.lsp4e.LanguageServerWrapper.lambda$17(LanguageServerWrapper.java:976)
	at java.base/java.util.concurrent.CompletableFuture$UniCompose.tryFire(CompletableFuture.java:1194)
	at java.base/java.util.concurrent.CompletableFuture$Completion.run(CompletableFuture.java:526)
	at java.base/java.util.concurrent.ThreadPoolExecutor.runWorker(ThreadPoolExecutor.java:1144)
	at java.base/java.util.concurrent.ThreadPoolExecutor$Worker.run(ThreadPoolExecutor.java:642)
	at java.base/java.lang.Thread.run(Thread.java:1575)
Caused by: org.eclipse.lsp4j.jsonrpc.JsonRpcException: java.io.IOException: 파이프가 닫히는 중입니다
	at org.eclipse.lsp4j.jsonrpc.json.StreamMessageConsumer.consume(StreamMessageConsumer.java:72)
	at org.eclipse.lsp4e.LanguageServerWrapper.lambda$3(LanguageServerWrapper.java:413)
	at org.eclipse.lsp4j.jsonrpc.RemoteEndpoint.request(RemoteEndpoint.java:171)
	at org.eclipse.lsp4j.jsonrpc.services.EndpointProxy.invoke(EndpointProxy.java:91)
	at jdk.proxy15/jdk.proxy15.$Proxy38.codeLens(Unknown Source)
	at org.eclipse.lsp4e.operations.codelens.CodeLensProvider.lambda$1(CodeLensProvider.java:40)
	... 7 more
Caused by: java.io.IOException: 파이프가 닫히는 중입니다
	at java.base/java.io.FileOutputStream.writeBytes(Native Method)
	at java.base/java.io.FileOutputStream.write(FileOutputStream.java:400)
	at java.base/java.lang.Process$PipeOutputStream.write(Process.java:907)
	at java.base/java.io.BufferedOutputStream.flushBuffer(BufferedOutputStream.java:125)
	at java.base/java.io.BufferedOutputStream.implWrite(BufferedOutputStream.java:222)
	at java.base/java.io.BufferedOutputStream.write(BufferedOutputStream.java:200)
	at java.base/java.io.FilterOutputStream.write(FilterOutputStream.java:110)
	at org.eclipse.lsp4j.jsonrpc.json.StreamMessageConsumer.consume(StreamMessageConsumer.java:67)
	... 12 more

!ENTRY org.eclipse.lsp4e 4 0 2025-09-16 14:54:47.156
!MESSAGE java.io.IOException: 파이프가 닫히는 중입니다
!STACK 0
org.eclipse.lsp4j.jsonrpc.JsonRpcException: java.io.IOException: 파이프가 닫히는 중입니다
	at org.eclipse.lsp4j.jsonrpc.json.StreamMessageConsumer.consume(StreamMessageConsumer.java:72)
	at org.eclipse.lsp4e.LanguageServerWrapper.lambda$3(LanguageServerWrapper.java:413)
	at org.eclipse.lsp4j.jsonrpc.RemoteEndpoint.request(RemoteEndpoint.java:171)
	at org.eclipse.lsp4j.jsonrpc.services.EndpointProxy.invoke(EndpointProxy.java:91)
	at jdk.proxy15/jdk.proxy15.$Proxy38.inlayHint(Unknown Source)
	at org.eclipse.lsp4e.operations.inlayhint.InlayHintProvider.lambda$1(InlayHintProvider.java:55)
	at org.eclipse.lsp4e.LanguageServers.lambda$24(LanguageServers.java:445)
	at org.eclipse.lsp4e.LanguageServerWrapper.lambda$17(LanguageServerWrapper.java:976)
	at java.base/java.util.concurrent.CompletableFuture$UniCompose.tryFire(CompletableFuture.java:1194)
	at java.base/java.util.concurrent.CompletableFuture$Completion.run(CompletableFuture.java:526)
	at java.base/java.util.concurrent.ThreadPoolExecutor.runWorker(ThreadPoolExecutor.java:1144)
	at java.base/java.util.concurrent.ThreadPoolExecutor$Worker.run(ThreadPoolExecutor.java:642)
	at java.base/java.lang.Thread.run(Thread.java:1575)
Caused by: java.io.IOException: 파이프가 닫히는 중입니다
	at java.base/java.io.FileOutputStream.writeBytes(Native Method)
	at java.base/java.io.FileOutputStream.write(FileOutputStream.java:400)
	at java.base/java.lang.Process$PipeOutputStream.write(Process.java:907)
	at java.base/java.io.BufferedOutputStream.flushBuffer(BufferedOutputStream.java:125)
	at java.base/java.io.BufferedOutputStream.implWrite(BufferedOutputStream.java:222)
	at java.base/java.io.BufferedOutputStream.write(BufferedOutputStream.java:200)
	at java.base/java.io.FilterOutputStream.write(FilterOutputStream.java:110)
	at org.eclipse.lsp4j.jsonrpc.json.StreamMessageConsumer.consume(StreamMessageConsumer.java:67)
	... 12 more

!ENTRY org.eclipse.jface.text 4 0 2025-09-16 14:54:47.156
!MESSAGE org.eclipse.lsp4j.jsonrpc.JsonRpcException: java.io.IOException: 파이프가 닫히는 중입니다
!STACK 0
java.util.concurrent.CompletionException: org.eclipse.lsp4j.jsonrpc.JsonRpcException: java.io.IOException: 파이프가 닫히는 중입니다
	at java.base/java.util.concurrent.CompletableFuture.wrapInCompletionException(CompletableFuture.java:323)
	at java.base/java.util.concurrent.CompletableFuture.encodeThrowable(CompletableFuture.java:376)
	at java.base/java.util.concurrent.CompletableFuture.uniApplyNow(CompletableFuture.java:718)
	at java.base/java.util.concurrent.CompletableFuture.uniApplyStage(CompletableFuture.java:706)
	at java.base/java.util.concurrent.CompletableFuture.thenApply(CompletableFuture.java:2244)
	at org.eclipse.lsp4e.operations.codelens.CodeLensProvider.lambda$1(CodeLensProvider.java:41)
	at org.eclipse.lsp4e.LanguageServers.lambda$24(LanguageServers.java:445)
	at org.eclipse.lsp4e.LanguageServerWrapper.lambda$17(LanguageServerWrapper.java:976)
	at java.base/java.util.concurrent.CompletableFuture$UniCompose.tryFire(CompletableFuture.java:1194)
	at java.base/java.util.concurrent.CompletableFuture$Completion.run(CompletableFuture.java:526)
	at java.base/java.util.concurrent.ThreadPoolExecutor.runWorker(ThreadPoolExecutor.java:1144)
	at java.base/java.util.concurrent.ThreadPoolExecutor$Worker.run(ThreadPoolExecutor.java:642)
	at java.base/java.lang.Thread.run(Thread.java:1575)
Caused by: org.eclipse.lsp4j.jsonrpc.JsonRpcException: java.io.IOException: 파이프가 닫히는 중입니다
	at org.eclipse.lsp4j.jsonrpc.json.StreamMessageConsumer.consume(StreamMessageConsumer.java:72)
	at org.eclipse.lsp4e.LanguageServerWrapper.lambda$3(LanguageServerWrapper.java:413)
	at org.eclipse.lsp4j.jsonrpc.RemoteEndpoint.request(RemoteEndpoint.java:171)
	at org.eclipse.lsp4j.jsonrpc.services.EndpointProxy.invoke(EndpointProxy.java:91)
	at jdk.proxy15/jdk.proxy15.$Proxy38.codeLens(Unknown Source)
	at org.eclipse.lsp4e.operations.codelens.CodeLensProvider.lambda$1(CodeLensProvider.java:40)
	... 7 more
Caused by: java.io.IOException: 파이프가 닫히는 중입니다
	at java.base/java.io.FileOutputStream.writeBytes(Native Method)
	at java.base/java.io.FileOutputStream.write(FileOutputStream.java:400)
	at java.base/java.lang.Process$PipeOutputStream.write(Process.java:907)
	at java.base/java.io.BufferedOutputStream.flushBuffer(BufferedOutputStream.java:125)
	at java.base/java.io.BufferedOutputStream.implWrite(BufferedOutputStream.java:222)
	at java.base/java.io.BufferedOutputStream.write(BufferedOutputStream.java:200)
	at java.base/java.io.FilterOutputStream.write(FilterOutputStream.java:110)
	at org.eclipse.lsp4j.jsonrpc.json.StreamMessageConsumer.consume(StreamMessageConsumer.java:67)
	... 12 more

!ENTRY org.eclipse.lsp4e 4 0 2025-09-16 14:54:47.157
!MESSAGE java.io.IOException: 파이프가 닫히는 중입니다
!STACK 0
org.eclipse.lsp4j.jsonrpc.JsonRpcException: java.io.IOException: 파이프가 닫히는 중입니다
	at org.eclipse.lsp4j.jsonrpc.json.StreamMessageConsumer.consume(StreamMessageConsumer.java:72)
	at org.eclipse.lsp4e.LanguageServerWrapper.lambda$3(LanguageServerWrapper.java:413)
	at org.eclipse.lsp4j.jsonrpc.RemoteEndpoint.request(RemoteEndpoint.java:171)
	at org.eclipse.lsp4j.jsonrpc.services.EndpointProxy.invoke(EndpointProxy.java:91)
	at jdk.proxy15/jdk.proxy15.$Proxy38.inlayHint(Unknown Source)
	at org.eclipse.lsp4e.operations.inlayhint.InlayHintProvider.lambda$1(InlayHintProvider.java:55)
	at org.eclipse.lsp4e.LanguageServers.lambda$24(LanguageServers.java:445)
	at org.eclipse.lsp4e.LanguageServerWrapper.lambda$17(LanguageServerWrapper.java:976)
	at java.base/java.util.concurrent.CompletableFuture$UniCompose.tryFire(CompletableFuture.java:1194)
	at java.base/java.util.concurrent.CompletableFuture$Completion.run(CompletableFuture.java:526)
	at java.base/java.util.concurrent.ThreadPoolExecutor.runWorker(ThreadPoolExecutor.java:1144)
	at java.base/java.util.concurrent.ThreadPoolExecutor$Worker.run(ThreadPoolExecutor.java:642)
	at java.base/java.lang.Thread.run(Thread.java:1575)
Caused by: java.io.IOException: 파이프가 닫히는 중입니다
	at java.base/java.io.FileOutputStream.writeBytes(Native Method)
	at java.base/java.io.FileOutputStream.write(FileOutputStream.java:400)
	at java.base/java.lang.Process$PipeOutputStream.write(Process.java:907)
	at java.base/java.io.BufferedOutputStream.flushBuffer(BufferedOutputStream.java:125)
	at java.base/java.io.BufferedOutputStream.implWrite(BufferedOutputStream.java:222)
	at java.base/java.io.BufferedOutputStream.write(BufferedOutputStream.java:200)
	at java.base/java.io.FilterOutputStream.write(FilterOutputStream.java:110)
	at org.eclipse.lsp4j.jsonrpc.json.StreamMessageConsumer.consume(StreamMessageConsumer.java:67)
	... 12 more

!ENTRY org.eclipse.jface.text 4 0 2025-09-16 14:54:47.157
!MESSAGE org.eclipse.lsp4j.jsonrpc.JsonRpcException: java.io.IOException: 파이프가 닫히는 중입니다
!STACK 0
java.util.concurrent.CompletionException: org.eclipse.lsp4j.jsonrpc.JsonRpcException: java.io.IOException: 파이프가 닫히는 중입니다
	at java.base/java.util.concurrent.CompletableFuture.wrapInCompletionException(CompletableFuture.java:323)
	at java.base/java.util.concurrent.CompletableFuture.encodeThrowable(CompletableFuture.java:376)
	at java.base/java.util.concurrent.CompletableFuture.uniApplyNow(CompletableFuture.java:718)
	at java.base/java.util.concurrent.CompletableFuture.uniApplyStage(CompletableFuture.java:706)
	at java.base/java.util.concurrent.CompletableFuture.thenApply(CompletableFuture.java:2244)
	at org.eclipse.lsp4e.operations.codelens.CodeLensProvider.lambda$1(CodeLensProvider.java:41)
	at org.eclipse.lsp4e.LanguageServers.lambda$24(LanguageServers.java:445)
	at org.eclipse.lsp4e.LanguageServerWrapper.lambda$17(LanguageServerWrapper.java:976)
	at java.base/java.util.concurrent.CompletableFuture$UniCompose.tryFire(CompletableFuture.java:1194)
	at java.base/java.util.concurrent.CompletableFuture$Completion.run(CompletableFuture.java:526)
	at java.base/java.util.concurrent.ThreadPoolExecutor.runWorker(ThreadPoolExecutor.java:1144)
	at java.base/java.util.concurrent.ThreadPoolExecutor$Worker.run(ThreadPoolExecutor.java:642)
	at java.base/java.lang.Thread.run(Thread.java:1575)
Caused by: org.eclipse.lsp4j.jsonrpc.JsonRpcException: java.io.IOException: 파이프가 닫히는 중입니다
	at org.eclipse.lsp4j.jsonrpc.json.StreamMessageConsumer.consume(StreamMessageConsumer.java:72)
	at org.eclipse.lsp4e.LanguageServerWrapper.lambda$3(LanguageServerWrapper.java:413)
	at org.eclipse.lsp4j.jsonrpc.RemoteEndpoint.request(RemoteEndpoint.java:171)
	at org.eclipse.lsp4j.jsonrpc.services.EndpointProxy.invoke(EndpointProxy.java:91)
	at jdk.proxy15/jdk.proxy15.$Proxy38.codeLens(Unknown Source)
	at org.eclipse.lsp4e.operations.codelens.CodeLensProvider.lambda$1(CodeLensProvider.java:40)
	... 7 more
Caused by: java.io.IOException: 파이프가 닫히는 중입니다
	at java.base/java.io.FileOutputStream.writeBytes(Native Method)
	at java.base/java.io.FileOutputStream.write(FileOutputStream.java:400)
	at java.base/java.lang.Process$PipeOutputStream.write(Process.java:907)
	at java.base/java.io.BufferedOutputStream.flushBuffer(BufferedOutputStream.java:125)
	at java.base/java.io.BufferedOutputStream.implWrite(BufferedOutputStream.java:222)
	at java.base/java.io.BufferedOutputStream.write(BufferedOutputStream.java:200)
	at java.base/java.io.FilterOutputStream.write(FilterOutputStream.java:110)
	at org.eclipse.lsp4j.jsonrpc.json.StreamMessageConsumer.consume(StreamMessageConsumer.java:67)
	... 12 more

!ENTRY org.eclipse.lsp4e 4 0 2025-09-16 14:54:47.157
!MESSAGE java.io.IOException: 파이프가 닫히는 중입니다
!STACK 0
org.eclipse.lsp4j.jsonrpc.JsonRpcException: java.io.IOException: 파이프가 닫히는 중입니다
	at org.eclipse.lsp4j.jsonrpc.json.StreamMessageConsumer.consume(StreamMessageConsumer.java:72)
	at org.eclipse.lsp4e.LanguageServerWrapper.lambda$3(LanguageServerWrapper.java:413)
	at org.eclipse.lsp4j.jsonrpc.RemoteEndpoint.request(RemoteEndpoint.java:171)
	at org.eclipse.lsp4j.jsonrpc.services.EndpointProxy.invoke(EndpointProxy.java:91)
	at jdk.proxy15/jdk.proxy15.$Proxy38.inlayHint(Unknown Source)
	at org.eclipse.lsp4e.operations.inlayhint.InlayHintProvider.lambda$1(InlayHintProvider.java:55)
	at org.eclipse.lsp4e.LanguageServers.lambda$24(LanguageServers.java:445)
	at org.eclipse.lsp4e.LanguageServerWrapper.lambda$17(LanguageServerWrapper.java:976)
	at java.base/java.util.concurrent.CompletableFuture$UniCompose.tryFire(CompletableFuture.java:1194)
	at java.base/java.util.concurrent.CompletableFuture$Completion.run(CompletableFuture.java:526)
	at java.base/java.util.concurrent.ThreadPoolExecutor.runWorker(ThreadPoolExecutor.java:1144)
	at java.base/java.util.concurrent.ThreadPoolExecutor$Worker.run(ThreadPoolExecutor.java:642)
	at java.base/java.lang.Thread.run(Thread.java:1575)
Caused by: java.io.IOException: 파이프가 닫히는 중입니다
	at java.base/java.io.FileOutputStream.writeBytes(Native Method)
	at java.base/java.io.FileOutputStream.write(FileOutputStream.java:400)
	at java.base/java.lang.Process$PipeOutputStream.write(Process.java:907)
	at java.base/java.io.BufferedOutputStream.flushBuffer(BufferedOutputStream.java:125)
	at java.base/java.io.BufferedOutputStream.implWrite(BufferedOutputStream.java:222)
	at java.base/java.io.BufferedOutputStream.write(BufferedOutputStream.java:200)
	at java.base/java.io.FilterOutputStream.write(FilterOutputStream.java:110)
	at org.eclipse.lsp4j.jsonrpc.json.StreamMessageConsumer.consume(StreamMessageConsumer.java:67)
	... 12 more

!ENTRY org.eclipse.jface.text 4 0 2025-09-16 14:54:47.158
!MESSAGE org.eclipse.lsp4j.jsonrpc.JsonRpcException: java.io.IOException: 파이프가 닫히는 중입니다
!STACK 0
java.util.concurrent.CompletionException: org.eclipse.lsp4j.jsonrpc.JsonRpcException: java.io.IOException: 파이프가 닫히는 중입니다
	at java.base/java.util.concurrent.CompletableFuture.wrapInCompletionException(CompletableFuture.java:323)
	at java.base/java.util.concurrent.CompletableFuture.encodeThrowable(CompletableFuture.java:376)
	at java.base/java.util.concurrent.CompletableFuture.uniApplyNow(CompletableFuture.java:718)
	at java.base/java.util.concurrent.CompletableFuture.uniApplyStage(CompletableFuture.java:706)
	at java.base/java.util.concurrent.CompletableFuture.thenApply(CompletableFuture.java:2244)
	at org.eclipse.lsp4e.operations.codelens.CodeLensProvider.lambda$1(CodeLensProvider.java:41)
	at org.eclipse.lsp4e.LanguageServers.lambda$24(LanguageServers.java:445)
	at org.eclipse.lsp4e.LanguageServerWrapper.lambda$17(LanguageServerWrapper.java:976)
	at java.base/java.util.concurrent.CompletableFuture$UniCompose.tryFire(CompletableFuture.java:1194)
	at java.base/java.util.concurrent.CompletableFuture$Completion.run(CompletableFuture.java:526)
	at java.base/java.util.concurrent.ThreadPoolExecutor.runWorker(ThreadPoolExecutor.java:1144)
	at java.base/java.util.concurrent.ThreadPoolExecutor$Worker.run(ThreadPoolExecutor.java:642)
	at java.base/java.lang.Thread.run(Thread.java:1575)
Caused by: org.eclipse.lsp4j.jsonrpc.JsonRpcException: java.io.IOException: 파이프가 닫히는 중입니다
	at org.eclipse.lsp4j.jsonrpc.json.StreamMessageConsumer.consume(StreamMessageConsumer.java:72)
	at org.eclipse.lsp4e.LanguageServerWrapper.lambda$3(LanguageServerWrapper.java:413)
	at org.eclipse.lsp4j.jsonrpc.RemoteEndpoint.request(RemoteEndpoint.java:171)
	at org.eclipse.lsp4j.jsonrpc.services.EndpointProxy.invoke(EndpointProxy.java:91)
	at jdk.proxy15/jdk.proxy15.$Proxy38.codeLens(Unknown Source)
	at org.eclipse.lsp4e.operations.codelens.CodeLensProvider.lambda$1(CodeLensProvider.java:40)
	... 7 more
Caused by: java.io.IOException: 파이프가 닫히는 중입니다
	at java.base/java.io.FileOutputStream.writeBytes(Native Method)
	at java.base/java.io.FileOutputStream.write(FileOutputStream.java:400)
	at java.base/java.lang.Process$PipeOutputStream.write(Process.java:907)
	at java.base/java.io.BufferedOutputStream.flushBuffer(BufferedOutputStream.java:125)
	at java.base/java.io.BufferedOutputStream.implWrite(BufferedOutputStream.java:222)
	at java.base/java.io.BufferedOutputStream.write(BufferedOutputStream.java:200)
	at java.base/java.io.FilterOutputStream.write(FilterOutputStream.java:110)
	at org.eclipse.lsp4j.jsonrpc.json.StreamMessageConsumer.consume(StreamMessageConsumer.java:67)
	... 12 more

!ENTRY org.eclipse.lsp4e 4 0 2025-09-16 14:54:47.158
!MESSAGE java.io.IOException: 파이프가 닫히는 중입니다
!STACK 0
org.eclipse.lsp4j.jsonrpc.JsonRpcException: java.io.IOException: 파이프가 닫히는 중입니다
	at org.eclipse.lsp4j.jsonrpc.json.StreamMessageConsumer.consume(StreamMessageConsumer.java:72)
	at org.eclipse.lsp4e.LanguageServerWrapper.lambda$3(LanguageServerWrapper.java:413)
	at org.eclipse.lsp4j.jsonrpc.RemoteEndpoint.request(RemoteEndpoint.java:171)
	at org.eclipse.lsp4j.jsonrpc.services.EndpointProxy.invoke(EndpointProxy.java:91)
	at jdk.proxy15/jdk.proxy15.$Proxy38.inlayHint(Unknown Source)
	at org.eclipse.lsp4e.operations.inlayhint.InlayHintProvider.lambda$1(InlayHintProvider.java:55)
	at org.eclipse.lsp4e.LanguageServers.lambda$24(LanguageServers.java:445)
	at org.eclipse.lsp4e.LanguageServerWrapper.lambda$17(LanguageServerWrapper.java:976)
	at java.base/java.util.concurrent.CompletableFuture$UniCompose.tryFire(CompletableFuture.java:1194)
	at java.base/java.util.concurrent.CompletableFuture$Completion.run(CompletableFuture.java:526)
	at java.base/java.util.concurrent.ThreadPoolExecutor.runWorker(ThreadPoolExecutor.java:1144)
	at java.base/java.util.concurrent.ThreadPoolExecutor$Worker.run(ThreadPoolExecutor.java:642)
	at java.base/java.lang.Thread.run(Thread.java:1575)
Caused by: java.io.IOException: 파이프가 닫히는 중입니다
	at java.base/java.io.FileOutputStream.writeBytes(Native Method)
	at java.base/java.io.FileOutputStream.write(FileOutputStream.java:400)
	at java.base/java.lang.Process$PipeOutputStream.write(Process.java:907)
	at java.base/java.io.BufferedOutputStream.flushBuffer(BufferedOutputStream.java:125)
	at java.base/java.io.BufferedOutputStream.implWrite(BufferedOutputStream.java:222)
	at java.base/java.io.BufferedOutputStream.write(BufferedOutputStream.java:200)
	at java.base/java.io.FilterOutputStream.write(FilterOutputStream.java:110)
	at org.eclipse.lsp4j.jsonrpc.json.StreamMessageConsumer.consume(StreamMessageConsumer.java:67)
	... 12 more

!ENTRY org.eclipse.jface.text 4 0 2025-09-16 14:54:47.158
!MESSAGE org.eclipse.lsp4j.jsonrpc.JsonRpcException: java.io.IOException: 파이프가 닫히는 중입니다
!STACK 0
java.util.concurrent.CompletionException: org.eclipse.lsp4j.jsonrpc.JsonRpcException: java.io.IOException: 파이프가 닫히는 중입니다
	at java.base/java.util.concurrent.CompletableFuture.wrapInCompletionException(CompletableFuture.java:323)
	at java.base/java.util.concurrent.CompletableFuture.encodeThrowable(CompletableFuture.java:376)
	at java.base/java.util.concurrent.CompletableFuture.uniApplyNow(CompletableFuture.java:718)
	at java.base/java.util.concurrent.CompletableFuture.uniApplyStage(CompletableFuture.java:706)
	at java.base/java.util.concurrent.CompletableFuture.thenApply(CompletableFuture.java:2244)
	at org.eclipse.lsp4e.operations.codelens.CodeLensProvider.lambda$1(CodeLensProvider.java:41)
	at org.eclipse.lsp4e.LanguageServers.lambda$24(LanguageServers.java:445)
	at org.eclipse.lsp4e.LanguageServerWrapper.lambda$17(LanguageServerWrapper.java:976)
	at java.base/java.util.concurrent.CompletableFuture$UniCompose.tryFire(CompletableFuture.java:1194)
	at java.base/java.util.concurrent.CompletableFuture$Completion.run(CompletableFuture.java:526)
	at java.base/java.util.concurrent.ThreadPoolExecutor.runWorker(ThreadPoolExecutor.java:1144)
	at java.base/java.util.concurrent.ThreadPoolExecutor$Worker.run(ThreadPoolExecutor.java:642)
	at java.base/java.lang.Thread.run(Thread.java:1575)
Caused by: org.eclipse.lsp4j.jsonrpc.JsonRpcException: java.io.IOException: 파이프가 닫히는 중입니다
	at org.eclipse.lsp4j.jsonrpc.json.StreamMessageConsumer.consume(StreamMessageConsumer.java:72)
	at org.eclipse.lsp4e.LanguageServerWrapper.lambda$3(LanguageServerWrapper.java:413)
	at org.eclipse.lsp4j.jsonrpc.RemoteEndpoint.request(RemoteEndpoint.java:171)
	at org.eclipse.lsp4j.jsonrpc.services.EndpointProxy.invoke(EndpointProxy.java:91)
	at jdk.proxy15/jdk.proxy15.$Proxy38.codeLens(Unknown Source)
	at org.eclipse.lsp4e.operations.codelens.CodeLensProvider.lambda$1(CodeLensProvider.java:40)
	... 7 more
Caused by: java.io.IOException: 파이프가 닫히는 중입니다
	at java.base/java.io.FileOutputStream.writeBytes(Native Method)
	at java.base/java.io.FileOutputStream.write(FileOutputStream.java:400)
	at java.base/java.lang.Process$PipeOutputStream.write(Process.java:907)
	at java.base/java.io.BufferedOutputStream.flushBuffer(BufferedOutputStream.java:125)
	at java.base/java.io.BufferedOutputStream.implWrite(BufferedOutputStream.java:222)
	at java.base/java.io.BufferedOutputStream.write(BufferedOutputStream.java:200)
	at java.base/java.io.FilterOutputStream.write(FilterOutputStream.java:110)
	at org.eclipse.lsp4j.jsonrpc.json.StreamMessageConsumer.consume(StreamMessageConsumer.java:67)
	... 12 more

!ENTRY org.eclipse.lsp4e 4 0 2025-09-16 14:54:47.159
!MESSAGE java.io.IOException: 파이프가 닫히는 중입니다
!STACK 0
org.eclipse.lsp4j.jsonrpc.JsonRpcException: java.io.IOException: 파이프가 닫히는 중입니다
	at org.eclipse.lsp4j.jsonrpc.json.StreamMessageConsumer.consume(StreamMessageConsumer.java:72)
	at org.eclipse.lsp4e.LanguageServerWrapper.lambda$3(LanguageServerWrapper.java:413)
	at org.eclipse.lsp4j.jsonrpc.RemoteEndpoint.request(RemoteEndpoint.java:171)
	at org.eclipse.lsp4j.jsonrpc.services.EndpointProxy.invoke(EndpointProxy.java:91)
	at jdk.proxy15/jdk.proxy15.$Proxy38.inlayHint(Unknown Source)
	at org.eclipse.lsp4e.operations.inlayhint.InlayHintProvider.lambda$1(InlayHintProvider.java:55)
	at org.eclipse.lsp4e.LanguageServers.lambda$24(LanguageServers.java:445)
	at org.eclipse.lsp4e.LanguageServerWrapper.lambda$17(LanguageServerWrapper.java:976)
	at java.base/java.util.concurrent.CompletableFuture$UniCompose.tryFire(CompletableFuture.java:1194)
	at java.base/java.util.concurrent.CompletableFuture$Completion.run(CompletableFuture.java:526)
	at java.base/java.util.concurrent.ThreadPoolExecutor.runWorker(ThreadPoolExecutor.java:1144)
	at java.base/java.util.concurrent.ThreadPoolExecutor$Worker.run(ThreadPoolExecutor.java:642)
	at java.base/java.lang.Thread.run(Thread.java:1575)
Caused by: java.io.IOException: 파이프가 닫히는 중입니다
	at java.base/java.io.FileOutputStream.writeBytes(Native Method)
	at java.base/java.io.FileOutputStream.write(FileOutputStream.java:400)
	at java.base/java.lang.Process$PipeOutputStream.write(Process.java:907)
	at java.base/java.io.BufferedOutputStream.flushBuffer(BufferedOutputStream.java:125)
	at java.base/java.io.BufferedOutputStream.implWrite(BufferedOutputStream.java:222)
	at java.base/java.io.BufferedOutputStream.write(BufferedOutputStream.java:200)
	at java.base/java.io.FilterOutputStream.write(FilterOutputStream.java:110)
	at org.eclipse.lsp4j.jsonrpc.json.StreamMessageConsumer.consume(StreamMessageConsumer.java:67)
	... 12 more

!ENTRY org.eclipse.jface.text 4 0 2025-09-16 14:54:47.159
!MESSAGE org.eclipse.lsp4j.jsonrpc.JsonRpcException: java.io.IOException: 파이프가 닫히는 중입니다
!STACK 0
java.util.concurrent.CompletionException: org.eclipse.lsp4j.jsonrpc.JsonRpcException: java.io.IOException: 파이프가 닫히는 중입니다
	at java.base/java.util.concurrent.CompletableFuture.wrapInCompletionException(CompletableFuture.java:323)
	at java.base/java.util.concurrent.CompletableFuture.encodeThrowable(CompletableFuture.java:376)
	at java.base/java.util.concurrent.CompletableFuture.uniApplyNow(CompletableFuture.java:718)
	at java.base/java.util.concurrent.CompletableFuture.uniApplyStage(CompletableFuture.java:706)
	at java.base/java.util.concurrent.CompletableFuture.thenApply(CompletableFuture.java:2244)
	at org.eclipse.lsp4e.operations.codelens.CodeLensProvider.lambda$1(CodeLensProvider.java:41)
	at org.eclipse.lsp4e.LanguageServers.lambda$24(LanguageServers.java:445)
	at org.eclipse.lsp4e.LanguageServerWrapper.lambda$17(LanguageServerWrapper.java:976)
	at java.base/java.util.concurrent.CompletableFuture$UniCompose.tryFire(CompletableFuture.java:1194)
	at java.base/java.util.concurrent.CompletableFuture$Completion.run(CompletableFuture.java:526)
	at java.base/java.util.concurrent.ThreadPoolExecutor.runWorker(ThreadPoolExecutor.java:1144)
	at java.base/java.util.concurrent.ThreadPoolExecutor$Worker.run(ThreadPoolExecutor.java:642)
	at java.base/java.lang.Thread.run(Thread.java:1575)
Caused by: org.eclipse.lsp4j.jsonrpc.JsonRpcException: java.io.IOException: 파이프가 닫히는 중입니다
	at org.eclipse.lsp4j.jsonrpc.json.StreamMessageConsumer.consume(StreamMessageConsumer.java:72)
	at org.eclipse.lsp4e.LanguageServerWrapper.lambda$3(LanguageServerWrapper.java:413)
	at org.eclipse.lsp4j.jsonrpc.RemoteEndpoint.request(RemoteEndpoint.java:171)
	at org.eclipse.lsp4j.jsonrpc.services.EndpointProxy.invoke(EndpointProxy.java:91)
	at jdk.proxy15/jdk.proxy15.$Proxy38.codeLens(Unknown Source)
	at org.eclipse.lsp4e.operations.codelens.CodeLensProvider.lambda$1(CodeLensProvider.java:40)
	... 7 more
Caused by: java.io.IOException: 파이프가 닫히는 중입니다
	at java.base/java.io.FileOutputStream.writeBytes(Native Method)
	at java.base/java.io.FileOutputStream.write(FileOutputStream.java:400)
	at java.base/java.lang.Process$PipeOutputStream.write(Process.java:907)
	at java.base/java.io.BufferedOutputStream.flushBuffer(BufferedOutputStream.java:125)
	at java.base/java.io.BufferedOutputStream.implWrite(BufferedOutputStream.java:222)
	at java.base/java.io.BufferedOutputStream.write(BufferedOutputStream.java:200)
	at java.base/java.io.FilterOutputStream.write(FilterOutputStream.java:110)
	at org.eclipse.lsp4j.jsonrpc.json.StreamMessageConsumer.consume(StreamMessageConsumer.java:67)
	... 12 more

!ENTRY org.eclipse.lsp4e 4 0 2025-09-16 14:54:47.159
!MESSAGE java.io.IOException: 파이프가 닫히는 중입니다
!STACK 0
org.eclipse.lsp4j.jsonrpc.JsonRpcException: java.io.IOException: 파이프가 닫히는 중입니다
	at org.eclipse.lsp4j.jsonrpc.json.StreamMessageConsumer.consume(StreamMessageConsumer.java:72)
	at org.eclipse.lsp4e.LanguageServerWrapper.lambda$3(LanguageServerWrapper.java:413)
	at org.eclipse.lsp4j.jsonrpc.RemoteEndpoint.request(RemoteEndpoint.java:171)
	at org.eclipse.lsp4j.jsonrpc.services.EndpointProxy.invoke(EndpointProxy.java:91)
	at jdk.proxy15/jdk.proxy15.$Proxy38.inlayHint(Unknown Source)
	at org.eclipse.lsp4e.operations.inlayhint.InlayHintProvider.lambda$1(InlayHintProvider.java:55)
	at org.eclipse.lsp4e.LanguageServers.lambda$24(LanguageServers.java:445)
	at org.eclipse.lsp4e.LanguageServerWrapper.lambda$17(LanguageServerWrapper.java:976)
	at java.base/java.util.concurrent.CompletableFuture$UniCompose.tryFire(CompletableFuture.java:1194)
	at java.base/java.util.concurrent.CompletableFuture$Completion.run(CompletableFuture.java:526)
	at java.base/java.util.concurrent.ThreadPoolExecutor.runWorker(ThreadPoolExecutor.java:1144)
	at java.base/java.util.concurrent.ThreadPoolExecutor$Worker.run(ThreadPoolExecutor.java:642)
	at java.base/java.lang.Thread.run(Thread.java:1575)
Caused by: java.io.IOException: 파이프가 닫히는 중입니다
	at java.base/java.io.FileOutputStream.writeBytes(Native Method)
	at java.base/java.io.FileOutputStream.write(FileOutputStream.java:400)
	at java.base/java.lang.Process$PipeOutputStream.write(Process.java:907)
	at java.base/java.io.BufferedOutputStream.flushBuffer(BufferedOutputStream.java:125)
	at java.base/java.io.BufferedOutputStream.implWrite(BufferedOutputStream.java:222)
	at java.base/java.io.BufferedOutputStream.write(BufferedOutputStream.java:200)
	at java.base/java.io.FilterOutputStream.write(FilterOutputStream.java:110)
	at org.eclipse.lsp4j.jsonrpc.json.StreamMessageConsumer.consume(StreamMessageConsumer.java:67)
	... 12 more

!ENTRY org.eclipse.jface.text 4 0 2025-09-16 14:54:47.160
!MESSAGE org.eclipse.lsp4j.jsonrpc.JsonRpcException: java.io.IOException: 파이프가 닫히는 중입니다
!STACK 0
java.util.concurrent.CompletionException: org.eclipse.lsp4j.jsonrpc.JsonRpcException: java.io.IOException: 파이프가 닫히는 중입니다
	at java.base/java.util.concurrent.CompletableFuture.wrapInCompletionException(CompletableFuture.java:323)
	at java.base/java.util.concurrent.CompletableFuture.encodeThrowable(CompletableFuture.java:376)
	at java.base/java.util.concurrent.CompletableFuture.uniApplyNow(CompletableFuture.java:718)
	at java.base/java.util.concurrent.CompletableFuture.uniApplyStage(CompletableFuture.java:706)
	at java.base/java.util.concurrent.CompletableFuture.thenApply(CompletableFuture.java:2244)
	at org.eclipse.lsp4e.operations.codelens.CodeLensProvider.lambda$1(CodeLensProvider.java:41)
	at org.eclipse.lsp4e.LanguageServers.lambda$24(LanguageServers.java:445)
	at org.eclipse.lsp4e.LanguageServerWrapper.lambda$17(LanguageServerWrapper.java:976)
	at java.base/java.util.concurrent.CompletableFuture$UniCompose.tryFire(CompletableFuture.java:1194)
	at java.base/java.util.concurrent.CompletableFuture$Completion.run(CompletableFuture.java:526)
	at java.base/java.util.concurrent.ThreadPoolExecutor.runWorker(ThreadPoolExecutor.java:1144)
	at java.base/java.util.concurrent.ThreadPoolExecutor$Worker.run(ThreadPoolExecutor.java:642)
	at java.base/java.lang.Thread.run(Thread.java:1575)
Caused by: org.eclipse.lsp4j.jsonrpc.JsonRpcException: java.io.IOException: 파이프가 닫히는 중입니다
	at org.eclipse.lsp4j.jsonrpc.json.StreamMessageConsumer.consume(StreamMessageConsumer.java:72)
	at org.eclipse.lsp4e.LanguageServerWrapper.lambda$3(LanguageServerWrapper.java:413)
	at org.eclipse.lsp4j.jsonrpc.RemoteEndpoint.request(RemoteEndpoint.java:171)
	at org.eclipse.lsp4j.jsonrpc.services.EndpointProxy.invoke(EndpointProxy.java:91)
	at jdk.proxy15/jdk.proxy15.$Proxy38.codeLens(Unknown Source)
	at org.eclipse.lsp4e.operations.codelens.CodeLensProvider.lambda$1(CodeLensProvider.java:40)
	... 7 more
Caused by: java.io.IOException: 파이프가 닫히는 중입니다
	at java.base/java.io.FileOutputStream.writeBytes(Native Method)
	at java.base/java.io.FileOutputStream.write(FileOutputStream.java:400)
	at java.base/java.lang.Process$PipeOutputStream.write(Process.java:907)
	at java.base/java.io.BufferedOutputStream.flushBuffer(BufferedOutputStream.java:125)
	at java.base/java.io.BufferedOutputStream.implWrite(BufferedOutputStream.java:222)
	at java.base/java.io.BufferedOutputStream.write(BufferedOutputStream.java:200)
	at java.base/java.io.FilterOutputStream.write(FilterOutputStream.java:110)
	at org.eclipse.lsp4j.jsonrpc.json.StreamMessageConsumer.consume(StreamMessageConsumer.java:67)
	... 12 more

!ENTRY org.eclipse.lsp4e 4 0 2025-09-16 14:54:47.160
!MESSAGE java.io.IOException: 파이프가 닫히는 중입니다
!STACK 0
org.eclipse.lsp4j.jsonrpc.JsonRpcException: java.io.IOException: 파이프가 닫히는 중입니다
	at org.eclipse.lsp4j.jsonrpc.json.StreamMessageConsumer.consume(StreamMessageConsumer.java:72)
	at org.eclipse.lsp4e.LanguageServerWrapper.lambda$3(LanguageServerWrapper.java:413)
	at org.eclipse.lsp4j.jsonrpc.RemoteEndpoint.request(RemoteEndpoint.java:171)
	at org.eclipse.lsp4j.jsonrpc.services.EndpointProxy.invoke(EndpointProxy.java:91)
	at jdk.proxy15/jdk.proxy15.$Proxy38.inlayHint(Unknown Source)
	at org.eclipse.lsp4e.operations.inlayhint.InlayHintProvider.lambda$1(InlayHintProvider.java:55)
	at org.eclipse.lsp4e.LanguageServers.lambda$24(LanguageServers.java:445)
	at org.eclipse.lsp4e.LanguageServerWrapper.lambda$17(LanguageServerWrapper.java:976)
	at java.base/java.util.concurrent.CompletableFuture$UniCompose.tryFire(CompletableFuture.java:1194)
	at java.base/java.util.concurrent.CompletableFuture$Completion.run(CompletableFuture.java:526)
	at java.base/java.util.concurrent.ThreadPoolExecutor.runWorker(ThreadPoolExecutor.java:1144)
	at java.base/java.util.concurrent.ThreadPoolExecutor$Worker.run(ThreadPoolExecutor.java:642)
	at java.base/java.lang.Thread.run(Thread.java:1575)
Caused by: java.io.IOException: 파이프가 닫히는 중입니다
	at java.base/java.io.FileOutputStream.writeBytes(Native Method)
	at java.base/java.io.FileOutputStream.write(FileOutputStream.java:400)
	at java.base/java.lang.Process$PipeOutputStream.write(Process.java:907)
	at java.base/java.io.BufferedOutputStream.flushBuffer(BufferedOutputStream.java:125)
	at java.base/java.io.BufferedOutputStream.implWrite(BufferedOutputStream.java:222)
	at java.base/java.io.BufferedOutputStream.write(BufferedOutputStream.java:200)
	at java.base/java.io.FilterOutputStream.write(FilterOutputStream.java:110)
	at org.eclipse.lsp4j.jsonrpc.json.StreamMessageConsumer.consume(StreamMessageConsumer.java:67)
	... 12 more

!ENTRY org.eclipse.jface.text 4 0 2025-09-16 14:54:47.160
!MESSAGE org.eclipse.lsp4j.jsonrpc.JsonRpcException: java.io.IOException: 파이프가 닫히는 중입니다
!STACK 0
java.util.concurrent.CompletionException: org.eclipse.lsp4j.jsonrpc.JsonRpcException: java.io.IOException: 파이프가 닫히는 중입니다
	at java.base/java.util.concurrent.CompletableFuture.wrapInCompletionException(CompletableFuture.java:323)
	at java.base/java.util.concurrent.CompletableFuture.encodeThrowable(CompletableFuture.java:376)
	at java.base/java.util.concurrent.CompletableFuture.uniApplyNow(CompletableFuture.java:718)
	at java.base/java.util.concurrent.CompletableFuture.uniApplyStage(CompletableFuture.java:706)
	at java.base/java.util.concurrent.CompletableFuture.thenApply(CompletableFuture.java:2244)
	at org.eclipse.lsp4e.operations.codelens.CodeLensProvider.lambda$1(CodeLensProvider.java:41)
	at org.eclipse.lsp4e.LanguageServers.lambda$24(LanguageServers.java:445)
	at org.eclipse.lsp4e.LanguageServerWrapper.lambda$17(LanguageServerWrapper.java:976)
	at java.base/java.util.concurrent.CompletableFuture$UniCompose.tryFire(CompletableFuture.java:1194)
	at java.base/java.util.concurrent.CompletableFuture$Completion.run(CompletableFuture.java:526)
	at java.base/java.util.concurrent.ThreadPoolExecutor.runWorker(ThreadPoolExecutor.java:1144)
	at java.base/java.util.concurrent.ThreadPoolExecutor$Worker.run(ThreadPoolExecutor.java:642)
	at java.base/java.lang.Thread.run(Thread.java:1575)
Caused by: org.eclipse.lsp4j.jsonrpc.JsonRpcException: java.io.IOException: 파이프가 닫히는 중입니다
	at org.eclipse.lsp4j.jsonrpc.json.StreamMessageConsumer.consume(StreamMessageConsumer.java:72)
	at org.eclipse.lsp4e.LanguageServerWrapper.lambda$3(LanguageServerWrapper.java:413)
	at org.eclipse.lsp4j.jsonrpc.RemoteEndpoint.request(RemoteEndpoint.java:171)
	at org.eclipse.lsp4j.jsonrpc.services.EndpointProxy.invoke(EndpointProxy.java:91)
	at jdk.proxy15/jdk.proxy15.$Proxy38.codeLens(Unknown Source)
	at org.eclipse.lsp4e.operations.codelens.CodeLensProvider.lambda$1(CodeLensProvider.java:40)
	... 7 more
Caused by: java.io.IOException: 파이프가 닫히는 중입니다
	at java.base/java.io.FileOutputStream.writeBytes(Native Method)
	at java.base/java.io.FileOutputStream.write(FileOutputStream.java:400)
	at java.base/java.lang.Process$PipeOutputStream.write(Process.java:907)
	at java.base/java.io.BufferedOutputStream.flushBuffer(BufferedOutputStream.java:125)
	at java.base/java.io.BufferedOutputStream.implWrite(BufferedOutputStream.java:222)
	at java.base/java.io.BufferedOutputStream.write(BufferedOutputStream.java:200)
	at java.base/java.io.FilterOutputStream.write(FilterOutputStream.java:110)
	at org.eclipse.lsp4j.jsonrpc.json.StreamMessageConsumer.consume(StreamMessageConsumer.java:67)
	... 12 more

!ENTRY org.eclipse.lsp4e 4 0 2025-09-16 14:54:47.161
!MESSAGE java.io.IOException: 파이프가 닫히는 중입니다
!STACK 0
org.eclipse.lsp4j.jsonrpc.JsonRpcException: java.io.IOException: 파이프가 닫히는 중입니다
	at org.eclipse.lsp4j.jsonrpc.json.StreamMessageConsumer.consume(StreamMessageConsumer.java:72)
	at org.eclipse.lsp4e.LanguageServerWrapper.lambda$3(LanguageServerWrapper.java:413)
	at org.eclipse.lsp4j.jsonrpc.RemoteEndpoint.request(RemoteEndpoint.java:171)
	at org.eclipse.lsp4j.jsonrpc.services.EndpointProxy.invoke(EndpointProxy.java:91)
	at jdk.proxy15/jdk.proxy15.$Proxy38.inlayHint(Unknown Source)
	at org.eclipse.lsp4e.operations.inlayhint.InlayHintProvider.lambda$1(InlayHintProvider.java:55)
	at org.eclipse.lsp4e.LanguageServers.lambda$24(LanguageServers.java:445)
	at org.eclipse.lsp4e.LanguageServerWrapper.lambda$17(LanguageServerWrapper.java:976)
	at java.base/java.util.concurrent.CompletableFuture$UniCompose.tryFire(CompletableFuture.java:1194)
	at java.base/java.util.concurrent.CompletableFuture$Completion.run(CompletableFuture.java:526)
	at java.base/java.util.concurrent.ThreadPoolExecutor.runWorker(ThreadPoolExecutor.java:1144)
	at java.base/java.util.concurrent.ThreadPoolExecutor$Worker.run(ThreadPoolExecutor.java:642)
	at java.base/java.lang.Thread.run(Thread.java:1575)
Caused by: java.io.IOException: 파이프가 닫히는 중입니다
	at java.base/java.io.FileOutputStream.writeBytes(Native Method)
	at java.base/java.io.FileOutputStream.write(FileOutputStream.java:400)
	at java.base/java.lang.Process$PipeOutputStream.write(Process.java:907)
	at java.base/java.io.BufferedOutputStream.flushBuffer(BufferedOutputStream.java:125)
	at java.base/java.io.BufferedOutputStream.implWrite(BufferedOutputStream.java:222)
	at java.base/java.io.BufferedOutputStream.write(BufferedOutputStream.java:200)
	at java.base/java.io.FilterOutputStream.write(FilterOutputStream.java:110)
	at org.eclipse.lsp4j.jsonrpc.json.StreamMessageConsumer.consume(StreamMessageConsumer.java:67)
	... 12 more

!ENTRY org.eclipse.jface.text 4 0 2025-09-16 14:54:47.161
!MESSAGE org.eclipse.lsp4j.jsonrpc.JsonRpcException: java.io.IOException: 파이프가 닫히는 중입니다
!STACK 0
java.util.concurrent.CompletionException: org.eclipse.lsp4j.jsonrpc.JsonRpcException: java.io.IOException: 파이프가 닫히는 중입니다
	at java.base/java.util.concurrent.CompletableFuture.wrapInCompletionException(CompletableFuture.java:323)
	at java.base/java.util.concurrent.CompletableFuture.encodeThrowable(CompletableFuture.java:376)
	at java.base/java.util.concurrent.CompletableFuture.uniApplyNow(CompletableFuture.java:718)
	at java.base/java.util.concurrent.CompletableFuture.uniApplyStage(CompletableFuture.java:706)
	at java.base/java.util.concurrent.CompletableFuture.thenApply(CompletableFuture.java:2244)
	at org.eclipse.lsp4e.operations.codelens.CodeLensProvider.lambda$1(CodeLensProvider.java:41)
	at org.eclipse.lsp4e.LanguageServers.lambda$24(LanguageServers.java:445)
	at org.eclipse.lsp4e.LanguageServerWrapper.lambda$17(LanguageServerWrapper.java:976)
	at java.base/java.util.concurrent.CompletableFuture$UniCompose.tryFire(CompletableFuture.java:1194)
	at java.base/java.util.concurrent.CompletableFuture$Completion.run(CompletableFuture.java:526)
	at java.base/java.util.concurrent.ThreadPoolExecutor.runWorker(ThreadPoolExecutor.java:1144)
	at java.base/java.util.concurrent.ThreadPoolExecutor$Worker.run(ThreadPoolExecutor.java:642)
	at java.base/java.lang.Thread.run(Thread.java:1575)
Caused by: org.eclipse.lsp4j.jsonrpc.JsonRpcException: java.io.IOException: 파이프가 닫히는 중입니다
	at org.eclipse.lsp4j.jsonrpc.json.StreamMessageConsumer.consume(StreamMessageConsumer.java:72)
	at org.eclipse.lsp4e.LanguageServerWrapper.lambda$3(LanguageServerWrapper.java:413)
	at org.eclipse.lsp4j.jsonrpc.RemoteEndpoint.request(RemoteEndpoint.java:171)
	at org.eclipse.lsp4j.jsonrpc.services.EndpointProxy.invoke(EndpointProxy.java:91)
	at jdk.proxy15/jdk.proxy15.$Proxy38.codeLens(Unknown Source)
	at org.eclipse.lsp4e.operations.codelens.CodeLensProvider.lambda$1(CodeLensProvider.java:40)
	... 7 more
Caused by: java.io.IOException: 파이프가 닫히는 중입니다
	at java.base/java.io.FileOutputStream.writeBytes(Native Method)
	at java.base/java.io.FileOutputStream.write(FileOutputStream.java:400)
	at java.base/java.lang.Process$PipeOutputStream.write(Process.java:907)
	at java.base/java.io.BufferedOutputStream.flushBuffer(BufferedOutputStream.java:125)
	at java.base/java.io.BufferedOutputStream.implWrite(BufferedOutputStream.java:222)
	at java.base/java.io.BufferedOutputStream.write(BufferedOutputStream.java:200)
	at java.base/java.io.FilterOutputStream.write(FilterOutputStream.java:110)
	at org.eclipse.lsp4j.jsonrpc.json.StreamMessageConsumer.consume(StreamMessageConsumer.java:67)
	... 12 more

!ENTRY org.eclipse.lsp4e 4 0 2025-09-16 14:54:47.161
!MESSAGE java.io.IOException: 파이프가 닫히는 중입니다
!STACK 0
org.eclipse.lsp4j.jsonrpc.JsonRpcException: java.io.IOException: 파이프가 닫히는 중입니다
	at org.eclipse.lsp4j.jsonrpc.json.StreamMessageConsumer.consume(StreamMessageConsumer.java:72)
	at org.eclipse.lsp4e.LanguageServerWrapper.lambda$3(LanguageServerWrapper.java:413)
	at org.eclipse.lsp4j.jsonrpc.RemoteEndpoint.request(RemoteEndpoint.java:171)
	at org.eclipse.lsp4j.jsonrpc.services.EndpointProxy.invoke(EndpointProxy.java:91)
	at jdk.proxy15/jdk.proxy15.$Proxy38.inlayHint(Unknown Source)
	at org.eclipse.lsp4e.operations.inlayhint.InlayHintProvider.lambda$1(InlayHintProvider.java:55)
	at org.eclipse.lsp4e.LanguageServers.lambda$24(LanguageServers.java:445)
	at org.eclipse.lsp4e.LanguageServerWrapper.lambda$17(LanguageServerWrapper.java:976)
	at java.base/java.util.concurrent.CompletableFuture$UniCompose.tryFire(CompletableFuture.java:1194)
	at java.base/java.util.concurrent.CompletableFuture$Completion.run(CompletableFuture.java:526)
	at java.base/java.util.concurrent.ThreadPoolExecutor.runWorker(ThreadPoolExecutor.java:1144)
	at java.base/java.util.concurrent.ThreadPoolExecutor$Worker.run(ThreadPoolExecutor.java:642)
	at java.base/java.lang.Thread.run(Thread.java:1575)
Caused by: java.io.IOException: 파이프가 닫히는 중입니다
	at java.base/java.io.FileOutputStream.writeBytes(Native Method)
	at java.base/java.io.FileOutputStream.write(FileOutputStream.java:400)
	at java.base/java.lang.Process$PipeOutputStream.write(Process.java:907)
	at java.base/java.io.BufferedOutputStream.flushBuffer(BufferedOutputStream.java:125)
	at java.base/java.io.BufferedOutputStream.implWrite(BufferedOutputStream.java:222)
	at java.base/java.io.BufferedOutputStream.write(BufferedOutputStream.java:200)
	at java.base/java.io.FilterOutputStream.write(FilterOutputStream.java:110)
	at org.eclipse.lsp4j.jsonrpc.json.StreamMessageConsumer.consume(StreamMessageConsumer.java:67)
	... 12 more

!ENTRY org.eclipse.jface.text 4 0 2025-09-16 14:54:47.162
!MESSAGE org.eclipse.lsp4j.jsonrpc.JsonRpcException: java.io.IOException: 파이프가 닫히는 중입니다
!STACK 0
java.util.concurrent.CompletionException: org.eclipse.lsp4j.jsonrpc.JsonRpcException: java.io.IOException: 파이프가 닫히는 중입니다
	at java.base/java.util.concurrent.CompletableFuture.wrapInCompletionException(CompletableFuture.java:323)
	at java.base/java.util.concurrent.CompletableFuture.encodeThrowable(CompletableFuture.java:376)
	at java.base/java.util.concurrent.CompletableFuture.uniApplyNow(CompletableFuture.java:718)
	at java.base/java.util.concurrent.CompletableFuture.uniApplyStage(CompletableFuture.java:706)
	at java.base/java.util.concurrent.CompletableFuture.thenApply(CompletableFuture.java:2244)
	at org.eclipse.lsp4e.operations.codelens.CodeLensProvider.lambda$1(CodeLensProvider.java:41)
	at org.eclipse.lsp4e.LanguageServers.lambda$24(LanguageServers.java:445)
	at org.eclipse.lsp4e.LanguageServerWrapper.lambda$17(LanguageServerWrapper.java:976)
	at java.base/java.util.concurrent.CompletableFuture$UniCompose.tryFire(CompletableFuture.java:1194)
	at java.base/java.util.concurrent.CompletableFuture$Completion.run(CompletableFuture.java:526)
	at java.base/java.util.concurrent.ThreadPoolExecutor.runWorker(ThreadPoolExecutor.java:1144)
	at java.base/java.util.concurrent.ThreadPoolExecutor$Worker.run(ThreadPoolExecutor.java:642)
	at java.base/java.lang.Thread.run(Thread.java:1575)
Caused by: org.eclipse.lsp4j.jsonrpc.JsonRpcException: java.io.IOException: 파이프가 닫히는 중입니다
	at org.eclipse.lsp4j.jsonrpc.json.StreamMessageConsumer.consume(StreamMessageConsumer.java:72)
	at org.eclipse.lsp4e.LanguageServerWrapper.lambda$3(LanguageServerWrapper.java:413)
	at org.eclipse.lsp4j.jsonrpc.RemoteEndpoint.request(RemoteEndpoint.java:171)
	at org.eclipse.lsp4j.jsonrpc.services.EndpointProxy.invoke(EndpointProxy.java:91)
	at jdk.proxy15/jdk.proxy15.$Proxy38.codeLens(Unknown Source)
	at org.eclipse.lsp4e.operations.codelens.CodeLensProvider.lambda$1(CodeLensProvider.java:40)
	... 7 more
Caused by: java.io.IOException: 파이프가 닫히는 중입니다
	at java.base/java.io.FileOutputStream.writeBytes(Native Method)
	at java.base/java.io.FileOutputStream.write(FileOutputStream.java:400)
	at java.base/java.lang.Process$PipeOutputStream.write(Process.java:907)
	at java.base/java.io.BufferedOutputStream.flushBuffer(BufferedOutputStream.java:125)
	at java.base/java.io.BufferedOutputStream.implWrite(BufferedOutputStream.java:222)
	at java.base/java.io.BufferedOutputStream.write(BufferedOutputStream.java:200)
	at java.base/java.io.FilterOutputStream.write(FilterOutputStream.java:110)
	at org.eclipse.lsp4j.jsonrpc.json.StreamMessageConsumer.consume(StreamMessageConsumer.java:67)
	... 12 more

!ENTRY org.eclipse.lsp4e 4 0 2025-09-16 14:54:47.162
!MESSAGE java.io.IOException: 파이프가 닫히는 중입니다
!STACK 0
org.eclipse.lsp4j.jsonrpc.JsonRpcException: java.io.IOException: 파이프가 닫히는 중입니다
	at org.eclipse.lsp4j.jsonrpc.json.StreamMessageConsumer.consume(StreamMessageConsumer.java:72)
	at org.eclipse.lsp4e.LanguageServerWrapper.lambda$3(LanguageServerWrapper.java:413)
	at org.eclipse.lsp4j.jsonrpc.RemoteEndpoint.request(RemoteEndpoint.java:171)
	at org.eclipse.lsp4j.jsonrpc.services.EndpointProxy.invoke(EndpointProxy.java:91)
	at jdk.proxy15/jdk.proxy15.$Proxy38.inlayHint(Unknown Source)
	at org.eclipse.lsp4e.operations.inlayhint.InlayHintProvider.lambda$1(InlayHintProvider.java:55)
	at org.eclipse.lsp4e.LanguageServers.lambda$24(LanguageServers.java:445)
	at org.eclipse.lsp4e.LanguageServerWrapper.lambda$17(LanguageServerWrapper.java:976)
	at java.base/java.util.concurrent.CompletableFuture$UniCompose.tryFire(CompletableFuture.java:1194)
	at java.base/java.util.concurrent.CompletableFuture$Completion.run(CompletableFuture.java:526)
	at java.base/java.util.concurrent.ThreadPoolExecutor.runWorker(ThreadPoolExecutor.java:1144)
	at java.base/java.util.concurrent.ThreadPoolExecutor$Worker.run(ThreadPoolExecutor.java:642)
	at java.base/java.lang.Thread.run(Thread.java:1575)
Caused by: java.io.IOException: 파이프가 닫히는 중입니다
	at java.base/java.io.FileOutputStream.writeBytes(Native Method)
	at java.base/java.io.FileOutputStream.write(FileOutputStream.java:400)
	at java.base/java.lang.Process$PipeOutputStream.write(Process.java:907)
	at java.base/java.io.BufferedOutputStream.flushBuffer(BufferedOutputStream.java:125)
	at java.base/java.io.BufferedOutputStream.implWrite(BufferedOutputStream.java:222)
	at java.base/java.io.BufferedOutputStream.write(BufferedOutputStream.java:200)
	at java.base/java.io.FilterOutputStream.write(FilterOutputStream.java:110)
	at org.eclipse.lsp4j.jsonrpc.json.StreamMessageConsumer.consume(StreamMessageConsumer.java:67)
	... 12 more

!ENTRY org.eclipse.jface.text 4 0 2025-09-16 14:54:47.162
!MESSAGE org.eclipse.lsp4j.jsonrpc.JsonRpcException: java.io.IOException: 파이프가 닫히는 중입니다
!STACK 0
java.util.concurrent.CompletionException: org.eclipse.lsp4j.jsonrpc.JsonRpcException: java.io.IOException: 파이프가 닫히는 중입니다
	at java.base/java.util.concurrent.CompletableFuture.wrapInCompletionException(CompletableFuture.java:323)
	at java.base/java.util.concurrent.CompletableFuture.encodeThrowable(CompletableFuture.java:376)
	at java.base/java.util.concurrent.CompletableFuture.uniApplyNow(CompletableFuture.java:718)
	at java.base/java.util.concurrent.CompletableFuture.uniApplyStage(CompletableFuture.java:706)
	at java.base/java.util.concurrent.CompletableFuture.thenApply(CompletableFuture.java:2244)
	at org.eclipse.lsp4e.operations.codelens.CodeLensProvider.lambda$1(CodeLensProvider.java:41)
	at org.eclipse.lsp4e.LanguageServers.lambda$24(LanguageServers.java:445)
	at org.eclipse.lsp4e.LanguageServerWrapper.lambda$17(LanguageServerWrapper.java:976)
	at java.base/java.util.concurrent.CompletableFuture$UniCompose.tryFire(CompletableFuture.java:1194)
	at java.base/java.util.concurrent.CompletableFuture$Completion.run(CompletableFuture.java:526)
	at java.base/java.util.concurrent.ThreadPoolExecutor.runWorker(ThreadPoolExecutor.java:1144)
	at java.base/java.util.concurrent.ThreadPoolExecutor$Worker.run(ThreadPoolExecutor.java:642)
	at java.base/java.lang.Thread.run(Thread.java:1575)
Caused by: org.eclipse.lsp4j.jsonrpc.JsonRpcException: java.io.IOException: 파이프가 닫히는 중입니다
	at org.eclipse.lsp4j.jsonrpc.json.StreamMessageConsumer.consume(StreamMessageConsumer.java:72)
	at org.eclipse.lsp4e.LanguageServerWrapper.lambda$3(LanguageServerWrapper.java:413)
	at org.eclipse.lsp4j.jsonrpc.RemoteEndpoint.request(RemoteEndpoint.java:171)
	at org.eclipse.lsp4j.jsonrpc.services.EndpointProxy.invoke(EndpointProxy.java:91)
	at jdk.proxy15/jdk.proxy15.$Proxy38.codeLens(Unknown Source)
	at org.eclipse.lsp4e.operations.codelens.CodeLensProvider.lambda$1(CodeLensProvider.java:40)
	... 7 more
Caused by: java.io.IOException: 파이프가 닫히는 중입니다
	at java.base/java.io.FileOutputStream.writeBytes(Native Method)
	at java.base/java.io.FileOutputStream.write(FileOutputStream.java:400)
	at java.base/java.lang.Process$PipeOutputStream.write(Process.java:907)
	at java.base/java.io.BufferedOutputStream.flushBuffer(BufferedOutputStream.java:125)
	at java.base/java.io.BufferedOutputStream.implWrite(BufferedOutputStream.java:222)
	at java.base/java.io.BufferedOutputStream.write(BufferedOutputStream.java:200)
	at java.base/java.io.FilterOutputStream.write(FilterOutputStream.java:110)
	at org.eclipse.lsp4j.jsonrpc.json.StreamMessageConsumer.consume(StreamMessageConsumer.java:67)
	... 12 more

!ENTRY org.eclipse.lsp4e 4 0 2025-09-16 14:54:47.162
!MESSAGE java.io.IOException: 파이프가 닫히는 중입니다
!STACK 0
org.eclipse.lsp4j.jsonrpc.JsonRpcException: java.io.IOException: 파이프가 닫히는 중입니다
	at org.eclipse.lsp4j.jsonrpc.json.StreamMessageConsumer.consume(StreamMessageConsumer.java:72)
	at org.eclipse.lsp4e.LanguageServerWrapper.lambda$3(LanguageServerWrapper.java:413)
	at org.eclipse.lsp4j.jsonrpc.RemoteEndpoint.request(RemoteEndpoint.java:171)
	at org.eclipse.lsp4j.jsonrpc.services.EndpointProxy.invoke(EndpointProxy.java:91)
	at jdk.proxy15/jdk.proxy15.$Proxy38.inlayHint(Unknown Source)
	at org.eclipse.lsp4e.operations.inlayhint.InlayHintProvider.lambda$1(InlayHintProvider.java:55)
	at org.eclipse.lsp4e.LanguageServers.lambda$24(LanguageServers.java:445)
	at org.eclipse.lsp4e.LanguageServerWrapper.lambda$17(LanguageServerWrapper.java:976)
	at java.base/java.util.concurrent.CompletableFuture$UniCompose.tryFire(CompletableFuture.java:1194)
	at java.base/java.util.concurrent.CompletableFuture$Completion.run(CompletableFuture.java:526)
	at java.base/java.util.concurrent.ThreadPoolExecutor.runWorker(ThreadPoolExecutor.java:1144)
	at java.base/java.util.concurrent.ThreadPoolExecutor$Worker.run(ThreadPoolExecutor.java:642)
	at java.base/java.lang.Thread.run(Thread.java:1575)
Caused by: java.io.IOException: 파이프가 닫히는 중입니다
	at java.base/java.io.FileOutputStream.writeBytes(Native Method)
	at java.base/java.io.FileOutputStream.write(FileOutputStream.java:400)
	at java.base/java.lang.Process$PipeOutputStream.write(Process.java:907)
	at java.base/java.io.BufferedOutputStream.flushBuffer(BufferedOutputStream.java:125)
	at java.base/java.io.BufferedOutputStream.implWrite(BufferedOutputStream.java:222)
	at java.base/java.io.BufferedOutputStream.write(BufferedOutputStream.java:200)
	at java.base/java.io.FilterOutputStream.write(FilterOutputStream.java:110)
	at org.eclipse.lsp4j.jsonrpc.json.StreamMessageConsumer.consume(StreamMessageConsumer.java:67)
	... 12 more

!ENTRY org.eclipse.jface.text 4 0 2025-09-16 14:54:47.163
!MESSAGE org.eclipse.lsp4j.jsonrpc.JsonRpcException: java.io.IOException: 파이프가 닫히는 중입니다
!STACK 0
java.util.concurrent.CompletionException: org.eclipse.lsp4j.jsonrpc.JsonRpcException: java.io.IOException: 파이프가 닫히는 중입니다
	at java.base/java.util.concurrent.CompletableFuture.wrapInCompletionException(CompletableFuture.java:323)
	at java.base/java.util.concurrent.CompletableFuture.encodeThrowable(CompletableFuture.java:376)
	at java.base/java.util.concurrent.CompletableFuture.uniApplyNow(CompletableFuture.java:718)
	at java.base/java.util.concurrent.CompletableFuture.uniApplyStage(CompletableFuture.java:706)
	at java.base/java.util.concurrent.CompletableFuture.thenApply(CompletableFuture.java:2244)
	at org.eclipse.lsp4e.operations.codelens.CodeLensProvider.lambda$1(CodeLensProvider.java:41)
	at org.eclipse.lsp4e.LanguageServers.lambda$24(LanguageServers.java:445)
	at org.eclipse.lsp4e.LanguageServerWrapper.lambda$17(LanguageServerWrapper.java:976)
	at java.base/java.util.concurrent.CompletableFuture$UniCompose.tryFire(CompletableFuture.java:1194)
	at java.base/java.util.concurrent.CompletableFuture$Completion.run(CompletableFuture.java:526)
	at java.base/java.util.concurrent.ThreadPoolExecutor.runWorker(ThreadPoolExecutor.java:1144)
	at java.base/java.util.concurrent.ThreadPoolExecutor$Worker.run(ThreadPoolExecutor.java:642)
	at java.base/java.lang.Thread.run(Thread.java:1575)
Caused by: org.eclipse.lsp4j.jsonrpc.JsonRpcException: java.io.IOException: 파이프가 닫히는 중입니다
	at org.eclipse.lsp4j.jsonrpc.json.StreamMessageConsumer.consume(StreamMessageConsumer.java:72)
	at org.eclipse.lsp4e.LanguageServerWrapper.lambda$3(LanguageServerWrapper.java:413)
	at org.eclipse.lsp4j.jsonrpc.RemoteEndpoint.request(RemoteEndpoint.java:171)
	at org.eclipse.lsp4j.jsonrpc.services.EndpointProxy.invoke(EndpointProxy.java:91)
	at jdk.proxy15/jdk.proxy15.$Proxy38.codeLens(Unknown Source)
	at org.eclipse.lsp4e.operations.codelens.CodeLensProvider.lambda$1(CodeLensProvider.java:40)
	... 7 more
Caused by: java.io.IOException: 파이프가 닫히는 중입니다
	at java.base/java.io.FileOutputStream.writeBytes(Native Method)
	at java.base/java.io.FileOutputStream.write(FileOutputStream.java:400)
	at java.base/java.lang.Process$PipeOutputStream.write(Process.java:907)
	at java.base/java.io.BufferedOutputStream.flushBuffer(BufferedOutputStream.java:125)
	at java.base/java.io.BufferedOutputStream.implWrite(BufferedOutputStream.java:222)
	at java.base/java.io.BufferedOutputStream.write(BufferedOutputStream.java:200)
	at java.base/java.io.FilterOutputStream.write(FilterOutputStream.java:110)
	at org.eclipse.lsp4j.jsonrpc.json.StreamMessageConsumer.consume(StreamMessageConsumer.java:67)
	... 12 more

!ENTRY org.eclipse.lsp4e 4 0 2025-09-16 14:54:47.163
!MESSAGE java.io.IOException: 파이프가 닫히는 중입니다
!STACK 0
org.eclipse.lsp4j.jsonrpc.JsonRpcException: java.io.IOException: 파이프가 닫히는 중입니다
	at org.eclipse.lsp4j.jsonrpc.json.StreamMessageConsumer.consume(StreamMessageConsumer.java:72)
	at org.eclipse.lsp4e.LanguageServerWrapper.lambda$3(LanguageServerWrapper.java:413)
	at org.eclipse.lsp4j.jsonrpc.RemoteEndpoint.request(RemoteEndpoint.java:171)
	at org.eclipse.lsp4j.jsonrpc.services.EndpointProxy.invoke(EndpointProxy.java:91)
	at jdk.proxy15/jdk.proxy15.$Proxy38.inlayHint(Unknown Source)
	at org.eclipse.lsp4e.operations.inlayhint.InlayHintProvider.lambda$1(InlayHintProvider.java:55)
	at org.eclipse.lsp4e.LanguageServers.lambda$24(LanguageServers.java:445)
	at org.eclipse.lsp4e.LanguageServerWrapper.lambda$17(LanguageServerWrapper.java:976)
	at java.base/java.util.concurrent.CompletableFuture$UniCompose.tryFire(CompletableFuture.java:1194)
	at java.base/java.util.concurrent.CompletableFuture$Completion.run(CompletableFuture.java:526)
	at java.base/java.util.concurrent.ThreadPoolExecutor.runWorker(ThreadPoolExecutor.java:1144)
	at java.base/java.util.concurrent.ThreadPoolExecutor$Worker.run(ThreadPoolExecutor.java:642)
	at java.base/java.lang.Thread.run(Thread.java:1575)
Caused by: java.io.IOException: 파이프가 닫히는 중입니다
	at java.base/java.io.FileOutputStream.writeBytes(Native Method)
	at java.base/java.io.FileOutputStream.write(FileOutputStream.java:400)
	at java.base/java.lang.Process$PipeOutputStream.write(Process.java:907)
	at java.base/java.io.BufferedOutputStream.flushBuffer(BufferedOutputStream.java:125)
	at java.base/java.io.BufferedOutputStream.implWrite(BufferedOutputStream.java:222)
	at java.base/java.io.BufferedOutputStream.write(BufferedOutputStream.java:200)
	at java.base/java.io.FilterOutputStream.write(FilterOutputStream.java:110)
	at org.eclipse.lsp4j.jsonrpc.json.StreamMessageConsumer.consume(StreamMessageConsumer.java:67)
	... 12 more

!ENTRY org.eclipse.jface.text 4 0 2025-09-16 14:54:47.163
!MESSAGE org.eclipse.lsp4j.jsonrpc.JsonRpcException: java.io.IOException: 파이프가 닫히는 중입니다
!STACK 0
java.util.concurrent.CompletionException: org.eclipse.lsp4j.jsonrpc.JsonRpcException: java.io.IOException: 파이프가 닫히는 중입니다
	at java.base/java.util.concurrent.CompletableFuture.wrapInCompletionException(CompletableFuture.java:323)
	at java.base/java.util.concurrent.CompletableFuture.encodeThrowable(CompletableFuture.java:376)
	at java.base/java.util.concurrent.CompletableFuture.uniApplyNow(CompletableFuture.java:718)
	at java.base/java.util.concurrent.CompletableFuture.uniApplyStage(CompletableFuture.java:706)
	at java.base/java.util.concurrent.CompletableFuture.thenApply(CompletableFuture.java:2244)
	at org.eclipse.lsp4e.operations.codelens.CodeLensProvider.lambda$1(CodeLensProvider.java:41)
	at org.eclipse.lsp4e.LanguageServers.lambda$24(LanguageServers.java:445)
	at org.eclipse.lsp4e.LanguageServerWrapper.lambda$17(LanguageServerWrapper.java:976)
	at java.base/java.util.concurrent.CompletableFuture$UniCompose.tryFire(CompletableFuture.java:1194)
	at java.base/java.util.concurrent.CompletableFuture$Completion.run(CompletableFuture.java:526)
	at java.base/java.util.concurrent.ThreadPoolExecutor.runWorker(ThreadPoolExecutor.java:1144)
	at java.base/java.util.concurrent.ThreadPoolExecutor$Worker.run(ThreadPoolExecutor.java:642)
	at java.base/java.lang.Thread.run(Thread.java:1575)
Caused by: org.eclipse.lsp4j.jsonrpc.JsonRpcException: java.io.IOException: 파이프가 닫히는 중입니다
	at org.eclipse.lsp4j.jsonrpc.json.StreamMessageConsumer.consume(StreamMessageConsumer.java:72)
	at org.eclipse.lsp4e.LanguageServerWrapper.lambda$3(LanguageServerWrapper.java:413)
	at org.eclipse.lsp4j.jsonrpc.RemoteEndpoint.request(RemoteEndpoint.java:171)
	at org.eclipse.lsp4j.jsonrpc.services.EndpointProxy.invoke(EndpointProxy.java:91)
	at jdk.proxy15/jdk.proxy15.$Proxy38.codeLens(Unknown Source)
	at org.eclipse.lsp4e.operations.codelens.CodeLensProvider.lambda$1(CodeLensProvider.java:40)
	... 7 more
Caused by: java.io.IOException: 파이프가 닫히는 중입니다
	at java.base/java.io.FileOutputStream.writeBytes(Native Method)
	at java.base/java.io.FileOutputStream.write(FileOutputStream.java:400)
	at java.base/java.lang.Process$PipeOutputStream.write(Process.java:907)
	at java.base/java.io.BufferedOutputStream.flushBuffer(BufferedOutputStream.java:125)
	at java.base/java.io.BufferedOutputStream.implWrite(BufferedOutputStream.java:222)
	at java.base/java.io.BufferedOutputStream.write(BufferedOutputStream.java:200)
	at java.base/java.io.FilterOutputStream.write(FilterOutputStream.java:110)
	at org.eclipse.lsp4j.jsonrpc.json.StreamMessageConsumer.consume(StreamMessageConsumer.java:67)
	... 12 more

!ENTRY org.eclipse.lsp4e 4 0 2025-09-16 14:54:47.164
!MESSAGE java.io.IOException: 파이프가 닫히는 중입니다
!STACK 0
org.eclipse.lsp4j.jsonrpc.JsonRpcException: java.io.IOException: 파이프가 닫히는 중입니다
	at org.eclipse.lsp4j.jsonrpc.json.StreamMessageConsumer.consume(StreamMessageConsumer.java:72)
	at org.eclipse.lsp4e.LanguageServerWrapper.lambda$3(LanguageServerWrapper.java:413)
	at org.eclipse.lsp4j.jsonrpc.RemoteEndpoint.request(RemoteEndpoint.java:171)
	at org.eclipse.lsp4j.jsonrpc.services.EndpointProxy.invoke(EndpointProxy.java:91)
	at jdk.proxy15/jdk.proxy15.$Proxy38.inlayHint(Unknown Source)
	at org.eclipse.lsp4e.operations.inlayhint.InlayHintProvider.lambda$1(InlayHintProvider.java:55)
	at org.eclipse.lsp4e.LanguageServers.lambda$24(LanguageServers.java:445)
	at org.eclipse.lsp4e.LanguageServerWrapper.lambda$17(LanguageServerWrapper.java:976)
	at java.base/java.util.concurrent.CompletableFuture$UniCompose.tryFire(CompletableFuture.java:1194)
	at java.base/java.util.concurrent.CompletableFuture$Completion.run(CompletableFuture.java:526)
	at java.base/java.util.concurrent.ThreadPoolExecutor.runWorker(ThreadPoolExecutor.java:1144)
	at java.base/java.util.concurrent.ThreadPoolExecutor$Worker.run(ThreadPoolExecutor.java:642)
	at java.base/java.lang.Thread.run(Thread.java:1575)
Caused by: java.io.IOException: 파이프가 닫히는 중입니다
	at java.base/java.io.FileOutputStream.writeBytes(Native Method)
	at java.base/java.io.FileOutputStream.write(FileOutputStream.java:400)
	at java.base/java.lang.Process$PipeOutputStream.write(Process.java:907)
	at java.base/java.io.BufferedOutputStream.flushBuffer(BufferedOutputStream.java:125)
	at java.base/java.io.BufferedOutputStream.implWrite(BufferedOutputStream.java:222)
	at java.base/java.io.BufferedOutputStream.write(BufferedOutputStream.java:200)
	at java.base/java.io.FilterOutputStream.write(FilterOutputStream.java:110)
	at org.eclipse.lsp4j.jsonrpc.json.StreamMessageConsumer.consume(StreamMessageConsumer.java:67)
	... 12 more

!ENTRY org.eclipse.jface.text 4 0 2025-09-16 14:54:47.164
!MESSAGE org.eclipse.lsp4j.jsonrpc.JsonRpcException: java.io.IOException: 파이프가 닫히는 중입니다
!STACK 0
java.util.concurrent.CompletionException: org.eclipse.lsp4j.jsonrpc.JsonRpcException: java.io.IOException: 파이프가 닫히는 중입니다
	at java.base/java.util.concurrent.CompletableFuture.wrapInCompletionException(CompletableFuture.java:323)
	at java.base/java.util.concurrent.CompletableFuture.encodeThrowable(CompletableFuture.java:376)
	at java.base/java.util.concurrent.CompletableFuture.uniApplyNow(CompletableFuture.java:718)
	at java.base/java.util.concurrent.CompletableFuture.uniApplyStage(CompletableFuture.java:706)
	at java.base/java.util.concurrent.CompletableFuture.thenApply(CompletableFuture.java:2244)
	at org.eclipse.lsp4e.operations.codelens.CodeLensProvider.lambda$1(CodeLensProvider.java:41)
	at org.eclipse.lsp4e.LanguageServers.lambda$24(LanguageServers.java:445)
	at org.eclipse.lsp4e.LanguageServerWrapper.lambda$17(LanguageServerWrapper.java:976)
	at java.base/java.util.concurrent.CompletableFuture$UniCompose.tryFire(CompletableFuture.java:1194)
	at java.base/java.util.concurrent.CompletableFuture$Completion.run(CompletableFuture.java:526)
	at java.base/java.util.concurrent.ThreadPoolExecutor.runWorker(ThreadPoolExecutor.java:1144)
	at java.base/java.util.concurrent.ThreadPoolExecutor$Worker.run(ThreadPoolExecutor.java:642)
	at java.base/java.lang.Thread.run(Thread.java:1575)
Caused by: org.eclipse.lsp4j.jsonrpc.JsonRpcException: java.io.IOException: 파이프가 닫히는 중입니다
	at org.eclipse.lsp4j.jsonrpc.json.StreamMessageConsumer.consume(StreamMessageConsumer.java:72)
	at org.eclipse.lsp4e.LanguageServerWrapper.lambda$3(LanguageServerWrapper.java:413)
	at org.eclipse.lsp4j.jsonrpc.RemoteEndpoint.request(RemoteEndpoint.java:171)
	at org.eclipse.lsp4j.jsonrpc.services.EndpointProxy.invoke(EndpointProxy.java:91)
	at jdk.proxy15/jdk.proxy15.$Proxy38.codeLens(Unknown Source)
	at org.eclipse.lsp4e.operations.codelens.CodeLensProvider.lambda$1(CodeLensProvider.java:40)
	... 7 more
Caused by: java.io.IOException: 파이프가 닫히는 중입니다
	at java.base/java.io.FileOutputStream.writeBytes(Native Method)
	at java.base/java.io.FileOutputStream.write(FileOutputStream.java:400)
	at java.base/java.lang.Process$PipeOutputStream.write(Process.java:907)
	at java.base/java.io.BufferedOutputStream.flushBuffer(BufferedOutputStream.java:125)
	at java.base/java.io.BufferedOutputStream.implWrite(BufferedOutputStream.java:222)
	at java.base/java.io.BufferedOutputStream.write(BufferedOutputStream.java:200)
	at java.base/java.io.FilterOutputStream.write(FilterOutputStream.java:110)
	at org.eclipse.lsp4j.jsonrpc.json.StreamMessageConsumer.consume(StreamMessageConsumer.java:67)
	... 12 more

!ENTRY org.eclipse.lsp4e 4 0 2025-09-16 14:54:47.164
!MESSAGE java.io.IOException: 파이프가 닫히는 중입니다
!STACK 0
org.eclipse.lsp4j.jsonrpc.JsonRpcException: java.io.IOException: 파이프가 닫히는 중입니다
	at org.eclipse.lsp4j.jsonrpc.json.StreamMessageConsumer.consume(StreamMessageConsumer.java:72)
	at org.eclipse.lsp4e.LanguageServerWrapper.lambda$3(LanguageServerWrapper.java:413)
	at org.eclipse.lsp4j.jsonrpc.RemoteEndpoint.request(RemoteEndpoint.java:171)
	at org.eclipse.lsp4j.jsonrpc.services.EndpointProxy.invoke(EndpointProxy.java:91)
	at jdk.proxy15/jdk.proxy15.$Proxy38.inlayHint(Unknown Source)
	at org.eclipse.lsp4e.operations.inlayhint.InlayHintProvider.lambda$1(InlayHintProvider.java:55)
	at org.eclipse.lsp4e.LanguageServers.lambda$24(LanguageServers.java:445)
	at org.eclipse.lsp4e.LanguageServerWrapper.lambda$17(LanguageServerWrapper.java:976)
	at java.base/java.util.concurrent.CompletableFuture$UniCompose.tryFire(CompletableFuture.java:1194)
	at java.base/java.util.concurrent.CompletableFuture$Completion.run(CompletableFuture.java:526)
	at java.base/java.util.concurrent.ThreadPoolExecutor.runWorker(ThreadPoolExecutor.java:1144)
	at java.base/java.util.concurrent.ThreadPoolExecutor$Worker.run(ThreadPoolExecutor.java:642)
	at java.base/java.lang.Thread.run(Thread.java:1575)
Caused by: java.io.IOException: 파이프가 닫히는 중입니다
	at java.base/java.io.FileOutputStream.writeBytes(Native Method)
	at java.base/java.io.FileOutputStream.write(FileOutputStream.java:400)
	at java.base/java.lang.Process$PipeOutputStream.write(Process.java:907)
	at java.base/java.io.BufferedOutputStream.flushBuffer(BufferedOutputStream.java:125)
	at java.base/java.io.BufferedOutputStream.implWrite(BufferedOutputStream.java:222)
	at java.base/java.io.BufferedOutputStream.write(BufferedOutputStream.java:200)
	at java.base/java.io.FilterOutputStream.write(FilterOutputStream.java:110)
	at org.eclipse.lsp4j.jsonrpc.json.StreamMessageConsumer.consume(StreamMessageConsumer.java:67)
	... 12 more

!ENTRY org.eclipse.jface.text 4 0 2025-09-16 14:54:47.165
!MESSAGE org.eclipse.lsp4j.jsonrpc.JsonRpcException: java.io.IOException: 파이프가 닫히는 중입니다
!STACK 0
java.util.concurrent.CompletionException: org.eclipse.lsp4j.jsonrpc.JsonRpcException: java.io.IOException: 파이프가 닫히는 중입니다
	at java.base/java.util.concurrent.CompletableFuture.wrapInCompletionException(CompletableFuture.java:323)
	at java.base/java.util.concurrent.CompletableFuture.encodeThrowable(CompletableFuture.java:376)
	at java.base/java.util.concurrent.CompletableFuture.uniApplyNow(CompletableFuture.java:718)
	at java.base/java.util.concurrent.CompletableFuture.uniApplyStage(CompletableFuture.java:706)
	at java.base/java.util.concurrent.CompletableFuture.thenApply(CompletableFuture.java:2244)
	at org.eclipse.lsp4e.operations.codelens.CodeLensProvider.lambda$1(CodeLensProvider.java:41)
	at org.eclipse.lsp4e.LanguageServers.lambda$24(LanguageServers.java:445)
	at org.eclipse.lsp4e.LanguageServerWrapper.lambda$17(LanguageServerWrapper.java:976)
	at java.base/java.util.concurrent.CompletableFuture$UniCompose.tryFire(CompletableFuture.java:1194)
	at java.base/java.util.concurrent.CompletableFuture$Completion.run(CompletableFuture.java:526)
	at java.base/java.util.concurrent.ThreadPoolExecutor.runWorker(ThreadPoolExecutor.java:1144)
	at java.base/java.util.concurrent.ThreadPoolExecutor$Worker.run(ThreadPoolExecutor.java:642)
	at java.base/java.lang.Thread.run(Thread.java:1575)
Caused by: org.eclipse.lsp4j.jsonrpc.JsonRpcException: java.io.IOException: 파이프가 닫히는 중입니다
	at org.eclipse.lsp4j.jsonrpc.json.StreamMessageConsumer.consume(StreamMessageConsumer.java:72)
	at org.eclipse.lsp4e.LanguageServerWrapper.lambda$3(LanguageServerWrapper.java:413)
	at org.eclipse.lsp4j.jsonrpc.RemoteEndpoint.request(RemoteEndpoint.java:171)
	at org.eclipse.lsp4j.jsonrpc.services.EndpointProxy.invoke(EndpointProxy.java:91)
	at jdk.proxy15/jdk.proxy15.$Proxy38.codeLens(Unknown Source)
	at org.eclipse.lsp4e.operations.codelens.CodeLensProvider.lambda$1(CodeLensProvider.java:40)
	... 7 more
Caused by: java.io.IOException: 파이프가 닫히는 중입니다
	at java.base/java.io.FileOutputStream.writeBytes(Native Method)
	at java.base/java.io.FileOutputStream.write(FileOutputStream.java:400)
	at java.base/java.lang.Process$PipeOutputStream.write(Process.java:907)
	at java.base/java.io.BufferedOutputStream.flushBuffer(BufferedOutputStream.java:125)
	at java.base/java.io.BufferedOutputStream.implWrite(BufferedOutputStream.java:222)
	at java.base/java.io.BufferedOutputStream.write(BufferedOutputStream.java:200)
	at java.base/java.io.FilterOutputStream.write(FilterOutputStream.java:110)
	at org.eclipse.lsp4j.jsonrpc.json.StreamMessageConsumer.consume(StreamMessageConsumer.java:67)
	... 12 more

!ENTRY org.eclipse.lsp4e 4 0 2025-09-16 14:54:47.165
!MESSAGE java.io.IOException: 파이프가 닫히는 중입니다
!STACK 0
org.eclipse.lsp4j.jsonrpc.JsonRpcException: java.io.IOException: 파이프가 닫히는 중입니다
	at org.eclipse.lsp4j.jsonrpc.json.StreamMessageConsumer.consume(StreamMessageConsumer.java:72)
	at org.eclipse.lsp4e.LanguageServerWrapper.lambda$3(LanguageServerWrapper.java:413)
	at org.eclipse.lsp4j.jsonrpc.RemoteEndpoint.request(RemoteEndpoint.java:171)
	at org.eclipse.lsp4j.jsonrpc.services.EndpointProxy.invoke(EndpointProxy.java:91)
	at jdk.proxy15/jdk.proxy15.$Proxy38.inlayHint(Unknown Source)
	at org.eclipse.lsp4e.operations.inlayhint.InlayHintProvider.lambda$1(InlayHintProvider.java:55)
	at org.eclipse.lsp4e.LanguageServers.lambda$24(LanguageServers.java:445)
	at org.eclipse.lsp4e.LanguageServerWrapper.lambda$17(LanguageServerWrapper.java:976)
	at java.base/java.util.concurrent.CompletableFuture$UniCompose.tryFire(CompletableFuture.java:1194)
	at java.base/java.util.concurrent.CompletableFuture$Completion.run(CompletableFuture.java:526)
	at java.base/java.util.concurrent.ThreadPoolExecutor.runWorker(ThreadPoolExecutor.java:1144)
	at java.base/java.util.concurrent.ThreadPoolExecutor$Worker.run(ThreadPoolExecutor.java:642)
	at java.base/java.lang.Thread.run(Thread.java:1575)
Caused by: java.io.IOException: 파이프가 닫히는 중입니다
	at java.base/java.io.FileOutputStream.writeBytes(Native Method)
	at java.base/java.io.FileOutputStream.write(FileOutputStream.java:400)
	at java.base/java.lang.Process$PipeOutputStream.write(Process.java:907)
	at java.base/java.io.BufferedOutputStream.flushBuffer(BufferedOutputStream.java:125)
	at java.base/java.io.BufferedOutputStream.implWrite(BufferedOutputStream.java:222)
	at java.base/java.io.BufferedOutputStream.write(BufferedOutputStream.java:200)
	at java.base/java.io.FilterOutputStream.write(FilterOutputStream.java:110)
	at org.eclipse.lsp4j.jsonrpc.json.StreamMessageConsumer.consume(StreamMessageConsumer.java:67)
	... 12 more

!ENTRY org.eclipse.jface.text 4 0 2025-09-16 14:54:47.165
!MESSAGE org.eclipse.lsp4j.jsonrpc.JsonRpcException: java.io.IOException: 파이프가 닫히는 중입니다
!STACK 0
java.util.concurrent.CompletionException: org.eclipse.lsp4j.jsonrpc.JsonRpcException: java.io.IOException: 파이프가 닫히는 중입니다
	at java.base/java.util.concurrent.CompletableFuture.wrapInCompletionException(CompletableFuture.java:323)
	at java.base/java.util.concurrent.CompletableFuture.encodeThrowable(CompletableFuture.java:376)
	at java.base/java.util.concurrent.CompletableFuture.uniApplyNow(CompletableFuture.java:718)
	at java.base/java.util.concurrent.CompletableFuture.uniApplyStage(CompletableFuture.java:706)
	at java.base/java.util.concurrent.CompletableFuture.thenApply(CompletableFuture.java:2244)
	at org.eclipse.lsp4e.operations.codelens.CodeLensProvider.lambda$1(CodeLensProvider.java:41)
	at org.eclipse.lsp4e.LanguageServers.lambda$24(LanguageServers.java:445)
	at org.eclipse.lsp4e.LanguageServerWrapper.lambda$17(LanguageServerWrapper.java:976)
	at java.base/java.util.concurrent.CompletableFuture$UniCompose.tryFire(CompletableFuture.java:1194)
	at java.base/java.util.concurrent.CompletableFuture$Completion.run(CompletableFuture.java:526)
	at java.base/java.util.concurrent.ThreadPoolExecutor.runWorker(ThreadPoolExecutor.java:1144)
	at java.base/java.util.concurrent.ThreadPoolExecutor$Worker.run(ThreadPoolExecutor.java:642)
	at java.base/java.lang.Thread.run(Thread.java:1575)
Caused by: org.eclipse.lsp4j.jsonrpc.JsonRpcException: java.io.IOException: 파이프가 닫히는 중입니다
	at org.eclipse.lsp4j.jsonrpc.json.StreamMessageConsumer.consume(StreamMessageConsumer.java:72)
	at org.eclipse.lsp4e.LanguageServerWrapper.lambda$3(LanguageServerWrapper.java:413)
	at org.eclipse.lsp4j.jsonrpc.RemoteEndpoint.request(RemoteEndpoint.java:171)
	at org.eclipse.lsp4j.jsonrpc.services.EndpointProxy.invoke(EndpointProxy.java:91)
	at jdk.proxy15/jdk.proxy15.$Proxy38.codeLens(Unknown Source)
	at org.eclipse.lsp4e.operations.codelens.CodeLensProvider.lambda$1(CodeLensProvider.java:40)
	... 7 more
Caused by: java.io.IOException: 파이프가 닫히는 중입니다
	at java.base/java.io.FileOutputStream.writeBytes(Native Method)
	at java.base/java.io.FileOutputStream.write(FileOutputStream.java:400)
	at java.base/java.lang.Process$PipeOutputStream.write(Process.java:907)
	at java.base/java.io.BufferedOutputStream.flushBuffer(BufferedOutputStream.java:125)
	at java.base/java.io.BufferedOutputStream.implWrite(BufferedOutputStream.java:222)
	at java.base/java.io.BufferedOutputStream.write(BufferedOutputStream.java:200)
	at java.base/java.io.FilterOutputStream.write(FilterOutputStream.java:110)
	at org.eclipse.lsp4j.jsonrpc.json.StreamMessageConsumer.consume(StreamMessageConsumer.java:67)
	... 12 more

!ENTRY org.eclipse.lsp4e 4 0 2025-09-16 14:54:47.166
!MESSAGE java.io.IOException: 파이프가 닫히는 중입니다
!STACK 0
org.eclipse.lsp4j.jsonrpc.JsonRpcException: java.io.IOException: 파이프가 닫히는 중입니다
	at org.eclipse.lsp4j.jsonrpc.json.StreamMessageConsumer.consume(StreamMessageConsumer.java:72)
	at org.eclipse.lsp4e.LanguageServerWrapper.lambda$3(LanguageServerWrapper.java:413)
	at org.eclipse.lsp4j.jsonrpc.RemoteEndpoint.request(RemoteEndpoint.java:171)
	at org.eclipse.lsp4j.jsonrpc.services.EndpointProxy.invoke(EndpointProxy.java:91)
	at jdk.proxy15/jdk.proxy15.$Proxy38.inlayHint(Unknown Source)
	at org.eclipse.lsp4e.operations.inlayhint.InlayHintProvider.lambda$1(InlayHintProvider.java:55)
	at org.eclipse.lsp4e.LanguageServers.lambda$24(LanguageServers.java:445)
	at org.eclipse.lsp4e.LanguageServerWrapper.lambda$17(LanguageServerWrapper.java:976)
	at java.base/java.util.concurrent.CompletableFuture$UniCompose.tryFire(CompletableFuture.java:1194)
	at java.base/java.util.concurrent.CompletableFuture$Completion.run(CompletableFuture.java:526)
	at java.base/java.util.concurrent.ThreadPoolExecutor.runWorker(ThreadPoolExecutor.java:1144)
	at java.base/java.util.concurrent.ThreadPoolExecutor$Worker.run(ThreadPoolExecutor.java:642)
	at java.base/java.lang.Thread.run(Thread.java:1575)
Caused by: java.io.IOException: 파이프가 닫히는 중입니다
	at java.base/java.io.FileOutputStream.writeBytes(Native Method)
	at java.base/java.io.FileOutputStream.write(FileOutputStream.java:400)
	at java.base/java.lang.Process$PipeOutputStream.write(Process.java:907)
	at java.base/java.io.BufferedOutputStream.flushBuffer(BufferedOutputStream.java:125)
	at java.base/java.io.BufferedOutputStream.implWrite(BufferedOutputStream.java:222)
	at java.base/java.io.BufferedOutputStream.write(BufferedOutputStream.java:200)
	at java.base/java.io.FilterOutputStream.write(FilterOutputStream.java:110)
	at org.eclipse.lsp4j.jsonrpc.json.StreamMessageConsumer.consume(StreamMessageConsumer.java:67)
	... 12 more

!ENTRY org.eclipse.jface.text 4 0 2025-09-16 14:54:47.166
!MESSAGE org.eclipse.lsp4j.jsonrpc.JsonRpcException: java.io.IOException: 파이프가 닫히는 중입니다
!STACK 0
java.util.concurrent.CompletionException: org.eclipse.lsp4j.jsonrpc.JsonRpcException: java.io.IOException: 파이프가 닫히는 중입니다
	at java.base/java.util.concurrent.CompletableFuture.wrapInCompletionException(CompletableFuture.java:323)
	at java.base/java.util.concurrent.CompletableFuture.encodeThrowable(CompletableFuture.java:376)
	at java.base/java.util.concurrent.CompletableFuture.uniApplyNow(CompletableFuture.java:718)
	at java.base/java.util.concurrent.CompletableFuture.uniApplyStage(CompletableFuture.java:706)
	at java.base/java.util.concurrent.CompletableFuture.thenApply(CompletableFuture.java:2244)
	at org.eclipse.lsp4e.operations.codelens.CodeLensProvider.lambda$1(CodeLensProvider.java:41)
	at org.eclipse.lsp4e.LanguageServers.lambda$24(LanguageServers.java:445)
	at org.eclipse.lsp4e.LanguageServerWrapper.lambda$17(LanguageServerWrapper.java:976)
	at java.base/java.util.concurrent.CompletableFuture$UniCompose.tryFire(CompletableFuture.java:1194)
	at java.base/java.util.concurrent.CompletableFuture$Completion.run(CompletableFuture.java:526)
	at java.base/java.util.concurrent.ThreadPoolExecutor.runWorker(ThreadPoolExecutor.java:1144)
	at java.base/java.util.concurrent.ThreadPoolExecutor$Worker.run(ThreadPoolExecutor.java:642)
	at java.base/java.lang.Thread.run(Thread.java:1575)
Caused by: org.eclipse.lsp4j.jsonrpc.JsonRpcException: java.io.IOException: 파이프가 닫히는 중입니다
	at org.eclipse.lsp4j.jsonrpc.json.StreamMessageConsumer.consume(StreamMessageConsumer.java:72)
	at org.eclipse.lsp4e.LanguageServerWrapper.lambda$3(LanguageServerWrapper.java:413)
	at org.eclipse.lsp4j.jsonrpc.RemoteEndpoint.request(RemoteEndpoint.java:171)
	at org.eclipse.lsp4j.jsonrpc.services.EndpointProxy.invoke(EndpointProxy.java:91)
	at jdk.proxy15/jdk.proxy15.$Proxy38.codeLens(Unknown Source)
	at org.eclipse.lsp4e.operations.codelens.CodeLensProvider.lambda$1(CodeLensProvider.java:40)
	... 7 more
Caused by: java.io.IOException: 파이프가 닫히는 중입니다
	at java.base/java.io.FileOutputStream.writeBytes(Native Method)
	at java.base/java.io.FileOutputStream.write(FileOutputStream.java:400)
	at java.base/java.lang.Process$PipeOutputStream.write(Process.java:907)
	at java.base/java.io.BufferedOutputStream.flushBuffer(BufferedOutputStream.java:125)
	at java.base/java.io.BufferedOutputStream.implWrite(BufferedOutputStream.java:222)
	at java.base/java.io.BufferedOutputStream.write(BufferedOutputStream.java:200)
	at java.base/java.io.FilterOutputStream.write(FilterOutputStream.java:110)
	at org.eclipse.lsp4j.jsonrpc.json.StreamMessageConsumer.consume(StreamMessageConsumer.java:67)
	... 12 more

!ENTRY org.eclipse.lsp4e 4 0 2025-09-16 14:54:47.167
!MESSAGE java.io.IOException: 파이프가 닫히는 중입니다
!STACK 0
org.eclipse.lsp4j.jsonrpc.JsonRpcException: java.io.IOException: 파이프가 닫히는 중입니다
	at org.eclipse.lsp4j.jsonrpc.json.StreamMessageConsumer.consume(StreamMessageConsumer.java:72)
	at org.eclipse.lsp4e.LanguageServerWrapper.lambda$3(LanguageServerWrapper.java:413)
	at org.eclipse.lsp4j.jsonrpc.RemoteEndpoint.request(RemoteEndpoint.java:171)
	at org.eclipse.lsp4j.jsonrpc.services.EndpointProxy.invoke(EndpointProxy.java:91)
	at jdk.proxy15/jdk.proxy15.$Proxy38.inlayHint(Unknown Source)
	at org.eclipse.lsp4e.operations.inlayhint.InlayHintProvider.lambda$1(InlayHintProvider.java:55)
	at org.eclipse.lsp4e.LanguageServers.lambda$24(LanguageServers.java:445)
	at org.eclipse.lsp4e.LanguageServerWrapper.lambda$17(LanguageServerWrapper.java:976)
	at java.base/java.util.concurrent.CompletableFuture$UniCompose.tryFire(CompletableFuture.java:1194)
	at java.base/java.util.concurrent.CompletableFuture$Completion.run(CompletableFuture.java:526)
	at java.base/java.util.concurrent.ThreadPoolExecutor.runWorker(ThreadPoolExecutor.java:1144)
	at java.base/java.util.concurrent.ThreadPoolExecutor$Worker.run(ThreadPoolExecutor.java:642)
	at java.base/java.lang.Thread.run(Thread.java:1575)
Caused by: java.io.IOException: 파이프가 닫히는 중입니다
	at java.base/java.io.FileOutputStream.writeBytes(Native Method)
	at java.base/java.io.FileOutputStream.write(FileOutputStream.java:400)
	at java.base/java.lang.Process$PipeOutputStream.write(Process.java:907)
	at java.base/java.io.BufferedOutputStream.flushBuffer(BufferedOutputStream.java:125)
	at java.base/java.io.BufferedOutputStream.implWrite(BufferedOutputStream.java:222)
	at java.base/java.io.BufferedOutputStream.write(BufferedOutputStream.java:200)
	at java.base/java.io.FilterOutputStream.write(FilterOutputStream.java:110)
	at org.eclipse.lsp4j.jsonrpc.json.StreamMessageConsumer.consume(StreamMessageConsumer.java:67)
	... 12 more

!ENTRY org.eclipse.jface.text 4 0 2025-09-16 14:54:47.167
!MESSAGE org.eclipse.lsp4j.jsonrpc.JsonRpcException: java.io.IOException: 파이프가 닫히는 중입니다
!STACK 0
java.util.concurrent.CompletionException: org.eclipse.lsp4j.jsonrpc.JsonRpcException: java.io.IOException: 파이프가 닫히는 중입니다
	at java.base/java.util.concurrent.CompletableFuture.wrapInCompletionException(CompletableFuture.java:323)
	at java.base/java.util.concurrent.CompletableFuture.encodeThrowable(CompletableFuture.java:376)
	at java.base/java.util.concurrent.CompletableFuture.uniApplyNow(CompletableFuture.java:718)
	at java.base/java.util.concurrent.CompletableFuture.uniApplyStage(CompletableFuture.java:706)
	at java.base/java.util.concurrent.CompletableFuture.thenApply(CompletableFuture.java:2244)
	at org.eclipse.lsp4e.operations.codelens.CodeLensProvider.lambda$1(CodeLensProvider.java:41)
	at org.eclipse.lsp4e.LanguageServers.lambda$24(LanguageServers.java:445)
	at org.eclipse.lsp4e.LanguageServerWrapper.lambda$17(LanguageServerWrapper.java:976)
	at java.base/java.util.concurrent.CompletableFuture$UniCompose.tryFire(CompletableFuture.java:1194)
	at java.base/java.util.concurrent.CompletableFuture$Completion.run(CompletableFuture.java:526)
	at java.base/java.util.concurrent.ThreadPoolExecutor.runWorker(ThreadPoolExecutor.java:1144)
	at java.base/java.util.concurrent.ThreadPoolExecutor$Worker.run(ThreadPoolExecutor.java:642)
	at java.base/java.lang.Thread.run(Thread.java:1575)
Caused by: org.eclipse.lsp4j.jsonrpc.JsonRpcException: java.io.IOException: 파이프가 닫히는 중입니다
	at org.eclipse.lsp4j.jsonrpc.json.StreamMessageConsumer.consume(StreamMessageConsumer.java:72)
	at org.eclipse.lsp4e.LanguageServerWrapper.lambda$3(LanguageServerWrapper.java:413)
	at org.eclipse.lsp4j.jsonrpc.RemoteEndpoint.request(RemoteEndpoint.java:171)
	at org.eclipse.lsp4j.jsonrpc.services.EndpointProxy.invoke(EndpointProxy.java:91)
	at jdk.proxy15/jdk.proxy15.$Proxy38.codeLens(Unknown Source)
	at org.eclipse.lsp4e.operations.codelens.CodeLensProvider.lambda$1(CodeLensProvider.java:40)
	... 7 more
Caused by: java.io.IOException: 파이프가 닫히는 중입니다
	at java.base/java.io.FileOutputStream.writeBytes(Native Method)
	at java.base/java.io.FileOutputStream.write(FileOutputStream.java:400)
	at java.base/java.lang.Process$PipeOutputStream.write(Process.java:907)
	at java.base/java.io.BufferedOutputStream.flushBuffer(BufferedOutputStream.java:125)
	at java.base/java.io.BufferedOutputStream.implWrite(BufferedOutputStream.java:222)
	at java.base/java.io.BufferedOutputStream.write(BufferedOutputStream.java:200)
	at java.base/java.io.FilterOutputStream.write(FilterOutputStream.java:110)
	at org.eclipse.lsp4j.jsonrpc.json.StreamMessageConsumer.consume(StreamMessageConsumer.java:67)
	... 12 more

!ENTRY org.eclipse.lsp4e 4 0 2025-09-16 14:54:47.167
!MESSAGE java.io.IOException: 파이프가 닫히는 중입니다
!STACK 0
org.eclipse.lsp4j.jsonrpc.JsonRpcException: java.io.IOException: 파이프가 닫히는 중입니다
	at org.eclipse.lsp4j.jsonrpc.json.StreamMessageConsumer.consume(StreamMessageConsumer.java:72)
	at org.eclipse.lsp4e.LanguageServerWrapper.lambda$3(LanguageServerWrapper.java:413)
	at org.eclipse.lsp4j.jsonrpc.RemoteEndpoint.request(RemoteEndpoint.java:171)
	at org.eclipse.lsp4j.jsonrpc.services.EndpointProxy.invoke(EndpointProxy.java:91)
	at jdk.proxy15/jdk.proxy15.$Proxy38.inlayHint(Unknown Source)
	at org.eclipse.lsp4e.operations.inlayhint.InlayHintProvider.lambda$1(InlayHintProvider.java:55)
	at org.eclipse.lsp4e.LanguageServers.lambda$24(LanguageServers.java:445)
	at org.eclipse.lsp4e.LanguageServerWrapper.lambda$17(LanguageServerWrapper.java:976)
	at java.base/java.util.concurrent.CompletableFuture$UniCompose.tryFire(CompletableFuture.java:1194)
	at java.base/java.util.concurrent.CompletableFuture$Completion.run(CompletableFuture.java:526)
	at java.base/java.util.concurrent.ThreadPoolExecutor.runWorker(ThreadPoolExecutor.java:1144)
	at java.base/java.util.concurrent.ThreadPoolExecutor$Worker.run(ThreadPoolExecutor.java:642)
	at java.base/java.lang.Thread.run(Thread.java:1575)
Caused by: java.io.IOException: 파이프가 닫히는 중입니다
	at java.base/java.io.FileOutputStream.writeBytes(Native Method)
	at java.base/java.io.FileOutputStream.write(FileOutputStream.java:400)
	at java.base/java.lang.Process$PipeOutputStream.write(Process.java:907)
	at java.base/java.io.BufferedOutputStream.flushBuffer(BufferedOutputStream.java:125)
	at java.base/java.io.BufferedOutputStream.implWrite(BufferedOutputStream.java:222)
	at java.base/java.io.BufferedOutputStream.write(BufferedOutputStream.java:200)
	at java.base/java.io.FilterOutputStream.write(FilterOutputStream.java:110)
	at org.eclipse.lsp4j.jsonrpc.json.StreamMessageConsumer.consume(StreamMessageConsumer.java:67)
	... 12 more

!ENTRY org.eclipse.jface.text 4 0 2025-09-16 14:54:47.168
!MESSAGE org.eclipse.lsp4j.jsonrpc.JsonRpcException: java.io.IOException: 파이프가 닫히는 중입니다
!STACK 0
java.util.concurrent.CompletionException: org.eclipse.lsp4j.jsonrpc.JsonRpcException: java.io.IOException: 파이프가 닫히는 중입니다
	at java.base/java.util.concurrent.CompletableFuture.wrapInCompletionException(CompletableFuture.java:323)
	at java.base/java.util.concurrent.CompletableFuture.encodeThrowable(CompletableFuture.java:376)
	at java.base/java.util.concurrent.CompletableFuture.uniApplyNow(CompletableFuture.java:718)
	at java.base/java.util.concurrent.CompletableFuture.uniApplyStage(CompletableFuture.java:706)
	at java.base/java.util.concurrent.CompletableFuture.thenApply(CompletableFuture.java:2244)
	at org.eclipse.lsp4e.operations.codelens.CodeLensProvider.lambda$1(CodeLensProvider.java:41)
	at org.eclipse.lsp4e.LanguageServers.lambda$24(LanguageServers.java:445)
	at org.eclipse.lsp4e.LanguageServerWrapper.lambda$17(LanguageServerWrapper.java:976)
	at java.base/java.util.concurrent.CompletableFuture$UniCompose.tryFire(CompletableFuture.java:1194)
	at java.base/java.util.concurrent.CompletableFuture$Completion.run(CompletableFuture.java:526)
	at java.base/java.util.concurrent.ThreadPoolExecutor.runWorker(ThreadPoolExecutor.java:1144)
	at java.base/java.util.concurrent.ThreadPoolExecutor$Worker.run(ThreadPoolExecutor.java:642)
	at java.base/java.lang.Thread.run(Thread.java:1575)
Caused by: org.eclipse.lsp4j.jsonrpc.JsonRpcException: java.io.IOException: 파이프가 닫히는 중입니다
	at org.eclipse.lsp4j.jsonrpc.json.StreamMessageConsumer.consume(StreamMessageConsumer.java:72)
	at org.eclipse.lsp4e.LanguageServerWrapper.lambda$3(LanguageServerWrapper.java:413)
	at org.eclipse.lsp4j.jsonrpc.RemoteEndpoint.request(RemoteEndpoint.java:171)
	at org.eclipse.lsp4j.jsonrpc.services.EndpointProxy.invoke(EndpointProxy.java:91)
	at jdk.proxy15/jdk.proxy15.$Proxy38.codeLens(Unknown Source)
	at org.eclipse.lsp4e.operations.codelens.CodeLensProvider.lambda$1(CodeLensProvider.java:40)
	... 7 more
Caused by: java.io.IOException: 파이프가 닫히는 중입니다
	at java.base/java.io.FileOutputStream.writeBytes(Native Method)
	at java.base/java.io.FileOutputStream.write(FileOutputStream.java:400)
	at java.base/java.lang.Process$PipeOutputStream.write(Process.java:907)
	at java.base/java.io.BufferedOutputStream.flushBuffer(BufferedOutputStream.java:125)
	at java.base/java.io.BufferedOutputStream.implWrite(BufferedOutputStream.java:222)
	at java.base/java.io.BufferedOutputStream.write(BufferedOutputStream.java:200)
	at java.base/java.io.FilterOutputStream.write(FilterOutputStream.java:110)
	at org.eclipse.lsp4j.jsonrpc.json.StreamMessageConsumer.consume(StreamMessageConsumer.java:67)
	... 12 more

!ENTRY org.eclipse.lsp4e 4 0 2025-09-16 14:54:47.168
!MESSAGE java.io.IOException: 파이프가 닫히는 중입니다
!STACK 0
org.eclipse.lsp4j.jsonrpc.JsonRpcException: java.io.IOException: 파이프가 닫히는 중입니다
	at org.eclipse.lsp4j.jsonrpc.json.StreamMessageConsumer.consume(StreamMessageConsumer.java:72)
	at org.eclipse.lsp4e.LanguageServerWrapper.lambda$3(LanguageServerWrapper.java:413)
	at org.eclipse.lsp4j.jsonrpc.RemoteEndpoint.request(RemoteEndpoint.java:171)
	at org.eclipse.lsp4j.jsonrpc.services.EndpointProxy.invoke(EndpointProxy.java:91)
	at jdk.proxy15/jdk.proxy15.$Proxy38.inlayHint(Unknown Source)
	at org.eclipse.lsp4e.operations.inlayhint.InlayHintProvider.lambda$1(InlayHintProvider.java:55)
	at org.eclipse.lsp4e.LanguageServers.lambda$24(LanguageServers.java:445)
	at org.eclipse.lsp4e.LanguageServerWrapper.lambda$17(LanguageServerWrapper.java:976)
	at java.base/java.util.concurrent.CompletableFuture$UniCompose.tryFire(CompletableFuture.java:1194)
	at java.base/java.util.concurrent.CompletableFuture$Completion.run(CompletableFuture.java:526)
	at java.base/java.util.concurrent.ThreadPoolExecutor.runWorker(ThreadPoolExecutor.java:1144)
	at java.base/java.util.concurrent.ThreadPoolExecutor$Worker.run(ThreadPoolExecutor.java:642)
	at java.base/java.lang.Thread.run(Thread.java:1575)
Caused by: java.io.IOException: 파이프가 닫히는 중입니다
	at java.base/java.io.FileOutputStream.writeBytes(Native Method)
	at java.base/java.io.FileOutputStream.write(FileOutputStream.java:400)
	at java.base/java.lang.Process$PipeOutputStream.write(Process.java:907)
	at java.base/java.io.BufferedOutputStream.flushBuffer(BufferedOutputStream.java:125)
	at java.base/java.io.BufferedOutputStream.implWrite(BufferedOutputStream.java:222)
	at java.base/java.io.BufferedOutputStream.write(BufferedOutputStream.java:200)
	at java.base/java.io.FilterOutputStream.write(FilterOutputStream.java:110)
	at org.eclipse.lsp4j.jsonrpc.json.StreamMessageConsumer.consume(StreamMessageConsumer.java:67)
	... 12 more

!ENTRY org.eclipse.jface.text 4 0 2025-09-16 14:54:47.168
!MESSAGE org.eclipse.lsp4j.jsonrpc.JsonRpcException: java.io.IOException: 파이프가 닫히는 중입니다
!STACK 0
java.util.concurrent.CompletionException: org.eclipse.lsp4j.jsonrpc.JsonRpcException: java.io.IOException: 파이프가 닫히는 중입니다
	at java.base/java.util.concurrent.CompletableFuture.wrapInCompletionException(CompletableFuture.java:323)
	at java.base/java.util.concurrent.CompletableFuture.encodeThrowable(CompletableFuture.java:376)
	at java.base/java.util.concurrent.CompletableFuture.uniApplyNow(CompletableFuture.java:718)
	at java.base/java.util.concurrent.CompletableFuture.uniApplyStage(CompletableFuture.java:706)
	at java.base/java.util.concurrent.CompletableFuture.thenApply(CompletableFuture.java:2244)
	at org.eclipse.lsp4e.operations.codelens.CodeLensProvider.lambda$1(CodeLensProvider.java:41)
	at org.eclipse.lsp4e.LanguageServers.lambda$24(LanguageServers.java:445)
	at org.eclipse.lsp4e.LanguageServerWrapper.lambda$17(LanguageServerWrapper.java:976)
	at java.base/java.util.concurrent.CompletableFuture$UniCompose.tryFire(CompletableFuture.java:1194)
	at java.base/java.util.concurrent.CompletableFuture$Completion.run(CompletableFuture.java:526)
	at java.base/java.util.concurrent.ThreadPoolExecutor.runWorker(ThreadPoolExecutor.java:1144)
	at java.base/java.util.concurrent.ThreadPoolExecutor$Worker.run(ThreadPoolExecutor.java:642)
	at java.base/java.lang.Thread.run(Thread.java:1575)
Caused by: org.eclipse.lsp4j.jsonrpc.JsonRpcException: java.io.IOException: 파이프가 닫히는 중입니다
	at org.eclipse.lsp4j.jsonrpc.json.StreamMessageConsumer.consume(StreamMessageConsumer.java:72)
	at org.eclipse.lsp4e.LanguageServerWrapper.lambda$3(LanguageServerWrapper.java:413)
	at org.eclipse.lsp4j.jsonrpc.RemoteEndpoint.request(RemoteEndpoint.java:171)
	at org.eclipse.lsp4j.jsonrpc.services.EndpointProxy.invoke(EndpointProxy.java:91)
	at jdk.proxy15/jdk.proxy15.$Proxy38.codeLens(Unknown Source)
	at org.eclipse.lsp4e.operations.codelens.CodeLensProvider.lambda$1(CodeLensProvider.java:40)
	... 7 more
Caused by: java.io.IOException: 파이프가 닫히는 중입니다
	at java.base/java.io.FileOutputStream.writeBytes(Native Method)
	at java.base/java.io.FileOutputStream.write(FileOutputStream.java:400)
	at java.base/java.lang.Process$PipeOutputStream.write(Process.java:907)
	at java.base/java.io.BufferedOutputStream.flushBuffer(BufferedOutputStream.java:125)
	at java.base/java.io.BufferedOutputStream.implWrite(BufferedOutputStream.java:222)
	at java.base/java.io.BufferedOutputStream.write(BufferedOutputStream.java:200)
	at java.base/java.io.FilterOutputStream.write(FilterOutputStream.java:110)
	at org.eclipse.lsp4j.jsonrpc.json.StreamMessageConsumer.consume(StreamMessageConsumer.java:67)
	... 12 more

!ENTRY org.eclipse.lsp4e 4 0 2025-09-16 14:54:47.169
!MESSAGE java.io.IOException: 파이프가 닫히는 중입니다
!STACK 0
org.eclipse.lsp4j.jsonrpc.JsonRpcException: java.io.IOException: 파이프가 닫히는 중입니다
	at org.eclipse.lsp4j.jsonrpc.json.StreamMessageConsumer.consume(StreamMessageConsumer.java:72)
	at org.eclipse.lsp4e.LanguageServerWrapper.lambda$3(LanguageServerWrapper.java:413)
	at org.eclipse.lsp4j.jsonrpc.RemoteEndpoint.request(RemoteEndpoint.java:171)
	at org.eclipse.lsp4j.jsonrpc.services.EndpointProxy.invoke(EndpointProxy.java:91)
	at jdk.proxy15/jdk.proxy15.$Proxy38.inlayHint(Unknown Source)
	at org.eclipse.lsp4e.operations.inlayhint.InlayHintProvider.lambda$1(InlayHintProvider.java:55)
	at org.eclipse.lsp4e.LanguageServers.lambda$24(LanguageServers.java:445)
	at org.eclipse.lsp4e.LanguageServerWrapper.lambda$17(LanguageServerWrapper.java:976)
	at java.base/java.util.concurrent.CompletableFuture$UniCompose.tryFire(CompletableFuture.java:1194)
	at java.base/java.util.concurrent.CompletableFuture$Completion.run(CompletableFuture.java:526)
	at java.base/java.util.concurrent.ThreadPoolExecutor.runWorker(ThreadPoolExecutor.java:1144)
	at java.base/java.util.concurrent.ThreadPoolExecutor$Worker.run(ThreadPoolExecutor.java:642)
	at java.base/java.lang.Thread.run(Thread.java:1575)
Caused by: java.io.IOException: 파이프가 닫히는 중입니다
	at java.base/java.io.FileOutputStream.writeBytes(Native Method)
	at java.base/java.io.FileOutputStream.write(FileOutputStream.java:400)
	at java.base/java.lang.Process$PipeOutputStream.write(Process.java:907)
	at java.base/java.io.BufferedOutputStream.flushBuffer(BufferedOutputStream.java:125)
	at java.base/java.io.BufferedOutputStream.implWrite(BufferedOutputStream.java:222)
	at java.base/java.io.BufferedOutputStream.write(BufferedOutputStream.java:200)
	at java.base/java.io.FilterOutputStream.write(FilterOutputStream.java:110)
	at org.eclipse.lsp4j.jsonrpc.json.StreamMessageConsumer.consume(StreamMessageConsumer.java:67)
	... 12 more

!ENTRY org.eclipse.jface.text 4 0 2025-09-16 14:54:47.169
!MESSAGE org.eclipse.lsp4j.jsonrpc.JsonRpcException: java.io.IOException: 파이프가 닫히는 중입니다
!STACK 0
java.util.concurrent.CompletionException: org.eclipse.lsp4j.jsonrpc.JsonRpcException: java.io.IOException: 파이프가 닫히는 중입니다
	at java.base/java.util.concurrent.CompletableFuture.wrapInCompletionException(CompletableFuture.java:323)
	at java.base/java.util.concurrent.CompletableFuture.encodeThrowable(CompletableFuture.java:376)
	at java.base/java.util.concurrent.CompletableFuture.uniApplyNow(CompletableFuture.java:718)
	at java.base/java.util.concurrent.CompletableFuture.uniApplyStage(CompletableFuture.java:706)
	at java.base/java.util.concurrent.CompletableFuture.thenApply(CompletableFuture.java:2244)
	at org.eclipse.lsp4e.operations.codelens.CodeLensProvider.lambda$1(CodeLensProvider.java:41)
	at org.eclipse.lsp4e.LanguageServers.lambda$24(LanguageServers.java:445)
	at org.eclipse.lsp4e.LanguageServerWrapper.lambda$17(LanguageServerWrapper.java:976)
	at java.base/java.util.concurrent.CompletableFuture$UniCompose.tryFire(CompletableFuture.java:1194)
	at java.base/java.util.concurrent.CompletableFuture$Completion.run(CompletableFuture.java:526)
	at java.base/java.util.concurrent.ThreadPoolExecutor.runWorker(ThreadPoolExecutor.java:1144)
	at java.base/java.util.concurrent.ThreadPoolExecutor$Worker.run(ThreadPoolExecutor.java:642)
	at java.base/java.lang.Thread.run(Thread.java:1575)
Caused by: org.eclipse.lsp4j.jsonrpc.JsonRpcException: java.io.IOException: 파이프가 닫히는 중입니다
	at org.eclipse.lsp4j.jsonrpc.json.StreamMessageConsumer.consume(StreamMessageConsumer.java:72)
	at org.eclipse.lsp4e.LanguageServerWrapper.lambda$3(LanguageServerWrapper.java:413)
	at org.eclipse.lsp4j.jsonrpc.RemoteEndpoint.request(RemoteEndpoint.java:171)
	at org.eclipse.lsp4j.jsonrpc.services.EndpointProxy.invoke(EndpointProxy.java:91)
	at jdk.proxy15/jdk.proxy15.$Proxy38.codeLens(Unknown Source)
	at org.eclipse.lsp4e.operations.codelens.CodeLensProvider.lambda$1(CodeLensProvider.java:40)
	... 7 more
Caused by: java.io.IOException: 파이프가 닫히는 중입니다
	at java.base/java.io.FileOutputStream.writeBytes(Native Method)
	at java.base/java.io.FileOutputStream.write(FileOutputStream.java:400)
	at java.base/java.lang.Process$PipeOutputStream.write(Process.java:907)
	at java.base/java.io.BufferedOutputStream.flushBuffer(BufferedOutputStream.java:125)
	at java.base/java.io.BufferedOutputStream.implWrite(BufferedOutputStream.java:222)
	at java.base/java.io.BufferedOutputStream.write(BufferedOutputStream.java:200)
	at java.base/java.io.FilterOutputStream.write(FilterOutputStream.java:110)
	at org.eclipse.lsp4j.jsonrpc.json.StreamMessageConsumer.consume(StreamMessageConsumer.java:67)
	... 12 more

!ENTRY org.eclipse.lsp4e 4 0 2025-09-16 14:54:47.169
!MESSAGE java.io.IOException: 파이프가 닫히는 중입니다
!STACK 0
org.eclipse.lsp4j.jsonrpc.JsonRpcException: java.io.IOException: 파이프가 닫히는 중입니다
	at org.eclipse.lsp4j.jsonrpc.json.StreamMessageConsumer.consume(StreamMessageConsumer.java:72)
	at org.eclipse.lsp4e.LanguageServerWrapper.lambda$3(LanguageServerWrapper.java:413)
	at org.eclipse.lsp4j.jsonrpc.RemoteEndpoint.request(RemoteEndpoint.java:171)
	at org.eclipse.lsp4j.jsonrpc.services.EndpointProxy.invoke(EndpointProxy.java:91)
	at jdk.proxy15/jdk.proxy15.$Proxy38.inlayHint(Unknown Source)
	at org.eclipse.lsp4e.operations.inlayhint.InlayHintProvider.lambda$1(InlayHintProvider.java:55)
	at org.eclipse.lsp4e.LanguageServers.lambda$24(LanguageServers.java:445)
	at org.eclipse.lsp4e.LanguageServerWrapper.lambda$17(LanguageServerWrapper.java:976)
	at java.base/java.util.concurrent.CompletableFuture$UniCompose.tryFire(CompletableFuture.java:1194)
	at java.base/java.util.concurrent.CompletableFuture$Completion.run(CompletableFuture.java:526)
	at java.base/java.util.concurrent.ThreadPoolExecutor.runWorker(ThreadPoolExecutor.java:1144)
	at java.base/java.util.concurrent.ThreadPoolExecutor$Worker.run(ThreadPoolExecutor.java:642)
	at java.base/java.lang.Thread.run(Thread.java:1575)
Caused by: java.io.IOException: 파이프가 닫히는 중입니다
	at java.base/java.io.FileOutputStream.writeBytes(Native Method)
	at java.base/java.io.FileOutputStream.write(FileOutputStream.java:400)
	at java.base/java.lang.Process$PipeOutputStream.write(Process.java:907)
	at java.base/java.io.BufferedOutputStream.flushBuffer(BufferedOutputStream.java:125)
	at java.base/java.io.BufferedOutputStream.implWrite(BufferedOutputStream.java:222)
	at java.base/java.io.BufferedOutputStream.write(BufferedOutputStream.java:200)
	at java.base/java.io.FilterOutputStream.write(FilterOutputStream.java:110)
	at org.eclipse.lsp4j.jsonrpc.json.StreamMessageConsumer.consume(StreamMessageConsumer.java:67)
	... 12 more

!ENTRY org.eclipse.jface.text 4 0 2025-09-16 14:54:47.170
!MESSAGE org.eclipse.lsp4j.jsonrpc.JsonRpcException: java.io.IOException: 파이프가 닫히는 중입니다
!STACK 0
java.util.concurrent.CompletionException: org.eclipse.lsp4j.jsonrpc.JsonRpcException: java.io.IOException: 파이프가 닫히는 중입니다
	at java.base/java.util.concurrent.CompletableFuture.wrapInCompletionException(CompletableFuture.java:323)
	at java.base/java.util.concurrent.CompletableFuture.encodeThrowable(CompletableFuture.java:376)
	at java.base/java.util.concurrent.CompletableFuture.uniApplyNow(CompletableFuture.java:718)
	at java.base/java.util.concurrent.CompletableFuture.uniApplyStage(CompletableFuture.java:706)
	at java.base/java.util.concurrent.CompletableFuture.thenApply(CompletableFuture.java:2244)
	at org.eclipse.lsp4e.operations.codelens.CodeLensProvider.lambda$1(CodeLensProvider.java:41)
	at org.eclipse.lsp4e.LanguageServers.lambda$24(LanguageServers.java:445)
	at org.eclipse.lsp4e.LanguageServerWrapper.lambda$17(LanguageServerWrapper.java:976)
	at java.base/java.util.concurrent.CompletableFuture$UniCompose.tryFire(CompletableFuture.java:1194)
	at java.base/java.util.concurrent.CompletableFuture$Completion.run(CompletableFuture.java:526)
	at java.base/java.util.concurrent.ThreadPoolExecutor.runWorker(ThreadPoolExecutor.java:1144)
	at java.base/java.util.concurrent.ThreadPoolExecutor$Worker.run(ThreadPoolExecutor.java:642)
	at java.base/java.lang.Thread.run(Thread.java:1575)
Caused by: org.eclipse.lsp4j.jsonrpc.JsonRpcException: java.io.IOException: 파이프가 닫히는 중입니다
	at org.eclipse.lsp4j.jsonrpc.json.StreamMessageConsumer.consume(StreamMessageConsumer.java:72)
	at org.eclipse.lsp4e.LanguageServerWrapper.lambda$3(LanguageServerWrapper.java:413)
	at org.eclipse.lsp4j.jsonrpc.RemoteEndpoint.request(RemoteEndpoint.java:171)
	at org.eclipse.lsp4j.jsonrpc.services.EndpointProxy.invoke(EndpointProxy.java:91)
	at jdk.proxy15/jdk.proxy15.$Proxy38.codeLens(Unknown Source)
	at org.eclipse.lsp4e.operations.codelens.CodeLensProvider.lambda$1(CodeLensProvider.java:40)
	... 7 more
Caused by: java.io.IOException: 파이프가 닫히는 중입니다
	at java.base/java.io.FileOutputStream.writeBytes(Native Method)
	at java.base/java.io.FileOutputStream.write(FileOutputStream.java:400)
	at java.base/java.lang.Process$PipeOutputStream.write(Process.java:907)
	at java.base/java.io.BufferedOutputStream.flushBuffer(BufferedOutputStream.java:125)
	at java.base/java.io.BufferedOutputStream.implWrite(BufferedOutputStream.java:222)
	at java.base/java.io.BufferedOutputStream.write(BufferedOutputStream.java:200)
	at java.base/java.io.FilterOutputStream.write(FilterOutputStream.java:110)
	at org.eclipse.lsp4j.jsonrpc.json.StreamMessageConsumer.consume(StreamMessageConsumer.java:67)
	... 12 more

!ENTRY org.eclipse.lsp4e 4 0 2025-09-16 14:54:47.170
!MESSAGE java.io.IOException: 파이프가 닫히는 중입니다
!STACK 0
org.eclipse.lsp4j.jsonrpc.JsonRpcException: java.io.IOException: 파이프가 닫히는 중입니다
	at org.eclipse.lsp4j.jsonrpc.json.StreamMessageConsumer.consume(StreamMessageConsumer.java:72)
	at org.eclipse.lsp4e.LanguageServerWrapper.lambda$3(LanguageServerWrapper.java:413)
	at org.eclipse.lsp4j.jsonrpc.RemoteEndpoint.request(RemoteEndpoint.java:171)
	at org.eclipse.lsp4j.jsonrpc.services.EndpointProxy.invoke(EndpointProxy.java:91)
	at jdk.proxy15/jdk.proxy15.$Proxy38.inlayHint(Unknown Source)
	at org.eclipse.lsp4e.operations.inlayhint.InlayHintProvider.lambda$1(InlayHintProvider.java:55)
	at org.eclipse.lsp4e.LanguageServers.lambda$24(LanguageServers.java:445)
	at org.eclipse.lsp4e.LanguageServerWrapper.lambda$17(LanguageServerWrapper.java:976)
	at java.base/java.util.concurrent.CompletableFuture$UniCompose.tryFire(CompletableFuture.java:1194)
	at java.base/java.util.concurrent.CompletableFuture$Completion.run(CompletableFuture.java:526)
	at java.base/java.util.concurrent.ThreadPoolExecutor.runWorker(ThreadPoolExecutor.java:1144)
	at java.base/java.util.concurrent.ThreadPoolExecutor$Worker.run(ThreadPoolExecutor.java:642)
	at java.base/java.lang.Thread.run(Thread.java:1575)
Caused by: java.io.IOException: 파이프가 닫히는 중입니다
	at java.base/java.io.FileOutputStream.writeBytes(Native Method)
	at java.base/java.io.FileOutputStream.write(FileOutputStream.java:400)
	at java.base/java.lang.Process$PipeOutputStream.write(Process.java:907)
	at java.base/java.io.BufferedOutputStream.flushBuffer(BufferedOutputStream.java:125)
	at java.base/java.io.BufferedOutputStream.implWrite(BufferedOutputStream.java:222)
	at java.base/java.io.BufferedOutputStream.write(BufferedOutputStream.java:200)
	at java.base/java.io.FilterOutputStream.write(FilterOutputStream.java:110)
	at org.eclipse.lsp4j.jsonrpc.json.StreamMessageConsumer.consume(StreamMessageConsumer.java:67)
	... 12 more

!ENTRY org.eclipse.jface.text 4 0 2025-09-16 14:54:47.170
!MESSAGE org.eclipse.lsp4j.jsonrpc.JsonRpcException: java.io.IOException: 파이프가 닫히는 중입니다
!STACK 0
java.util.concurrent.CompletionException: org.eclipse.lsp4j.jsonrpc.JsonRpcException: java.io.IOException: 파이프가 닫히는 중입니다
	at java.base/java.util.concurrent.CompletableFuture.wrapInCompletionException(CompletableFuture.java:323)
	at java.base/java.util.concurrent.CompletableFuture.encodeThrowable(CompletableFuture.java:376)
	at java.base/java.util.concurrent.CompletableFuture.uniApplyNow(CompletableFuture.java:718)
	at java.base/java.util.concurrent.CompletableFuture.uniApplyStage(CompletableFuture.java:706)
	at java.base/java.util.concurrent.CompletableFuture.thenApply(CompletableFuture.java:2244)
	at org.eclipse.lsp4e.operations.codelens.CodeLensProvider.lambda$1(CodeLensProvider.java:41)
	at org.eclipse.lsp4e.LanguageServers.lambda$24(LanguageServers.java:445)
	at org.eclipse.lsp4e.LanguageServerWrapper.lambda$17(LanguageServerWrapper.java:976)
	at java.base/java.util.concurrent.CompletableFuture$UniCompose.tryFire(CompletableFuture.java:1194)
	at java.base/java.util.concurrent.CompletableFuture$Completion.run(CompletableFuture.java:526)
	at java.base/java.util.concurrent.ThreadPoolExecutor.runWorker(ThreadPoolExecutor.java:1144)
	at java.base/java.util.concurrent.ThreadPoolExecutor$Worker.run(ThreadPoolExecutor.java:642)
	at java.base/java.lang.Thread.run(Thread.java:1575)
Caused by: org.eclipse.lsp4j.jsonrpc.JsonRpcException: java.io.IOException: 파이프가 닫히는 중입니다
	at org.eclipse.lsp4j.jsonrpc.json.StreamMessageConsumer.consume(StreamMessageConsumer.java:72)
	at org.eclipse.lsp4e.LanguageServerWrapper.lambda$3(LanguageServerWrapper.java:413)
	at org.eclipse.lsp4j.jsonrpc.RemoteEndpoint.request(RemoteEndpoint.java:171)
	at org.eclipse.lsp4j.jsonrpc.services.EndpointProxy.invoke(EndpointProxy.java:91)
	at jdk.proxy15/jdk.proxy15.$Proxy38.codeLens(Unknown Source)
	at org.eclipse.lsp4e.operations.codelens.CodeLensProvider.lambda$1(CodeLensProvider.java:40)
	... 7 more
Caused by: java.io.IOException: 파이프가 닫히는 중입니다
	at java.base/java.io.FileOutputStream.writeBytes(Native Method)
	at java.base/java.io.FileOutputStream.write(FileOutputStream.java:400)
	at java.base/java.lang.Process$PipeOutputStream.write(Process.java:907)
	at java.base/java.io.BufferedOutputStream.flushBuffer(BufferedOutputStream.java:125)
	at java.base/java.io.BufferedOutputStream.implWrite(BufferedOutputStream.java:222)
	at java.base/java.io.BufferedOutputStream.write(BufferedOutputStream.java:200)
	at java.base/java.io.FilterOutputStream.write(FilterOutputStream.java:110)
	at org.eclipse.lsp4j.jsonrpc.json.StreamMessageConsumer.consume(StreamMessageConsumer.java:67)
	... 12 more

!ENTRY org.eclipse.lsp4e 4 0 2025-09-16 14:54:47.171
!MESSAGE java.io.IOException: 파이프가 닫히는 중입니다
!STACK 0
org.eclipse.lsp4j.jsonrpc.JsonRpcException: java.io.IOException: 파이프가 닫히는 중입니다
	at org.eclipse.lsp4j.jsonrpc.json.StreamMessageConsumer.consume(StreamMessageConsumer.java:72)
	at org.eclipse.lsp4e.LanguageServerWrapper.lambda$3(LanguageServerWrapper.java:413)
	at org.eclipse.lsp4j.jsonrpc.RemoteEndpoint.request(RemoteEndpoint.java:171)
	at org.eclipse.lsp4j.jsonrpc.services.EndpointProxy.invoke(EndpointProxy.java:91)
	at jdk.proxy15/jdk.proxy15.$Proxy38.inlayHint(Unknown Source)
	at org.eclipse.lsp4e.operations.inlayhint.InlayHintProvider.lambda$1(InlayHintProvider.java:55)
	at org.eclipse.lsp4e.LanguageServers.lambda$24(LanguageServers.java:445)
	at org.eclipse.lsp4e.LanguageServerWrapper.lambda$17(LanguageServerWrapper.java:976)
	at java.base/java.util.concurrent.CompletableFuture$UniCompose.tryFire(CompletableFuture.java:1194)
	at java.base/java.util.concurrent.CompletableFuture$Completion.run(CompletableFuture.java:526)
	at java.base/java.util.concurrent.ThreadPoolExecutor.runWorker(ThreadPoolExecutor.java:1144)
	at java.base/java.util.concurrent.ThreadPoolExecutor$Worker.run(ThreadPoolExecutor.java:642)
	at java.base/java.lang.Thread.run(Thread.java:1575)
Caused by: java.io.IOException: 파이프가 닫히는 중입니다
	at java.base/java.io.FileOutputStream.writeBytes(Native Method)
	at java.base/java.io.FileOutputStream.write(FileOutputStream.java:400)
	at java.base/java.lang.Process$PipeOutputStream.write(Process.java:907)
	at java.base/java.io.BufferedOutputStream.flushBuffer(BufferedOutputStream.java:125)
	at java.base/java.io.BufferedOutputStream.implWrite(BufferedOutputStream.java:222)
	at java.base/java.io.BufferedOutputStream.write(BufferedOutputStream.java:200)
	at java.base/java.io.FilterOutputStream.write(FilterOutputStream.java:110)
	at org.eclipse.lsp4j.jsonrpc.json.StreamMessageConsumer.consume(StreamMessageConsumer.java:67)
	... 12 more

!ENTRY org.eclipse.jface.text 4 0 2025-09-16 14:54:47.171
!MESSAGE org.eclipse.lsp4j.jsonrpc.JsonRpcException: java.io.IOException: 파이프가 닫히는 중입니다
!STACK 0
java.util.concurrent.CompletionException: org.eclipse.lsp4j.jsonrpc.JsonRpcException: java.io.IOException: 파이프가 닫히는 중입니다
	at java.base/java.util.concurrent.CompletableFuture.wrapInCompletionException(CompletableFuture.java:323)
	at java.base/java.util.concurrent.CompletableFuture.encodeThrowable(CompletableFuture.java:376)
	at java.base/java.util.concurrent.CompletableFuture.uniApplyNow(CompletableFuture.java:718)
	at java.base/java.util.concurrent.CompletableFuture.uniApplyStage(CompletableFuture.java:706)
	at java.base/java.util.concurrent.CompletableFuture.thenApply(CompletableFuture.java:2244)
	at org.eclipse.lsp4e.operations.codelens.CodeLensProvider.lambda$1(CodeLensProvider.java:41)
	at org.eclipse.lsp4e.LanguageServers.lambda$24(LanguageServers.java:445)
	at org.eclipse.lsp4e.LanguageServerWrapper.lambda$17(LanguageServerWrapper.java:976)
	at java.base/java.util.concurrent.CompletableFuture$UniCompose.tryFire(CompletableFuture.java:1194)
	at java.base/java.util.concurrent.CompletableFuture$Completion.run(CompletableFuture.java:526)
	at java.base/java.util.concurrent.ThreadPoolExecutor.runWorker(ThreadPoolExecutor.java:1144)
	at java.base/java.util.concurrent.ThreadPoolExecutor$Worker.run(ThreadPoolExecutor.java:642)
	at java.base/java.lang.Thread.run(Thread.java:1575)
Caused by: org.eclipse.lsp4j.jsonrpc.JsonRpcException: java.io.IOException: 파이프가 닫히는 중입니다
	at org.eclipse.lsp4j.jsonrpc.json.StreamMessageConsumer.consume(StreamMessageConsumer.java:72)
	at org.eclipse.lsp4e.LanguageServerWrapper.lambda$3(LanguageServerWrapper.java:413)
	at org.eclipse.lsp4j.jsonrpc.RemoteEndpoint.request(RemoteEndpoint.java:171)
	at org.eclipse.lsp4j.jsonrpc.services.EndpointProxy.invoke(EndpointProxy.java:91)
	at jdk.proxy15/jdk.proxy15.$Proxy38.codeLens(Unknown Source)
	at org.eclipse.lsp4e.operations.codelens.CodeLensProvider.lambda$1(CodeLensProvider.java:40)
	... 7 more
Caused by: java.io.IOException: 파이프가 닫히는 중입니다
	at java.base/java.io.FileOutputStream.writeBytes(Native Method)
	at java.base/java.io.FileOutputStream.write(FileOutputStream.java:400)
	at java.base/java.lang.Process$PipeOutputStream.write(Process.java:907)
	at java.base/java.io.BufferedOutputStream.flushBuffer(BufferedOutputStream.java:125)
	at java.base/java.io.BufferedOutputStream.implWrite(BufferedOutputStream.java:222)
	at java.base/java.io.BufferedOutputStream.write(BufferedOutputStream.java:200)
	at java.base/java.io.FilterOutputStream.write(FilterOutputStream.java:110)
	at org.eclipse.lsp4j.jsonrpc.json.StreamMessageConsumer.consume(StreamMessageConsumer.java:67)
	... 12 more

!ENTRY org.eclipse.lsp4e 4 0 2025-09-16 14:54:47.171
!MESSAGE java.io.IOException: 파이프가 닫히는 중입니다
!STACK 0
org.eclipse.lsp4j.jsonrpc.JsonRpcException: java.io.IOException: 파이프가 닫히는 중입니다
	at org.eclipse.lsp4j.jsonrpc.json.StreamMessageConsumer.consume(StreamMessageConsumer.java:72)
	at org.eclipse.lsp4e.LanguageServerWrapper.lambda$3(LanguageServerWrapper.java:413)
	at org.eclipse.lsp4j.jsonrpc.RemoteEndpoint.request(RemoteEndpoint.java:171)
	at org.eclipse.lsp4j.jsonrpc.services.EndpointProxy.invoke(EndpointProxy.java:91)
	at jdk.proxy15/jdk.proxy15.$Proxy38.inlayHint(Unknown Source)
	at org.eclipse.lsp4e.operations.inlayhint.InlayHintProvider.lambda$1(InlayHintProvider.java:55)
	at org.eclipse.lsp4e.LanguageServers.lambda$24(LanguageServers.java:445)
	at org.eclipse.lsp4e.LanguageServerWrapper.lambda$17(LanguageServerWrapper.java:976)
	at java.base/java.util.concurrent.CompletableFuture$UniCompose.tryFire(CompletableFuture.java:1194)
	at java.base/java.util.concurrent.CompletableFuture$Completion.run(CompletableFuture.java:526)
	at java.base/java.util.concurrent.ThreadPoolExecutor.runWorker(ThreadPoolExecutor.java:1144)
	at java.base/java.util.concurrent.ThreadPoolExecutor$Worker.run(ThreadPoolExecutor.java:642)
	at java.base/java.lang.Thread.run(Thread.java:1575)
Caused by: java.io.IOException: 파이프가 닫히는 중입니다
	at java.base/java.io.FileOutputStream.writeBytes(Native Method)
	at java.base/java.io.FileOutputStream.write(FileOutputStream.java:400)
	at java.base/java.lang.Process$PipeOutputStream.write(Process.java:907)
	at java.base/java.io.BufferedOutputStream.flushBuffer(BufferedOutputStream.java:125)
	at java.base/java.io.BufferedOutputStream.implWrite(BufferedOutputStream.java:222)
	at java.base/java.io.BufferedOutputStream.write(BufferedOutputStream.java:200)
	at java.base/java.io.FilterOutputStream.write(FilterOutputStream.java:110)
	at org.eclipse.lsp4j.jsonrpc.json.StreamMessageConsumer.consume(StreamMessageConsumer.java:67)
	... 12 more

!ENTRY org.eclipse.jface.text 4 0 2025-09-16 14:54:47.172
!MESSAGE org.eclipse.lsp4j.jsonrpc.JsonRpcException: java.io.IOException: 파이프가 닫히는 중입니다
!STACK 0
java.util.concurrent.CompletionException: org.eclipse.lsp4j.jsonrpc.JsonRpcException: java.io.IOException: 파이프가 닫히는 중입니다
	at java.base/java.util.concurrent.CompletableFuture.wrapInCompletionException(CompletableFuture.java:323)
	at java.base/java.util.concurrent.CompletableFuture.encodeThrowable(CompletableFuture.java:376)
	at java.base/java.util.concurrent.CompletableFuture.uniApplyNow(CompletableFuture.java:718)
	at java.base/java.util.concurrent.CompletableFuture.uniApplyStage(CompletableFuture.java:706)
	at java.base/java.util.concurrent.CompletableFuture.thenApply(CompletableFuture.java:2244)
	at org.eclipse.lsp4e.operations.codelens.CodeLensProvider.lambda$1(CodeLensProvider.java:41)
	at org.eclipse.lsp4e.LanguageServers.lambda$24(LanguageServers.java:445)
	at org.eclipse.lsp4e.LanguageServerWrapper.lambda$17(LanguageServerWrapper.java:976)
	at java.base/java.util.concurrent.CompletableFuture$UniCompose.tryFire(CompletableFuture.java:1194)
	at java.base/java.util.concurrent.CompletableFuture$Completion.run(CompletableFuture.java:526)
	at java.base/java.util.concurrent.ThreadPoolExecutor.runWorker(ThreadPoolExecutor.java:1144)
	at java.base/java.util.concurrent.ThreadPoolExecutor$Worker.run(ThreadPoolExecutor.java:642)
	at java.base/java.lang.Thread.run(Thread.java:1575)
Caused by: org.eclipse.lsp4j.jsonrpc.JsonRpcException: java.io.IOException: 파이프가 닫히는 중입니다
	at org.eclipse.lsp4j.jsonrpc.json.StreamMessageConsumer.consume(StreamMessageConsumer.java:72)
	at org.eclipse.lsp4e.LanguageServerWrapper.lambda$3(LanguageServerWrapper.java:413)
	at org.eclipse.lsp4j.jsonrpc.RemoteEndpoint.request(RemoteEndpoint.java:171)
	at org.eclipse.lsp4j.jsonrpc.services.EndpointProxy.invoke(EndpointProxy.java:91)
	at jdk.proxy15/jdk.proxy15.$Proxy38.codeLens(Unknown Source)
	at org.eclipse.lsp4e.operations.codelens.CodeLensProvider.lambda$1(CodeLensProvider.java:40)
	... 7 more
Caused by: java.io.IOException: 파이프가 닫히는 중입니다
	at java.base/java.io.FileOutputStream.writeBytes(Native Method)
	at java.base/java.io.FileOutputStream.write(FileOutputStream.java:400)
	at java.base/java.lang.Process$PipeOutputStream.write(Process.java:907)
	at java.base/java.io.BufferedOutputStream.flushBuffer(BufferedOutputStream.java:125)
	at java.base/java.io.BufferedOutputStream.implWrite(BufferedOutputStream.java:222)
	at java.base/java.io.BufferedOutputStream.write(BufferedOutputStream.java:200)
	at java.base/java.io.FilterOutputStream.write(FilterOutputStream.java:110)
	at org.eclipse.lsp4j.jsonrpc.json.StreamMessageConsumer.consume(StreamMessageConsumer.java:67)
	... 12 more

!ENTRY org.eclipse.lsp4e 4 0 2025-09-16 14:54:47.172
!MESSAGE java.io.IOException: 파이프가 닫히는 중입니다
!STACK 0
org.eclipse.lsp4j.jsonrpc.JsonRpcException: java.io.IOException: 파이프가 닫히는 중입니다
	at org.eclipse.lsp4j.jsonrpc.json.StreamMessageConsumer.consume(StreamMessageConsumer.java:72)
	at org.eclipse.lsp4e.LanguageServerWrapper.lambda$3(LanguageServerWrapper.java:413)
	at org.eclipse.lsp4j.jsonrpc.RemoteEndpoint.request(RemoteEndpoint.java:171)
	at org.eclipse.lsp4j.jsonrpc.services.EndpointProxy.invoke(EndpointProxy.java:91)
	at jdk.proxy15/jdk.proxy15.$Proxy38.inlayHint(Unknown Source)
	at org.eclipse.lsp4e.operations.inlayhint.InlayHintProvider.lambda$1(InlayHintProvider.java:55)
	at org.eclipse.lsp4e.LanguageServers.lambda$24(LanguageServers.java:445)
	at org.eclipse.lsp4e.LanguageServerWrapper.lambda$17(LanguageServerWrapper.java:976)
	at java.base/java.util.concurrent.CompletableFuture$UniCompose.tryFire(CompletableFuture.java:1194)
	at java.base/java.util.concurrent.CompletableFuture$Completion.run(CompletableFuture.java:526)
	at java.base/java.util.concurrent.ThreadPoolExecutor.runWorker(ThreadPoolExecutor.java:1144)
	at java.base/java.util.concurrent.ThreadPoolExecutor$Worker.run(ThreadPoolExecutor.java:642)
	at java.base/java.lang.Thread.run(Thread.java:1575)
Caused by: java.io.IOException: 파이프가 닫히는 중입니다
	at java.base/java.io.FileOutputStream.writeBytes(Native Method)
	at java.base/java.io.FileOutputStream.write(FileOutputStream.java:400)
	at java.base/java.lang.Process$PipeOutputStream.write(Process.java:907)
	at java.base/java.io.BufferedOutputStream.flushBuffer(BufferedOutputStream.java:125)
	at java.base/java.io.BufferedOutputStream.implWrite(BufferedOutputStream.java:222)
	at java.base/java.io.BufferedOutputStream.write(BufferedOutputStream.java:200)
	at java.base/java.io.FilterOutputStream.write(FilterOutputStream.java:110)
	at org.eclipse.lsp4j.jsonrpc.json.StreamMessageConsumer.consume(StreamMessageConsumer.java:67)
	... 12 more

!ENTRY org.eclipse.jface.text 4 0 2025-09-16 14:54:47.172
!MESSAGE org.eclipse.lsp4j.jsonrpc.JsonRpcException: java.io.IOException: 파이프가 닫히는 중입니다
!STACK 0
java.util.concurrent.CompletionException: org.eclipse.lsp4j.jsonrpc.JsonRpcException: java.io.IOException: 파이프가 닫히는 중입니다
	at java.base/java.util.concurrent.CompletableFuture.wrapInCompletionException(CompletableFuture.java:323)
	at java.base/java.util.concurrent.CompletableFuture.encodeThrowable(CompletableFuture.java:376)
	at java.base/java.util.concurrent.CompletableFuture.uniApplyNow(CompletableFuture.java:718)
	at java.base/java.util.concurrent.CompletableFuture.uniApplyStage(CompletableFuture.java:706)
	at java.base/java.util.concurrent.CompletableFuture.thenApply(CompletableFuture.java:2244)
	at org.eclipse.lsp4e.operations.codelens.CodeLensProvider.lambda$1(CodeLensProvider.java:41)
	at org.eclipse.lsp4e.LanguageServers.lambda$24(LanguageServers.java:445)
	at org.eclipse.lsp4e.LanguageServerWrapper.lambda$17(LanguageServerWrapper.java:976)
	at java.base/java.util.concurrent.CompletableFuture$UniCompose.tryFire(CompletableFuture.java:1194)
	at java.base/java.util.concurrent.CompletableFuture$Completion.run(CompletableFuture.java:526)
	at java.base/java.util.concurrent.ThreadPoolExecutor.runWorker(ThreadPoolExecutor.java:1144)
	at java.base/java.util.concurrent.ThreadPoolExecutor$Worker.run(ThreadPoolExecutor.java:642)
	at java.base/java.lang.Thread.run(Thread.java:1575)
Caused by: org.eclipse.lsp4j.jsonrpc.JsonRpcException: java.io.IOException: 파이프가 닫히는 중입니다
	at org.eclipse.lsp4j.jsonrpc.json.StreamMessageConsumer.consume(StreamMessageConsumer.java:72)
	at org.eclipse.lsp4e.LanguageServerWrapper.lambda$3(LanguageServerWrapper.java:413)
	at org.eclipse.lsp4j.jsonrpc.RemoteEndpoint.request(RemoteEndpoint.java:171)
	at org.eclipse.lsp4j.jsonrpc.services.EndpointProxy.invoke(EndpointProxy.java:91)
	at jdk.proxy15/jdk.proxy15.$Proxy38.codeLens(Unknown Source)
	at org.eclipse.lsp4e.operations.codelens.CodeLensProvider.lambda$1(CodeLensProvider.java:40)
	... 7 more
Caused by: java.io.IOException: 파이프가 닫히는 중입니다
	at java.base/java.io.FileOutputStream.writeBytes(Native Method)
	at java.base/java.io.FileOutputStream.write(FileOutputStream.java:400)
	at java.base/java.lang.Process$PipeOutputStream.write(Process.java:907)
	at java.base/java.io.BufferedOutputStream.flushBuffer(BufferedOutputStream.java:125)
	at java.base/java.io.BufferedOutputStream.implWrite(BufferedOutputStream.java:222)
	at java.base/java.io.BufferedOutputStream.write(BufferedOutputStream.java:200)
	at java.base/java.io.FilterOutputStream.write(FilterOutputStream.java:110)
	at org.eclipse.lsp4j.jsonrpc.json.StreamMessageConsumer.consume(StreamMessageConsumer.java:67)
	... 12 more

!ENTRY org.eclipse.lsp4e 4 0 2025-09-16 14:54:47.173
!MESSAGE java.io.IOException: 파이프가 닫히는 중입니다
!STACK 0
org.eclipse.lsp4j.jsonrpc.JsonRpcException: java.io.IOException: 파이프가 닫히는 중입니다
	at org.eclipse.lsp4j.jsonrpc.json.StreamMessageConsumer.consume(StreamMessageConsumer.java:72)
	at org.eclipse.lsp4e.LanguageServerWrapper.lambda$3(LanguageServerWrapper.java:413)
	at org.eclipse.lsp4j.jsonrpc.RemoteEndpoint.request(RemoteEndpoint.java:171)
	at org.eclipse.lsp4j.jsonrpc.services.EndpointProxy.invoke(EndpointProxy.java:91)
	at jdk.proxy15/jdk.proxy15.$Proxy38.inlayHint(Unknown Source)
	at org.eclipse.lsp4e.operations.inlayhint.InlayHintProvider.lambda$1(InlayHintProvider.java:55)
	at org.eclipse.lsp4e.LanguageServers.lambda$24(LanguageServers.java:445)
	at org.eclipse.lsp4e.LanguageServerWrapper.lambda$17(LanguageServerWrapper.java:976)
	at java.base/java.util.concurrent.CompletableFuture$UniCompose.tryFire(CompletableFuture.java:1194)
	at java.base/java.util.concurrent.CompletableFuture$Completion.run(CompletableFuture.java:526)
	at java.base/java.util.concurrent.ThreadPoolExecutor.runWorker(ThreadPoolExecutor.java:1144)
	at java.base/java.util.concurrent.ThreadPoolExecutor$Worker.run(ThreadPoolExecutor.java:642)
	at java.base/java.lang.Thread.run(Thread.java:1575)
Caused by: java.io.IOException: 파이프가 닫히는 중입니다
	at java.base/java.io.FileOutputStream.writeBytes(Native Method)
	at java.base/java.io.FileOutputStream.write(FileOutputStream.java:400)
	at java.base/java.lang.Process$PipeOutputStream.write(Process.java:907)
	at java.base/java.io.BufferedOutputStream.flushBuffer(BufferedOutputStream.java:125)
	at java.base/java.io.BufferedOutputStream.implWrite(BufferedOutputStream.java:222)
	at java.base/java.io.BufferedOutputStream.write(BufferedOutputStream.java:200)
	at java.base/java.io.FilterOutputStream.write(FilterOutputStream.java:110)
	at org.eclipse.lsp4j.jsonrpc.json.StreamMessageConsumer.consume(StreamMessageConsumer.java:67)
	... 12 more

!ENTRY org.eclipse.jface.text 4 0 2025-09-16 14:54:47.173
!MESSAGE org.eclipse.lsp4j.jsonrpc.JsonRpcException: java.io.IOException: 파이프가 닫히는 중입니다
!STACK 0
java.util.concurrent.CompletionException: org.eclipse.lsp4j.jsonrpc.JsonRpcException: java.io.IOException: 파이프가 닫히는 중입니다
	at java.base/java.util.concurrent.CompletableFuture.wrapInCompletionException(CompletableFuture.java:323)
	at java.base/java.util.concurrent.CompletableFuture.encodeThrowable(CompletableFuture.java:376)
	at java.base/java.util.concurrent.CompletableFuture.uniApplyNow(CompletableFuture.java:718)
	at java.base/java.util.concurrent.CompletableFuture.uniApplyStage(CompletableFuture.java:706)
	at java.base/java.util.concurrent.CompletableFuture.thenApply(CompletableFuture.java:2244)
	at org.eclipse.lsp4e.operations.codelens.CodeLensProvider.lambda$1(CodeLensProvider.java:41)
	at org.eclipse.lsp4e.LanguageServers.lambda$24(LanguageServers.java:445)
	at org.eclipse.lsp4e.LanguageServerWrapper.lambda$17(LanguageServerWrapper.java:976)
	at java.base/java.util.concurrent.CompletableFuture$UniCompose.tryFire(CompletableFuture.java:1194)
	at java.base/java.util.concurrent.CompletableFuture$Completion.run(CompletableFuture.java:526)
	at java.base/java.util.concurrent.ThreadPoolExecutor.runWorker(ThreadPoolExecutor.java:1144)
	at java.base/java.util.concurrent.ThreadPoolExecutor$Worker.run(ThreadPoolExecutor.java:642)
	at java.base/java.lang.Thread.run(Thread.java:1575)
Caused by: org.eclipse.lsp4j.jsonrpc.JsonRpcException: java.io.IOException: 파이프가 닫히는 중입니다
	at org.eclipse.lsp4j.jsonrpc.json.StreamMessageConsumer.consume(StreamMessageConsumer.java:72)
	at org.eclipse.lsp4e.LanguageServerWrapper.lambda$3(LanguageServerWrapper.java:413)
	at org.eclipse.lsp4j.jsonrpc.RemoteEndpoint.request(RemoteEndpoint.java:171)
	at org.eclipse.lsp4j.jsonrpc.services.EndpointProxy.invoke(EndpointProxy.java:91)
	at jdk.proxy15/jdk.proxy15.$Proxy38.codeLens(Unknown Source)
	at org.eclipse.lsp4e.operations.codelens.CodeLensProvider.lambda$1(CodeLensProvider.java:40)
	... 7 more
Caused by: java.io.IOException: 파이프가 닫히는 중입니다
	at java.base/java.io.FileOutputStream.writeBytes(Native Method)
	at java.base/java.io.FileOutputStream.write(FileOutputStream.java:400)
	at java.base/java.lang.Process$PipeOutputStream.write(Process.java:907)
	at java.base/java.io.BufferedOutputStream.flushBuffer(BufferedOutputStream.java:125)
	at java.base/java.io.BufferedOutputStream.implWrite(BufferedOutputStream.java:222)
	at java.base/java.io.BufferedOutputStream.write(BufferedOutputStream.java:200)
	at java.base/java.io.FilterOutputStream.write(FilterOutputStream.java:110)
	at org.eclipse.lsp4j.jsonrpc.json.StreamMessageConsumer.consume(StreamMessageConsumer.java:67)
	... 12 more

!ENTRY org.eclipse.lsp4e 4 0 2025-09-16 14:54:47.173
!MESSAGE java.io.IOException: 파이프가 닫히는 중입니다
!STACK 0
org.eclipse.lsp4j.jsonrpc.JsonRpcException: java.io.IOException: 파이프가 닫히는 중입니다
	at org.eclipse.lsp4j.jsonrpc.json.StreamMessageConsumer.consume(StreamMessageConsumer.java:72)
	at org.eclipse.lsp4e.LanguageServerWrapper.lambda$3(LanguageServerWrapper.java:413)
	at org.eclipse.lsp4j.jsonrpc.RemoteEndpoint.request(RemoteEndpoint.java:171)
	at org.eclipse.lsp4j.jsonrpc.services.EndpointProxy.invoke(EndpointProxy.java:91)
	at jdk.proxy15/jdk.proxy15.$Proxy38.inlayHint(Unknown Source)
	at org.eclipse.lsp4e.operations.inlayhint.InlayHintProvider.lambda$1(InlayHintProvider.java:55)
	at org.eclipse.lsp4e.LanguageServers.lambda$24(LanguageServers.java:445)
	at org.eclipse.lsp4e.LanguageServerWrapper.lambda$17(LanguageServerWrapper.java:976)
	at java.base/java.util.concurrent.CompletableFuture$UniCompose.tryFire(CompletableFuture.java:1194)
	at java.base/java.util.concurrent.CompletableFuture$Completion.run(CompletableFuture.java:526)
	at java.base/java.util.concurrent.ThreadPoolExecutor.runWorker(ThreadPoolExecutor.java:1144)
	at java.base/java.util.concurrent.ThreadPoolExecutor$Worker.run(ThreadPoolExecutor.java:642)
	at java.base/java.lang.Thread.run(Thread.java:1575)
Caused by: java.io.IOException: 파이프가 닫히는 중입니다
	at java.base/java.io.FileOutputStream.writeBytes(Native Method)
	at java.base/java.io.FileOutputStream.write(FileOutputStream.java:400)
	at java.base/java.lang.Process$PipeOutputStream.write(Process.java:907)
	at java.base/java.io.BufferedOutputStream.flushBuffer(BufferedOutputStream.java:125)
	at java.base/java.io.BufferedOutputStream.implWrite(BufferedOutputStream.java:222)
	at java.base/java.io.BufferedOutputStream.write(BufferedOutputStream.java:200)
	at java.base/java.io.FilterOutputStream.write(FilterOutputStream.java:110)
	at org.eclipse.lsp4j.jsonrpc.json.StreamMessageConsumer.consume(StreamMessageConsumer.java:67)
	... 12 more

!ENTRY org.eclipse.jface.text 4 0 2025-09-16 14:54:47.174
!MESSAGE org.eclipse.lsp4j.jsonrpc.JsonRpcException: java.io.IOException: 파이프가 닫히는 중입니다
!STACK 0
java.util.concurrent.CompletionException: org.eclipse.lsp4j.jsonrpc.JsonRpcException: java.io.IOException: 파이프가 닫히는 중입니다
	at java.base/java.util.concurrent.CompletableFuture.wrapInCompletionException(CompletableFuture.java:323)
	at java.base/java.util.concurrent.CompletableFuture.encodeThrowable(CompletableFuture.java:376)
	at java.base/java.util.concurrent.CompletableFuture.uniApplyNow(CompletableFuture.java:718)
	at java.base/java.util.concurrent.CompletableFuture.uniApplyStage(CompletableFuture.java:706)
	at java.base/java.util.concurrent.CompletableFuture.thenApply(CompletableFuture.java:2244)
	at org.eclipse.lsp4e.operations.codelens.CodeLensProvider.lambda$1(CodeLensProvider.java:41)
	at org.eclipse.lsp4e.LanguageServers.lambda$24(LanguageServers.java:445)
	at org.eclipse.lsp4e.LanguageServerWrapper.lambda$17(LanguageServerWrapper.java:976)
	at java.base/java.util.concurrent.CompletableFuture$UniCompose.tryFire(CompletableFuture.java:1194)
	at java.base/java.util.concurrent.CompletableFuture$Completion.run(CompletableFuture.java:526)
	at java.base/java.util.concurrent.ThreadPoolExecutor.runWorker(ThreadPoolExecutor.java:1144)
	at java.base/java.util.concurrent.ThreadPoolExecutor$Worker.run(ThreadPoolExecutor.java:642)
	at java.base/java.lang.Thread.run(Thread.java:1575)
Caused by: org.eclipse.lsp4j.jsonrpc.JsonRpcException: java.io.IOException: 파이프가 닫히는 중입니다
	at org.eclipse.lsp4j.jsonrpc.json.StreamMessageConsumer.consume(StreamMessageConsumer.java:72)
	at org.eclipse.lsp4e.LanguageServerWrapper.lambda$3(LanguageServerWrapper.java:413)
	at org.eclipse.lsp4j.jsonrpc.RemoteEndpoint.request(RemoteEndpoint.java:171)
	at org.eclipse.lsp4j.jsonrpc.services.EndpointProxy.invoke(EndpointProxy.java:91)
	at jdk.proxy15/jdk.proxy15.$Proxy38.codeLens(Unknown Source)
	at org.eclipse.lsp4e.operations.codelens.CodeLensProvider.lambda$1(CodeLensProvider.java:40)
	... 7 more
Caused by: java.io.IOException: 파이프가 닫히는 중입니다
	at java.base/java.io.FileOutputStream.writeBytes(Native Method)
	at java.base/java.io.FileOutputStream.write(FileOutputStream.java:400)
	at java.base/java.lang.Process$PipeOutputStream.write(Process.java:907)
	at java.base/java.io.BufferedOutputStream.flushBuffer(BufferedOutputStream.java:125)
	at java.base/java.io.BufferedOutputStream.implWrite(BufferedOutputStream.java:222)
	at java.base/java.io.BufferedOutputStream.write(BufferedOutputStream.java:200)
	at java.base/java.io.FilterOutputStream.write(FilterOutputStream.java:110)
	at org.eclipse.lsp4j.jsonrpc.json.StreamMessageConsumer.consume(StreamMessageConsumer.java:67)
	... 12 more

!ENTRY org.eclipse.lsp4e 4 0 2025-09-16 14:54:47.174
!MESSAGE java.io.IOException: 파이프가 닫히는 중입니다
!STACK 0
org.eclipse.lsp4j.jsonrpc.JsonRpcException: java.io.IOException: 파이프가 닫히는 중입니다
	at org.eclipse.lsp4j.jsonrpc.json.StreamMessageConsumer.consume(StreamMessageConsumer.java:72)
	at org.eclipse.lsp4e.LanguageServerWrapper.lambda$3(LanguageServerWrapper.java:413)
	at org.eclipse.lsp4j.jsonrpc.RemoteEndpoint.request(RemoteEndpoint.java:171)
	at org.eclipse.lsp4j.jsonrpc.services.EndpointProxy.invoke(EndpointProxy.java:91)
	at jdk.proxy15/jdk.proxy15.$Proxy38.inlayHint(Unknown Source)
	at org.eclipse.lsp4e.operations.inlayhint.InlayHintProvider.lambda$1(InlayHintProvider.java:55)
	at org.eclipse.lsp4e.LanguageServers.lambda$24(LanguageServers.java:445)
	at org.eclipse.lsp4e.LanguageServerWrapper.lambda$17(LanguageServerWrapper.java:976)
	at java.base/java.util.concurrent.CompletableFuture$UniCompose.tryFire(CompletableFuture.java:1194)
	at java.base/java.util.concurrent.CompletableFuture$Completion.run(CompletableFuture.java:526)
	at java.base/java.util.concurrent.ThreadPoolExecutor.runWorker(ThreadPoolExecutor.java:1144)
	at java.base/java.util.concurrent.ThreadPoolExecutor$Worker.run(ThreadPoolExecutor.java:642)
	at java.base/java.lang.Thread.run(Thread.java:1575)
Caused by: java.io.IOException: 파이프가 닫히는 중입니다
	at java.base/java.io.FileOutputStream.writeBytes(Native Method)
	at java.base/java.io.FileOutputStream.write(FileOutputStream.java:400)
	at java.base/java.lang.Process$PipeOutputStream.write(Process.java:907)
	at java.base/java.io.BufferedOutputStream.flushBuffer(BufferedOutputStream.java:125)
	at java.base/java.io.BufferedOutputStream.implWrite(BufferedOutputStream.java:222)
	at java.base/java.io.BufferedOutputStream.write(BufferedOutputStream.java:200)
	at java.base/java.io.FilterOutputStream.write(FilterOutputStream.java:110)
	at org.eclipse.lsp4j.jsonrpc.json.StreamMessageConsumer.consume(StreamMessageConsumer.java:67)
	... 12 more

!ENTRY org.eclipse.jface.text 4 0 2025-09-16 14:54:47.175
!MESSAGE org.eclipse.lsp4j.jsonrpc.JsonRpcException: java.io.IOException: 파이프가 닫히는 중입니다
!STACK 0
java.util.concurrent.CompletionException: org.eclipse.lsp4j.jsonrpc.JsonRpcException: java.io.IOException: 파이프가 닫히는 중입니다
	at java.base/java.util.concurrent.CompletableFuture.wrapInCompletionException(CompletableFuture.java:323)
	at java.base/java.util.concurrent.CompletableFuture.encodeThrowable(CompletableFuture.java:376)
	at java.base/java.util.concurrent.CompletableFuture.uniApplyNow(CompletableFuture.java:718)
	at java.base/java.util.concurrent.CompletableFuture.uniApplyStage(CompletableFuture.java:706)
	at java.base/java.util.concurrent.CompletableFuture.thenApply(CompletableFuture.java:2244)
	at org.eclipse.lsp4e.operations.codelens.CodeLensProvider.lambda$1(CodeLensProvider.java:41)
	at org.eclipse.lsp4e.LanguageServers.lambda$24(LanguageServers.java:445)
	at org.eclipse.lsp4e.LanguageServerWrapper.lambda$17(LanguageServerWrapper.java:976)
	at java.base/java.util.concurrent.CompletableFuture$UniCompose.tryFire(CompletableFuture.java:1194)
	at java.base/java.util.concurrent.CompletableFuture$Completion.run(CompletableFuture.java:526)
	at java.base/java.util.concurrent.ThreadPoolExecutor.runWorker(ThreadPoolExecutor.java:1144)
	at java.base/java.util.concurrent.ThreadPoolExecutor$Worker.run(ThreadPoolExecutor.java:642)
	at java.base/java.lang.Thread.run(Thread.java:1575)
Caused by: org.eclipse.lsp4j.jsonrpc.JsonRpcException: java.io.IOException: 파이프가 닫히는 중입니다
	at org.eclipse.lsp4j.jsonrpc.json.StreamMessageConsumer.consume(StreamMessageConsumer.java:72)
	at org.eclipse.lsp4e.LanguageServerWrapper.lambda$3(LanguageServerWrapper.java:413)
	at org.eclipse.lsp4j.jsonrpc.RemoteEndpoint.request(RemoteEndpoint.java:171)
	at org.eclipse.lsp4j.jsonrpc.services.EndpointProxy.invoke(EndpointProxy.java:91)
	at jdk.proxy15/jdk.proxy15.$Proxy38.codeLens(Unknown Source)
	at org.eclipse.lsp4e.operations.codelens.CodeLensProvider.lambda$1(CodeLensProvider.java:40)
	... 7 more
Caused by: java.io.IOException: 파이프가 닫히는 중입니다
	at java.base/java.io.FileOutputStream.writeBytes(Native Method)
	at java.base/java.io.FileOutputStream.write(FileOutputStream.java:400)
	at java.base/java.lang.Process$PipeOutputStream.write(Process.java:907)
	at java.base/java.io.BufferedOutputStream.flushBuffer(BufferedOutputStream.java:125)
	at java.base/java.io.BufferedOutputStream.implWrite(BufferedOutputStream.java:222)
	at java.base/java.io.BufferedOutputStream.write(BufferedOutputStream.java:200)
	at java.base/java.io.FilterOutputStream.write(FilterOutputStream.java:110)
	at org.eclipse.lsp4j.jsonrpc.json.StreamMessageConsumer.consume(StreamMessageConsumer.java:67)
	... 12 more

!ENTRY org.eclipse.lsp4e 4 0 2025-09-16 14:54:47.175
!MESSAGE java.io.IOException: 파이프가 닫히는 중입니다
!STACK 0
org.eclipse.lsp4j.jsonrpc.JsonRpcException: java.io.IOException: 파이프가 닫히는 중입니다
	at org.eclipse.lsp4j.jsonrpc.json.StreamMessageConsumer.consume(StreamMessageConsumer.java:72)
	at org.eclipse.lsp4e.LanguageServerWrapper.lambda$3(LanguageServerWrapper.java:413)
	at org.eclipse.lsp4j.jsonrpc.RemoteEndpoint.request(RemoteEndpoint.java:171)
	at org.eclipse.lsp4j.jsonrpc.services.EndpointProxy.invoke(EndpointProxy.java:91)
	at jdk.proxy15/jdk.proxy15.$Proxy38.inlayHint(Unknown Source)
	at org.eclipse.lsp4e.operations.inlayhint.InlayHintProvider.lambda$1(InlayHintProvider.java:55)
	at org.eclipse.lsp4e.LanguageServers.lambda$24(LanguageServers.java:445)
	at org.eclipse.lsp4e.LanguageServerWrapper.lambda$17(LanguageServerWrapper.java:976)
	at java.base/java.util.concurrent.CompletableFuture$UniCompose.tryFire(CompletableFuture.java:1194)
	at java.base/java.util.concurrent.CompletableFuture$Completion.run(CompletableFuture.java:526)
	at java.base/java.util.concurrent.ThreadPoolExecutor.runWorker(ThreadPoolExecutor.java:1144)
	at java.base/java.util.concurrent.ThreadPoolExecutor$Worker.run(ThreadPoolExecutor.java:642)
	at java.base/java.lang.Thread.run(Thread.java:1575)
Caused by: java.io.IOException: 파이프가 닫히는 중입니다
	at java.base/java.io.FileOutputStream.writeBytes(Native Method)
	at java.base/java.io.FileOutputStream.write(FileOutputStream.java:400)
	at java.base/java.lang.Process$PipeOutputStream.write(Process.java:907)
	at java.base/java.io.BufferedOutputStream.flushBuffer(BufferedOutputStream.java:125)
	at java.base/java.io.BufferedOutputStream.implWrite(BufferedOutputStream.java:222)
	at java.base/java.io.BufferedOutputStream.write(BufferedOutputStream.java:200)
	at java.base/java.io.FilterOutputStream.write(FilterOutputStream.java:110)
	at org.eclipse.lsp4j.jsonrpc.json.StreamMessageConsumer.consume(StreamMessageConsumer.java:67)
	... 12 more

!ENTRY org.eclipse.jface.text 4 0 2025-09-16 14:54:47.175
!MESSAGE org.eclipse.lsp4j.jsonrpc.JsonRpcException: java.io.IOException: 파이프가 닫히는 중입니다
!STACK 0
java.util.concurrent.CompletionException: org.eclipse.lsp4j.jsonrpc.JsonRpcException: java.io.IOException: 파이프가 닫히는 중입니다
	at java.base/java.util.concurrent.CompletableFuture.wrapInCompletionException(CompletableFuture.java:323)
	at java.base/java.util.concurrent.CompletableFuture.encodeThrowable(CompletableFuture.java:376)
	at java.base/java.util.concurrent.CompletableFuture.uniApplyNow(CompletableFuture.java:718)
	at java.base/java.util.concurrent.CompletableFuture.uniApplyStage(CompletableFuture.java:706)
	at java.base/java.util.concurrent.CompletableFuture.thenApply(CompletableFuture.java:2244)
	at org.eclipse.lsp4e.operations.codelens.CodeLensProvider.lambda$1(CodeLensProvider.java:41)
	at org.eclipse.lsp4e.LanguageServers.lambda$24(LanguageServers.java:445)
	at org.eclipse.lsp4e.LanguageServerWrapper.lambda$17(LanguageServerWrapper.java:976)
	at java.base/java.util.concurrent.CompletableFuture$UniCompose.tryFire(CompletableFuture.java:1194)
	at java.base/java.util.concurrent.CompletableFuture$Completion.run(CompletableFuture.java:526)
	at java.base/java.util.concurrent.ThreadPoolExecutor.runWorker(ThreadPoolExecutor.java:1144)
	at java.base/java.util.concurrent.ThreadPoolExecutor$Worker.run(ThreadPoolExecutor.java:642)
	at java.base/java.lang.Thread.run(Thread.java:1575)
Caused by: org.eclipse.lsp4j.jsonrpc.JsonRpcException: java.io.IOException: 파이프가 닫히는 중입니다
	at org.eclipse.lsp4j.jsonrpc.json.StreamMessageConsumer.consume(StreamMessageConsumer.java:72)
	at org.eclipse.lsp4e.LanguageServerWrapper.lambda$3(LanguageServerWrapper.java:413)
	at org.eclipse.lsp4j.jsonrpc.RemoteEndpoint.request(RemoteEndpoint.java:171)
	at org.eclipse.lsp4j.jsonrpc.services.EndpointProxy.invoke(EndpointProxy.java:91)
	at jdk.proxy15/jdk.proxy15.$Proxy38.codeLens(Unknown Source)
	at org.eclipse.lsp4e.operations.codelens.CodeLensProvider.lambda$1(CodeLensProvider.java:40)
	... 7 more
Caused by: java.io.IOException: 파이프가 닫히는 중입니다
	at java.base/java.io.FileOutputStream.writeBytes(Native Method)
	at java.base/java.io.FileOutputStream.write(FileOutputStream.java:400)
	at java.base/java.lang.Process$PipeOutputStream.write(Process.java:907)
	at java.base/java.io.BufferedOutputStream.flushBuffer(BufferedOutputStream.java:125)
	at java.base/java.io.BufferedOutputStream.implWrite(BufferedOutputStream.java:222)
	at java.base/java.io.BufferedOutputStream.write(BufferedOutputStream.java:200)
	at java.base/java.io.FilterOutputStream.write(FilterOutputStream.java:110)
	at org.eclipse.lsp4j.jsonrpc.json.StreamMessageConsumer.consume(StreamMessageConsumer.java:67)
	... 12 more

!ENTRY org.eclipse.lsp4e 4 0 2025-09-16 14:54:47.176
!MESSAGE java.io.IOException: 파이프가 닫히는 중입니다
!STACK 0
org.eclipse.lsp4j.jsonrpc.JsonRpcException: java.io.IOException: 파이프가 닫히는 중입니다
	at org.eclipse.lsp4j.jsonrpc.json.StreamMessageConsumer.consume(StreamMessageConsumer.java:72)
	at org.eclipse.lsp4e.LanguageServerWrapper.lambda$3(LanguageServerWrapper.java:413)
	at org.eclipse.lsp4j.jsonrpc.RemoteEndpoint.request(RemoteEndpoint.java:171)
	at org.eclipse.lsp4j.jsonrpc.services.EndpointProxy.invoke(EndpointProxy.java:91)
	at jdk.proxy15/jdk.proxy15.$Proxy38.inlayHint(Unknown Source)
	at org.eclipse.lsp4e.operations.inlayhint.InlayHintProvider.lambda$1(InlayHintProvider.java:55)
	at org.eclipse.lsp4e.LanguageServers.lambda$24(LanguageServers.java:445)
	at org.eclipse.lsp4e.LanguageServerWrapper.lambda$17(LanguageServerWrapper.java:976)
	at java.base/java.util.concurrent.CompletableFuture$UniCompose.tryFire(CompletableFuture.java:1194)
	at java.base/java.util.concurrent.CompletableFuture$Completion.run(CompletableFuture.java:526)
	at java.base/java.util.concurrent.ThreadPoolExecutor.runWorker(ThreadPoolExecutor.java:1144)
	at java.base/java.util.concurrent.ThreadPoolExecutor$Worker.run(ThreadPoolExecutor.java:642)
	at java.base/java.lang.Thread.run(Thread.java:1575)
Caused by: java.io.IOException: 파이프가 닫히는 중입니다
	at java.base/java.io.FileOutputStream.writeBytes(Native Method)
	at java.base/java.io.FileOutputStream.write(FileOutputStream.java:400)
	at java.base/java.lang.Process$PipeOutputStream.write(Process.java:907)
	at java.base/java.io.BufferedOutputStream.flushBuffer(BufferedOutputStream.java:125)
	at java.base/java.io.BufferedOutputStream.implWrite(BufferedOutputStream.java:222)
	at java.base/java.io.BufferedOutputStream.write(BufferedOutputStream.java:200)
	at java.base/java.io.FilterOutputStream.write(FilterOutputStream.java:110)
	at org.eclipse.lsp4j.jsonrpc.json.StreamMessageConsumer.consume(StreamMessageConsumer.java:67)
	... 12 more

!ENTRY org.eclipse.jface.text 4 0 2025-09-16 14:54:47.176
!MESSAGE org.eclipse.lsp4j.jsonrpc.JsonRpcException: java.io.IOException: 파이프가 닫히는 중입니다
!STACK 0
java.util.concurrent.CompletionException: org.eclipse.lsp4j.jsonrpc.JsonRpcException: java.io.IOException: 파이프가 닫히는 중입니다
	at java.base/java.util.concurrent.CompletableFuture.wrapInCompletionException(CompletableFuture.java:323)
	at java.base/java.util.concurrent.CompletableFuture.encodeThrowable(CompletableFuture.java:376)
	at java.base/java.util.concurrent.CompletableFuture.uniApplyNow(CompletableFuture.java:718)
	at java.base/java.util.concurrent.CompletableFuture.uniApplyStage(CompletableFuture.java:706)
	at java.base/java.util.concurrent.CompletableFuture.thenApply(CompletableFuture.java:2244)
	at org.eclipse.lsp4e.operations.codelens.CodeLensProvider.lambda$1(CodeLensProvider.java:41)
	at org.eclipse.lsp4e.LanguageServers.lambda$24(LanguageServers.java:445)
	at org.eclipse.lsp4e.LanguageServerWrapper.lambda$17(LanguageServerWrapper.java:976)
	at java.base/java.util.concurrent.CompletableFuture$UniCompose.tryFire(CompletableFuture.java:1194)
	at java.base/java.util.concurrent.CompletableFuture$Completion.run(CompletableFuture.java:526)
	at java.base/java.util.concurrent.ThreadPoolExecutor.runWorker(ThreadPoolExecutor.java:1144)
	at java.base/java.util.concurrent.ThreadPoolExecutor$Worker.run(ThreadPoolExecutor.java:642)
	at java.base/java.lang.Thread.run(Thread.java:1575)
Caused by: org.eclipse.lsp4j.jsonrpc.JsonRpcException: java.io.IOException: 파이프가 닫히는 중입니다
	at org.eclipse.lsp4j.jsonrpc.json.StreamMessageConsumer.consume(StreamMessageConsumer.java:72)
	at org.eclipse.lsp4e.LanguageServerWrapper.lambda$3(LanguageServerWrapper.java:413)
	at org.eclipse.lsp4j.jsonrpc.RemoteEndpoint.request(RemoteEndpoint.java:171)
	at org.eclipse.lsp4j.jsonrpc.services.EndpointProxy.invoke(EndpointProxy.java:91)
	at jdk.proxy15/jdk.proxy15.$Proxy38.codeLens(Unknown Source)
	at org.eclipse.lsp4e.operations.codelens.CodeLensProvider.lambda$1(CodeLensProvider.java:40)
	... 7 more
Caused by: java.io.IOException: 파이프가 닫히는 중입니다
	at java.base/java.io.FileOutputStream.writeBytes(Native Method)
	at java.base/java.io.FileOutputStream.write(FileOutputStream.java:400)
	at java.base/java.lang.Process$PipeOutputStream.write(Process.java:907)
	at java.base/java.io.BufferedOutputStream.flushBuffer(BufferedOutputStream.java:125)
	at java.base/java.io.BufferedOutputStream.implWrite(BufferedOutputStream.java:222)
	at java.base/java.io.BufferedOutputStream.write(BufferedOutputStream.java:200)
	at java.base/java.io.FilterOutputStream.write(FilterOutputStream.java:110)
	at org.eclipse.lsp4j.jsonrpc.json.StreamMessageConsumer.consume(StreamMessageConsumer.java:67)
	... 12 more

!ENTRY org.eclipse.lsp4e 4 0 2025-09-16 14:54:47.176
!MESSAGE java.io.IOException: 파이프가 닫히는 중입니다
!STACK 0
org.eclipse.lsp4j.jsonrpc.JsonRpcException: java.io.IOException: 파이프가 닫히는 중입니다
	at org.eclipse.lsp4j.jsonrpc.json.StreamMessageConsumer.consume(StreamMessageConsumer.java:72)
	at org.eclipse.lsp4e.LanguageServerWrapper.lambda$3(LanguageServerWrapper.java:413)
	at org.eclipse.lsp4j.jsonrpc.RemoteEndpoint.request(RemoteEndpoint.java:171)
	at org.eclipse.lsp4j.jsonrpc.services.EndpointProxy.invoke(EndpointProxy.java:91)
	at jdk.proxy15/jdk.proxy15.$Proxy38.inlayHint(Unknown Source)
	at org.eclipse.lsp4e.operations.inlayhint.InlayHintProvider.lambda$1(InlayHintProvider.java:55)
	at org.eclipse.lsp4e.LanguageServers.lambda$24(LanguageServers.java:445)
	at org.eclipse.lsp4e.LanguageServerWrapper.lambda$17(LanguageServerWrapper.java:976)
	at java.base/java.util.concurrent.CompletableFuture$UniCompose.tryFire(CompletableFuture.java:1194)
	at java.base/java.util.concurrent.CompletableFuture$Completion.run(CompletableFuture.java:526)
	at java.base/java.util.concurrent.ThreadPoolExecutor.runWorker(ThreadPoolExecutor.java:1144)
	at java.base/java.util.concurrent.ThreadPoolExecutor$Worker.run(ThreadPoolExecutor.java:642)
	at java.base/java.lang.Thread.run(Thread.java:1575)
Caused by: java.io.IOException: 파이프가 닫히는 중입니다
	at java.base/java.io.FileOutputStream.writeBytes(Native Method)
	at java.base/java.io.FileOutputStream.write(FileOutputStream.java:400)
	at java.base/java.lang.Process$PipeOutputStream.write(Process.java:907)
	at java.base/java.io.BufferedOutputStream.flushBuffer(BufferedOutputStream.java:125)
	at java.base/java.io.BufferedOutputStream.implWrite(BufferedOutputStream.java:222)
	at java.base/java.io.BufferedOutputStream.write(BufferedOutputStream.java:200)
	at java.base/java.io.FilterOutputStream.write(FilterOutputStream.java:110)
	at org.eclipse.lsp4j.jsonrpc.json.StreamMessageConsumer.consume(StreamMessageConsumer.java:67)
	... 12 more

!ENTRY org.eclipse.jface.text 4 0 2025-09-16 14:54:47.177
!MESSAGE org.eclipse.lsp4j.jsonrpc.JsonRpcException: java.io.IOException: 파이프가 닫히는 중입니다
!STACK 0
java.util.concurrent.CompletionException: org.eclipse.lsp4j.jsonrpc.JsonRpcException: java.io.IOException: 파이프가 닫히는 중입니다
	at java.base/java.util.concurrent.CompletableFuture.wrapInCompletionException(CompletableFuture.java:323)
	at java.base/java.util.concurrent.CompletableFuture.encodeThrowable(CompletableFuture.java:376)
	at java.base/java.util.concurrent.CompletableFuture.uniApplyNow(CompletableFuture.java:718)
	at java.base/java.util.concurrent.CompletableFuture.uniApplyStage(CompletableFuture.java:706)
	at java.base/java.util.concurrent.CompletableFuture.thenApply(CompletableFuture.java:2244)
	at org.eclipse.lsp4e.operations.codelens.CodeLensProvider.lambda$1(CodeLensProvider.java:41)
	at org.eclipse.lsp4e.LanguageServers.lambda$24(LanguageServers.java:445)
	at org.eclipse.lsp4e.LanguageServerWrapper.lambda$17(LanguageServerWrapper.java:976)
	at java.base/java.util.concurrent.CompletableFuture$UniCompose.tryFire(CompletableFuture.java:1194)
	at java.base/java.util.concurrent.CompletableFuture$Completion.run(CompletableFuture.java:526)
	at java.base/java.util.concurrent.ThreadPoolExecutor.runWorker(ThreadPoolExecutor.java:1144)
	at java.base/java.util.concurrent.ThreadPoolExecutor$Worker.run(ThreadPoolExecutor.java:642)
	at java.base/java.lang.Thread.run(Thread.java:1575)
Caused by: org.eclipse.lsp4j.jsonrpc.JsonRpcException: java.io.IOException: 파이프가 닫히는 중입니다
	at org.eclipse.lsp4j.jsonrpc.json.StreamMessageConsumer.consume(StreamMessageConsumer.java:72)
	at org.eclipse.lsp4e.LanguageServerWrapper.lambda$3(LanguageServerWrapper.java:413)
	at org.eclipse.lsp4j.jsonrpc.RemoteEndpoint.request(RemoteEndpoint.java:171)
	at org.eclipse.lsp4j.jsonrpc.services.EndpointProxy.invoke(EndpointProxy.java:91)
	at jdk.proxy15/jdk.proxy15.$Proxy38.codeLens(Unknown Source)
	at org.eclipse.lsp4e.operations.codelens.CodeLensProvider.lambda$1(CodeLensProvider.java:40)
	... 7 more
Caused by: java.io.IOException: 파이프가 닫히는 중입니다
	at java.base/java.io.FileOutputStream.writeBytes(Native Method)
	at java.base/java.io.FileOutputStream.write(FileOutputStream.java:400)
	at java.base/java.lang.Process$PipeOutputStream.write(Process.java:907)
	at java.base/java.io.BufferedOutputStream.flushBuffer(BufferedOutputStream.java:125)
	at java.base/java.io.BufferedOutputStream.implWrite(BufferedOutputStream.java:222)
	at java.base/java.io.BufferedOutputStream.write(BufferedOutputStream.java:200)
	at java.base/java.io.FilterOutputStream.write(FilterOutputStream.java:110)
	at org.eclipse.lsp4j.jsonrpc.json.StreamMessageConsumer.consume(StreamMessageConsumer.java:67)
	... 12 more

!ENTRY org.eclipse.lsp4e 4 0 2025-09-16 14:54:47.177
!MESSAGE java.io.IOException: 파이프가 닫히는 중입니다
!STACK 0
org.eclipse.lsp4j.jsonrpc.JsonRpcException: java.io.IOException: 파이프가 닫히는 중입니다
	at org.eclipse.lsp4j.jsonrpc.json.StreamMessageConsumer.consume(StreamMessageConsumer.java:72)
	at org.eclipse.lsp4e.LanguageServerWrapper.lambda$3(LanguageServerWrapper.java:413)
	at org.eclipse.lsp4j.jsonrpc.RemoteEndpoint.request(RemoteEndpoint.java:171)
	at org.eclipse.lsp4j.jsonrpc.services.EndpointProxy.invoke(EndpointProxy.java:91)
	at jdk.proxy15/jdk.proxy15.$Proxy38.inlayHint(Unknown Source)
	at org.eclipse.lsp4e.operations.inlayhint.InlayHintProvider.lambda$1(InlayHintProvider.java:55)
	at org.eclipse.lsp4e.LanguageServers.lambda$24(LanguageServers.java:445)
	at org.eclipse.lsp4e.LanguageServerWrapper.lambda$17(LanguageServerWrapper.java:976)
	at java.base/java.util.concurrent.CompletableFuture$UniCompose.tryFire(CompletableFuture.java:1194)
	at java.base/java.util.concurrent.CompletableFuture$Completion.run(CompletableFuture.java:526)
	at java.base/java.util.concurrent.ThreadPoolExecutor.runWorker(ThreadPoolExecutor.java:1144)
	at java.base/java.util.concurrent.ThreadPoolExecutor$Worker.run(ThreadPoolExecutor.java:642)
	at java.base/java.lang.Thread.run(Thread.java:1575)
Caused by: java.io.IOException: 파이프가 닫히는 중입니다
	at java.base/java.io.FileOutputStream.writeBytes(Native Method)
	at java.base/java.io.FileOutputStream.write(FileOutputStream.java:400)
	at java.base/java.lang.Process$PipeOutputStream.write(Process.java:907)
	at java.base/java.io.BufferedOutputStream.flushBuffer(BufferedOutputStream.java:125)
	at java.base/java.io.BufferedOutputStream.implWrite(BufferedOutputStream.java:222)
	at java.base/java.io.BufferedOutputStream.write(BufferedOutputStream.java:200)
	at java.base/java.io.FilterOutputStream.write(FilterOutputStream.java:110)
	at org.eclipse.lsp4j.jsonrpc.json.StreamMessageConsumer.consume(StreamMessageConsumer.java:67)
	... 12 more

!ENTRY org.eclipse.jface.text 4 0 2025-09-16 14:54:47.177
!MESSAGE org.eclipse.lsp4j.jsonrpc.JsonRpcException: java.io.IOException: 파이프가 닫히는 중입니다
!STACK 0
java.util.concurrent.CompletionException: org.eclipse.lsp4j.jsonrpc.JsonRpcException: java.io.IOException: 파이프가 닫히는 중입니다
	at java.base/java.util.concurrent.CompletableFuture.wrapInCompletionException(CompletableFuture.java:323)
	at java.base/java.util.concurrent.CompletableFuture.encodeThrowable(CompletableFuture.java:376)
	at java.base/java.util.concurrent.CompletableFuture.uniApplyNow(CompletableFuture.java:718)
	at java.base/java.util.concurrent.CompletableFuture.uniApplyStage(CompletableFuture.java:706)
	at java.base/java.util.concurrent.CompletableFuture.thenApply(CompletableFuture.java:2244)
	at org.eclipse.lsp4e.operations.codelens.CodeLensProvider.lambda$1(CodeLensProvider.java:41)
	at org.eclipse.lsp4e.LanguageServers.lambda$24(LanguageServers.java:445)
	at org.eclipse.lsp4e.LanguageServerWrapper.lambda$17(LanguageServerWrapper.java:976)
	at java.base/java.util.concurrent.CompletableFuture$UniCompose.tryFire(CompletableFuture.java:1194)
	at java.base/java.util.concurrent.CompletableFuture$Completion.run(CompletableFuture.java:526)
	at java.base/java.util.concurrent.ThreadPoolExecutor.runWorker(ThreadPoolExecutor.java:1144)
	at java.base/java.util.concurrent.ThreadPoolExecutor$Worker.run(ThreadPoolExecutor.java:642)
	at java.base/java.lang.Thread.run(Thread.java:1575)
Caused by: org.eclipse.lsp4j.jsonrpc.JsonRpcException: java.io.IOException: 파이프가 닫히는 중입니다
	at org.eclipse.lsp4j.jsonrpc.json.StreamMessageConsumer.consume(StreamMessageConsumer.java:72)
	at org.eclipse.lsp4e.LanguageServerWrapper.lambda$3(LanguageServerWrapper.java:413)
	at org.eclipse.lsp4j.jsonrpc.RemoteEndpoint.request(RemoteEndpoint.java:171)
	at org.eclipse.lsp4j.jsonrpc.services.EndpointProxy.invoke(EndpointProxy.java:91)
	at jdk.proxy15/jdk.proxy15.$Proxy38.codeLens(Unknown Source)
	at org.eclipse.lsp4e.operations.codelens.CodeLensProvider.lambda$1(CodeLensProvider.java:40)
	... 7 more
Caused by: java.io.IOException: 파이프가 닫히는 중입니다
	at java.base/java.io.FileOutputStream.writeBytes(Native Method)
	at java.base/java.io.FileOutputStream.write(FileOutputStream.java:400)
	at java.base/java.lang.Process$PipeOutputStream.write(Process.java:907)
	at java.base/java.io.BufferedOutputStream.flushBuffer(BufferedOutputStream.java:125)
	at java.base/java.io.BufferedOutputStream.implWrite(BufferedOutputStream.java:222)
	at java.base/java.io.BufferedOutputStream.write(BufferedOutputStream.java:200)
	at java.base/java.io.FilterOutputStream.write(FilterOutputStream.java:110)
	at org.eclipse.lsp4j.jsonrpc.json.StreamMessageConsumer.consume(StreamMessageConsumer.java:67)
	... 12 more

!ENTRY org.eclipse.lsp4e 4 0 2025-09-16 14:54:47.178
!MESSAGE java.io.IOException: 파이프가 닫히는 중입니다
!STACK 0
org.eclipse.lsp4j.jsonrpc.JsonRpcException: java.io.IOException: 파이프가 닫히는 중입니다
	at org.eclipse.lsp4j.jsonrpc.json.StreamMessageConsumer.consume(StreamMessageConsumer.java:72)
	at org.eclipse.lsp4e.LanguageServerWrapper.lambda$3(LanguageServerWrapper.java:413)
	at org.eclipse.lsp4j.jsonrpc.RemoteEndpoint.request(RemoteEndpoint.java:171)
	at org.eclipse.lsp4j.jsonrpc.services.EndpointProxy.invoke(EndpointProxy.java:91)
	at jdk.proxy15/jdk.proxy15.$Proxy38.inlayHint(Unknown Source)
	at org.eclipse.lsp4e.operations.inlayhint.InlayHintProvider.lambda$1(InlayHintProvider.java:55)
	at org.eclipse.lsp4e.LanguageServers.lambda$24(LanguageServers.java:445)
	at org.eclipse.lsp4e.LanguageServerWrapper.lambda$17(LanguageServerWrapper.java:976)
	at java.base/java.util.concurrent.CompletableFuture$UniCompose.tryFire(CompletableFuture.java:1194)
	at java.base/java.util.concurrent.CompletableFuture$Completion.run(CompletableFuture.java:526)
	at java.base/java.util.concurrent.ThreadPoolExecutor.runWorker(ThreadPoolExecutor.java:1144)
	at java.base/java.util.concurrent.ThreadPoolExecutor$Worker.run(ThreadPoolExecutor.java:642)
	at java.base/java.lang.Thread.run(Thread.java:1575)
Caused by: java.io.IOException: 파이프가 닫히는 중입니다
	at java.base/java.io.FileOutputStream.writeBytes(Native Method)
	at java.base/java.io.FileOutputStream.write(FileOutputStream.java:400)
	at java.base/java.lang.Process$PipeOutputStream.write(Process.java:907)
	at java.base/java.io.BufferedOutputStream.flushBuffer(BufferedOutputStream.java:125)
	at java.base/java.io.BufferedOutputStream.implWrite(BufferedOutputStream.java:222)
	at java.base/java.io.BufferedOutputStream.write(BufferedOutputStream.java:200)
	at java.base/java.io.FilterOutputStream.write(FilterOutputStream.java:110)
	at org.eclipse.lsp4j.jsonrpc.json.StreamMessageConsumer.consume(StreamMessageConsumer.java:67)
	... 12 more

!ENTRY org.eclipse.jface.text 4 0 2025-09-16 14:54:47.178
!MESSAGE org.eclipse.lsp4j.jsonrpc.JsonRpcException: java.io.IOException: 파이프가 닫히는 중입니다
!STACK 0
java.util.concurrent.CompletionException: org.eclipse.lsp4j.jsonrpc.JsonRpcException: java.io.IOException: 파이프가 닫히는 중입니다
	at java.base/java.util.concurrent.CompletableFuture.wrapInCompletionException(CompletableFuture.java:323)
	at java.base/java.util.concurrent.CompletableFuture.encodeThrowable(CompletableFuture.java:376)
	at java.base/java.util.concurrent.CompletableFuture.uniApplyNow(CompletableFuture.java:718)
	at java.base/java.util.concurrent.CompletableFuture.uniApplyStage(CompletableFuture.java:706)
	at java.base/java.util.concurrent.CompletableFuture.thenApply(CompletableFuture.java:2244)
	at org.eclipse.lsp4e.operations.codelens.CodeLensProvider.lambda$1(CodeLensProvider.java:41)
	at org.eclipse.lsp4e.LanguageServers.lambda$24(LanguageServers.java:445)
	at org.eclipse.lsp4e.LanguageServerWrapper.lambda$17(LanguageServerWrapper.java:976)
	at java.base/java.util.concurrent.CompletableFuture$UniCompose.tryFire(CompletableFuture.java:1194)
	at java.base/java.util.concurrent.CompletableFuture$Completion.run(CompletableFuture.java:526)
	at java.base/java.util.concurrent.ThreadPoolExecutor.runWorker(ThreadPoolExecutor.java:1144)
	at java.base/java.util.concurrent.ThreadPoolExecutor$Worker.run(ThreadPoolExecutor.java:642)
	at java.base/java.lang.Thread.run(Thread.java:1575)
Caused by: org.eclipse.lsp4j.jsonrpc.JsonRpcException: java.io.IOException: 파이프가 닫히는 중입니다
	at org.eclipse.lsp4j.jsonrpc.json.StreamMessageConsumer.consume(StreamMessageConsumer.java:72)
	at org.eclipse.lsp4e.LanguageServerWrapper.lambda$3(LanguageServerWrapper.java:413)
	at org.eclipse.lsp4j.jsonrpc.RemoteEndpoint.request(RemoteEndpoint.java:171)
	at org.eclipse.lsp4j.jsonrpc.services.EndpointProxy.invoke(EndpointProxy.java:91)
	at jdk.proxy15/jdk.proxy15.$Proxy38.codeLens(Unknown Source)
	at org.eclipse.lsp4e.operations.codelens.CodeLensProvider.lambda$1(CodeLensProvider.java:40)
	... 7 more
Caused by: java.io.IOException: 파이프가 닫히는 중입니다
	at java.base/java.io.FileOutputStream.writeBytes(Native Method)
	at java.base/java.io.FileOutputStream.write(FileOutputStream.java:400)
	at java.base/java.lang.Process$PipeOutputStream.write(Process.java:907)
	at java.base/java.io.BufferedOutputStream.flushBuffer(BufferedOutputStream.java:125)
	at java.base/java.io.BufferedOutputStream.implWrite(BufferedOutputStream.java:222)
	at java.base/java.io.BufferedOutputStream.write(BufferedOutputStream.java:200)
	at java.base/java.io.FilterOutputStream.write(FilterOutputStream.java:110)
	at org.eclipse.lsp4j.jsonrpc.json.StreamMessageConsumer.consume(StreamMessageConsumer.java:67)
	... 12 more

!ENTRY org.eclipse.lsp4e 4 0 2025-09-16 14:54:47.178
!MESSAGE java.io.IOException: 파이프가 닫히는 중입니다
!STACK 0
org.eclipse.lsp4j.jsonrpc.JsonRpcException: java.io.IOException: 파이프가 닫히는 중입니다
	at org.eclipse.lsp4j.jsonrpc.json.StreamMessageConsumer.consume(StreamMessageConsumer.java:72)
	at org.eclipse.lsp4e.LanguageServerWrapper.lambda$3(LanguageServerWrapper.java:413)
	at org.eclipse.lsp4j.jsonrpc.RemoteEndpoint.request(RemoteEndpoint.java:171)
	at org.eclipse.lsp4j.jsonrpc.services.EndpointProxy.invoke(EndpointProxy.java:91)
	at jdk.proxy15/jdk.proxy15.$Proxy38.inlayHint(Unknown Source)
	at org.eclipse.lsp4e.operations.inlayhint.InlayHintProvider.lambda$1(InlayHintProvider.java:55)
	at org.eclipse.lsp4e.LanguageServers.lambda$24(LanguageServers.java:445)
	at org.eclipse.lsp4e.LanguageServerWrapper.lambda$17(LanguageServerWrapper.java:976)
	at java.base/java.util.concurrent.CompletableFuture$UniCompose.tryFire(CompletableFuture.java:1194)
	at java.base/java.util.concurrent.CompletableFuture$Completion.run(CompletableFuture.java:526)
	at java.base/java.util.concurrent.ThreadPoolExecutor.runWorker(ThreadPoolExecutor.java:1144)
	at java.base/java.util.concurrent.ThreadPoolExecutor$Worker.run(ThreadPoolExecutor.java:642)
	at java.base/java.lang.Thread.run(Thread.java:1575)
Caused by: java.io.IOException: 파이프가 닫히는 중입니다
	at java.base/java.io.FileOutputStream.writeBytes(Native Method)
	at java.base/java.io.FileOutputStream.write(FileOutputStream.java:400)
	at java.base/java.lang.Process$PipeOutputStream.write(Process.java:907)
	at java.base/java.io.BufferedOutputStream.flushBuffer(BufferedOutputStream.java:125)
	at java.base/java.io.BufferedOutputStream.implWrite(BufferedOutputStream.java:222)
	at java.base/java.io.BufferedOutputStream.write(BufferedOutputStream.java:200)
	at java.base/java.io.FilterOutputStream.write(FilterOutputStream.java:110)
	at org.eclipse.lsp4j.jsonrpc.json.StreamMessageConsumer.consume(StreamMessageConsumer.java:67)
	... 12 more

!ENTRY org.eclipse.jface.text 4 0 2025-09-16 14:54:47.179
!MESSAGE org.eclipse.lsp4j.jsonrpc.JsonRpcException: java.io.IOException: 파이프가 닫히는 중입니다
!STACK 0
java.util.concurrent.CompletionException: org.eclipse.lsp4j.jsonrpc.JsonRpcException: java.io.IOException: 파이프가 닫히는 중입니다
	at java.base/java.util.concurrent.CompletableFuture.wrapInCompletionException(CompletableFuture.java:323)
	at java.base/java.util.concurrent.CompletableFuture.encodeThrowable(CompletableFuture.java:376)
	at java.base/java.util.concurrent.CompletableFuture.uniApplyNow(CompletableFuture.java:718)
	at java.base/java.util.concurrent.CompletableFuture.uniApplyStage(CompletableFuture.java:706)
	at java.base/java.util.concurrent.CompletableFuture.thenApply(CompletableFuture.java:2244)
	at org.eclipse.lsp4e.operations.codelens.CodeLensProvider.lambda$1(CodeLensProvider.java:41)
	at org.eclipse.lsp4e.LanguageServers.lambda$24(LanguageServers.java:445)
	at org.eclipse.lsp4e.LanguageServerWrapper.lambda$17(LanguageServerWrapper.java:976)
	at java.base/java.util.concurrent.CompletableFuture$UniCompose.tryFire(CompletableFuture.java:1194)
	at java.base/java.util.concurrent.CompletableFuture$Completion.run(CompletableFuture.java:526)
	at java.base/java.util.concurrent.ThreadPoolExecutor.runWorker(ThreadPoolExecutor.java:1144)
	at java.base/java.util.concurrent.ThreadPoolExecutor$Worker.run(ThreadPoolExecutor.java:642)
	at java.base/java.lang.Thread.run(Thread.java:1575)
Caused by: org.eclipse.lsp4j.jsonrpc.JsonRpcException: java.io.IOException: 파이프가 닫히는 중입니다
	at org.eclipse.lsp4j.jsonrpc.json.StreamMessageConsumer.consume(StreamMessageConsumer.java:72)
	at org.eclipse.lsp4e.LanguageServerWrapper.lambda$3(LanguageServerWrapper.java:413)
	at org.eclipse.lsp4j.jsonrpc.RemoteEndpoint.request(RemoteEndpoint.java:171)
	at org.eclipse.lsp4j.jsonrpc.services.EndpointProxy.invoke(EndpointProxy.java:91)
	at jdk.proxy15/jdk.proxy15.$Proxy38.codeLens(Unknown Source)
	at org.eclipse.lsp4e.operations.codelens.CodeLensProvider.lambda$1(CodeLensProvider.java:40)
	... 7 more
Caused by: java.io.IOException: 파이프가 닫히는 중입니다
	at java.base/java.io.FileOutputStream.writeBytes(Native Method)
	at java.base/java.io.FileOutputStream.write(FileOutputStream.java:400)
	at java.base/java.lang.Process$PipeOutputStream.write(Process.java:907)
	at java.base/java.io.BufferedOutputStream.flushBuffer(BufferedOutputStream.java:125)
	at java.base/java.io.BufferedOutputStream.implWrite(BufferedOutputStream.java:222)
	at java.base/java.io.BufferedOutputStream.write(BufferedOutputStream.java:200)
	at java.base/java.io.FilterOutputStream.write(FilterOutputStream.java:110)
	at org.eclipse.lsp4j.jsonrpc.json.StreamMessageConsumer.consume(StreamMessageConsumer.java:67)
	... 12 more

!ENTRY org.eclipse.lsp4e 4 0 2025-09-16 14:54:47.179
!MESSAGE java.io.IOException: 파이프가 닫히는 중입니다
!STACK 0
org.eclipse.lsp4j.jsonrpc.JsonRpcException: java.io.IOException: 파이프가 닫히는 중입니다
	at org.eclipse.lsp4j.jsonrpc.json.StreamMessageConsumer.consume(StreamMessageConsumer.java:72)
	at org.eclipse.lsp4e.LanguageServerWrapper.lambda$3(LanguageServerWrapper.java:413)
	at org.eclipse.lsp4j.jsonrpc.RemoteEndpoint.request(RemoteEndpoint.java:171)
	at org.eclipse.lsp4j.jsonrpc.services.EndpointProxy.invoke(EndpointProxy.java:91)
	at jdk.proxy15/jdk.proxy15.$Proxy38.inlayHint(Unknown Source)
	at org.eclipse.lsp4e.operations.inlayhint.InlayHintProvider.lambda$1(InlayHintProvider.java:55)
	at org.eclipse.lsp4e.LanguageServers.lambda$24(LanguageServers.java:445)
	at org.eclipse.lsp4e.LanguageServerWrapper.lambda$17(LanguageServerWrapper.java:976)
	at java.base/java.util.concurrent.CompletableFuture$UniCompose.tryFire(CompletableFuture.java:1194)
	at java.base/java.util.concurrent.CompletableFuture$Completion.run(CompletableFuture.java:526)
	at java.base/java.util.concurrent.ThreadPoolExecutor.runWorker(ThreadPoolExecutor.java:1144)
	at java.base/java.util.concurrent.ThreadPoolExecutor$Worker.run(ThreadPoolExecutor.java:642)
	at java.base/java.lang.Thread.run(Thread.java:1575)
Caused by: java.io.IOException: 파이프가 닫히는 중입니다
	at java.base/java.io.FileOutputStream.writeBytes(Native Method)
	at java.base/java.io.FileOutputStream.write(FileOutputStream.java:400)
	at java.base/java.lang.Process$PipeOutputStream.write(Process.java:907)
	at java.base/java.io.BufferedOutputStream.flushBuffer(BufferedOutputStream.java:125)
	at java.base/java.io.BufferedOutputStream.implWrite(BufferedOutputStream.java:222)
	at java.base/java.io.BufferedOutputStream.write(BufferedOutputStream.java:200)
	at java.base/java.io.FilterOutputStream.write(FilterOutputStream.java:110)
	at org.eclipse.lsp4j.jsonrpc.json.StreamMessageConsumer.consume(StreamMessageConsumer.java:67)
	... 12 more

!ENTRY org.eclipse.jface.text 4 0 2025-09-16 14:54:47.179
!MESSAGE org.eclipse.lsp4j.jsonrpc.JsonRpcException: java.io.IOException: 파이프가 닫히는 중입니다
!STACK 0
java.util.concurrent.CompletionException: org.eclipse.lsp4j.jsonrpc.JsonRpcException: java.io.IOException: 파이프가 닫히는 중입니다
	at java.base/java.util.concurrent.CompletableFuture.wrapInCompletionException(CompletableFuture.java:323)
	at java.base/java.util.concurrent.CompletableFuture.encodeThrowable(CompletableFuture.java:376)
	at java.base/java.util.concurrent.CompletableFuture.uniApplyNow(CompletableFuture.java:718)
	at java.base/java.util.concurrent.CompletableFuture.uniApplyStage(CompletableFuture.java:706)
	at java.base/java.util.concurrent.CompletableFuture.thenApply(CompletableFuture.java:2244)
	at org.eclipse.lsp4e.operations.codelens.CodeLensProvider.lambda$1(CodeLensProvider.java:41)
	at org.eclipse.lsp4e.LanguageServers.lambda$24(LanguageServers.java:445)
	at org.eclipse.lsp4e.LanguageServerWrapper.lambda$17(LanguageServerWrapper.java:976)
	at java.base/java.util.concurrent.CompletableFuture$UniCompose.tryFire(CompletableFuture.java:1194)
	at java.base/java.util.concurrent.CompletableFuture$Completion.run(CompletableFuture.java:526)
	at java.base/java.util.concurrent.ThreadPoolExecutor.runWorker(ThreadPoolExecutor.java:1144)
	at java.base/java.util.concurrent.ThreadPoolExecutor$Worker.run(ThreadPoolExecutor.java:642)
	at java.base/java.lang.Thread.run(Thread.java:1575)
Caused by: org.eclipse.lsp4j.jsonrpc.JsonRpcException: java.io.IOException: 파이프가 닫히는 중입니다
	at org.eclipse.lsp4j.jsonrpc.json.StreamMessageConsumer.consume(StreamMessageConsumer.java:72)
	at org.eclipse.lsp4e.LanguageServerWrapper.lambda$3(LanguageServerWrapper.java:413)
	at org.eclipse.lsp4j.jsonrpc.RemoteEndpoint.request(RemoteEndpoint.java:171)
	at org.eclipse.lsp4j.jsonrpc.services.EndpointProxy.invoke(EndpointProxy.java:91)
	at jdk.proxy15/jdk.proxy15.$Proxy38.codeLens(Unknown Source)
	at org.eclipse.lsp4e.operations.codelens.CodeLensProvider.lambda$1(CodeLensProvider.java:40)
	... 7 more
Caused by: java.io.IOException: 파이프가 닫히는 중입니다
	at java.base/java.io.FileOutputStream.writeBytes(Native Method)
	at java.base/java.io.FileOutputStream.write(FileOutputStream.java:400)
	at java.base/java.lang.Process$PipeOutputStream.write(Process.java:907)
	at java.base/java.io.BufferedOutputStream.flushBuffer(BufferedOutputStream.java:125)
	at java.base/java.io.BufferedOutputStream.implWrite(BufferedOutputStream.java:222)
	at java.base/java.io.BufferedOutputStream.write(BufferedOutputStream.java:200)
	at java.base/java.io.FilterOutputStream.write(FilterOutputStream.java:110)
	at org.eclipse.lsp4j.jsonrpc.json.StreamMessageConsumer.consume(StreamMessageConsumer.java:67)
	... 12 more

!ENTRY org.eclipse.lsp4e 4 0 2025-09-16 14:54:47.180
!MESSAGE java.io.IOException: 파이프가 닫히는 중입니다
!STACK 0
org.eclipse.lsp4j.jsonrpc.JsonRpcException: java.io.IOException: 파이프가 닫히는 중입니다
	at org.eclipse.lsp4j.jsonrpc.json.StreamMessageConsumer.consume(StreamMessageConsumer.java:72)
	at org.eclipse.lsp4e.LanguageServerWrapper.lambda$3(LanguageServerWrapper.java:413)
	at org.eclipse.lsp4j.jsonrpc.RemoteEndpoint.request(RemoteEndpoint.java:171)
	at org.eclipse.lsp4j.jsonrpc.services.EndpointProxy.invoke(EndpointProxy.java:91)
	at jdk.proxy15/jdk.proxy15.$Proxy38.inlayHint(Unknown Source)
	at org.eclipse.lsp4e.operations.inlayhint.InlayHintProvider.lambda$1(InlayHintProvider.java:55)
	at org.eclipse.lsp4e.LanguageServers.lambda$24(LanguageServers.java:445)
	at org.eclipse.lsp4e.LanguageServerWrapper.lambda$17(LanguageServerWrapper.java:976)
	at java.base/java.util.concurrent.CompletableFuture$UniCompose.tryFire(CompletableFuture.java:1194)
	at java.base/java.util.concurrent.CompletableFuture$Completion.run(CompletableFuture.java:526)
	at java.base/java.util.concurrent.ThreadPoolExecutor.runWorker(ThreadPoolExecutor.java:1144)
	at java.base/java.util.concurrent.ThreadPoolExecutor$Worker.run(ThreadPoolExecutor.java:642)
	at java.base/java.lang.Thread.run(Thread.java:1575)
Caused by: java.io.IOException: 파이프가 닫히는 중입니다
	at java.base/java.io.FileOutputStream.writeBytes(Native Method)
	at java.base/java.io.FileOutputStream.write(FileOutputStream.java:400)
	at java.base/java.lang.Process$PipeOutputStream.write(Process.java:907)
	at java.base/java.io.BufferedOutputStream.flushBuffer(BufferedOutputStream.java:125)
	at java.base/java.io.BufferedOutputStream.implWrite(BufferedOutputStream.java:222)
	at java.base/java.io.BufferedOutputStream.write(BufferedOutputStream.java:200)
	at java.base/java.io.FilterOutputStream.write(FilterOutputStream.java:110)
	at org.eclipse.lsp4j.jsonrpc.json.StreamMessageConsumer.consume(StreamMessageConsumer.java:67)
	... 12 more

!ENTRY org.eclipse.jface.text 4 0 2025-09-16 14:54:47.180
!MESSAGE org.eclipse.lsp4j.jsonrpc.JsonRpcException: java.io.IOException: 파이프가 닫히는 중입니다
!STACK 0
java.util.concurrent.CompletionException: org.eclipse.lsp4j.jsonrpc.JsonRpcException: java.io.IOException: 파이프가 닫히는 중입니다
	at java.base/java.util.concurrent.CompletableFuture.wrapInCompletionException(CompletableFuture.java:323)
	at java.base/java.util.concurrent.CompletableFuture.encodeThrowable(CompletableFuture.java:376)
	at java.base/java.util.concurrent.CompletableFuture.uniApplyNow(CompletableFuture.java:718)
	at java.base/java.util.concurrent.CompletableFuture.uniApplyStage(CompletableFuture.java:706)
	at java.base/java.util.concurrent.CompletableFuture.thenApply(CompletableFuture.java:2244)
	at org.eclipse.lsp4e.operations.codelens.CodeLensProvider.lambda$1(CodeLensProvider.java:41)
	at org.eclipse.lsp4e.LanguageServers.lambda$24(LanguageServers.java:445)
	at org.eclipse.lsp4e.LanguageServerWrapper.lambda$17(LanguageServerWrapper.java:976)
	at java.base/java.util.concurrent.CompletableFuture$UniCompose.tryFire(CompletableFuture.java:1194)
	at java.base/java.util.concurrent.CompletableFuture$Completion.run(CompletableFuture.java:526)
	at java.base/java.util.concurrent.ThreadPoolExecutor.runWorker(ThreadPoolExecutor.java:1144)
	at java.base/java.util.concurrent.ThreadPoolExecutor$Worker.run(ThreadPoolExecutor.java:642)
	at java.base/java.lang.Thread.run(Thread.java:1575)
Caused by: org.eclipse.lsp4j.jsonrpc.JsonRpcException: java.io.IOException: 파이프가 닫히는 중입니다
	at org.eclipse.lsp4j.jsonrpc.json.StreamMessageConsumer.consume(StreamMessageConsumer.java:72)
	at org.eclipse.lsp4e.LanguageServerWrapper.lambda$3(LanguageServerWrapper.java:413)
	at org.eclipse.lsp4j.jsonrpc.RemoteEndpoint.request(RemoteEndpoint.java:171)
	at org.eclipse.lsp4j.jsonrpc.services.EndpointProxy.invoke(EndpointProxy.java:91)
	at jdk.proxy15/jdk.proxy15.$Proxy38.codeLens(Unknown Source)
	at org.eclipse.lsp4e.operations.codelens.CodeLensProvider.lambda$1(CodeLensProvider.java:40)
	... 7 more
Caused by: java.io.IOException: 파이프가 닫히는 중입니다
	at java.base/java.io.FileOutputStream.writeBytes(Native Method)
	at java.base/java.io.FileOutputStream.write(FileOutputStream.java:400)
	at java.base/java.lang.Process$PipeOutputStream.write(Process.java:907)
	at java.base/java.io.BufferedOutputStream.flushBuffer(BufferedOutputStream.java:125)
	at java.base/java.io.BufferedOutputStream.implWrite(BufferedOutputStream.java:222)
	at java.base/java.io.BufferedOutputStream.write(BufferedOutputStream.java:200)
	at java.base/java.io.FilterOutputStream.write(FilterOutputStream.java:110)
	at org.eclipse.lsp4j.jsonrpc.json.StreamMessageConsumer.consume(StreamMessageConsumer.java:67)
	... 12 more

!ENTRY org.eclipse.lsp4e 4 0 2025-09-16 14:54:47.180
!MESSAGE java.io.IOException: 파이프가 닫히는 중입니다
!STACK 0
org.eclipse.lsp4j.jsonrpc.JsonRpcException: java.io.IOException: 파이프가 닫히는 중입니다
	at org.eclipse.lsp4j.jsonrpc.json.StreamMessageConsumer.consume(StreamMessageConsumer.java:72)
	at org.eclipse.lsp4e.LanguageServerWrapper.lambda$3(LanguageServerWrapper.java:413)
	at org.eclipse.lsp4j.jsonrpc.RemoteEndpoint.request(RemoteEndpoint.java:171)
	at org.eclipse.lsp4j.jsonrpc.services.EndpointProxy.invoke(EndpointProxy.java:91)
	at jdk.proxy15/jdk.proxy15.$Proxy38.inlayHint(Unknown Source)
	at org.eclipse.lsp4e.operations.inlayhint.InlayHintProvider.lambda$1(InlayHintProvider.java:55)
	at org.eclipse.lsp4e.LanguageServers.lambda$24(LanguageServers.java:445)
	at org.eclipse.lsp4e.LanguageServerWrapper.lambda$17(LanguageServerWrapper.java:976)
	at java.base/java.util.concurrent.CompletableFuture$UniCompose.tryFire(CompletableFuture.java:1194)
	at java.base/java.util.concurrent.CompletableFuture$Completion.run(CompletableFuture.java:526)
	at java.base/java.util.concurrent.ThreadPoolExecutor.runWorker(ThreadPoolExecutor.java:1144)
	at java.base/java.util.concurrent.ThreadPoolExecutor$Worker.run(ThreadPoolExecutor.java:642)
	at java.base/java.lang.Thread.run(Thread.java:1575)
Caused by: java.io.IOException: 파이프가 닫히는 중입니다
	at java.base/java.io.FileOutputStream.writeBytes(Native Method)
	at java.base/java.io.FileOutputStream.write(FileOutputStream.java:400)
	at java.base/java.lang.Process$PipeOutputStream.write(Process.java:907)
	at java.base/java.io.BufferedOutputStream.flushBuffer(BufferedOutputStream.java:125)
	at java.base/java.io.BufferedOutputStream.implWrite(BufferedOutputStream.java:222)
	at java.base/java.io.BufferedOutputStream.write(BufferedOutputStream.java:200)
	at java.base/java.io.FilterOutputStream.write(FilterOutputStream.java:110)
	at org.eclipse.lsp4j.jsonrpc.json.StreamMessageConsumer.consume(StreamMessageConsumer.java:67)
	... 12 more

!ENTRY org.eclipse.jface.text 4 0 2025-09-16 14:54:47.181
!MESSAGE org.eclipse.lsp4j.jsonrpc.JsonRpcException: java.io.IOException: 파이프가 닫히는 중입니다
!STACK 0
java.util.concurrent.CompletionException: org.eclipse.lsp4j.jsonrpc.JsonRpcException: java.io.IOException: 파이프가 닫히는 중입니다
	at java.base/java.util.concurrent.CompletableFuture.wrapInCompletionException(CompletableFuture.java:323)
	at java.base/java.util.concurrent.CompletableFuture.encodeThrowable(CompletableFuture.java:376)
	at java.base/java.util.concurrent.CompletableFuture.uniApplyNow(CompletableFuture.java:718)
	at java.base/java.util.concurrent.CompletableFuture.uniApplyStage(CompletableFuture.java:706)
	at java.base/java.util.concurrent.CompletableFuture.thenApply(CompletableFuture.java:2244)
	at org.eclipse.lsp4e.operations.codelens.CodeLensProvider.lambda$1(CodeLensProvider.java:41)
	at org.eclipse.lsp4e.LanguageServers.lambda$24(LanguageServers.java:445)
	at org.eclipse.lsp4e.LanguageServerWrapper.lambda$17(LanguageServerWrapper.java:976)
	at java.base/java.util.concurrent.CompletableFuture$UniCompose.tryFire(CompletableFuture.java:1194)
	at java.base/java.util.concurrent.CompletableFuture$Completion.run(CompletableFuture.java:526)
	at java.base/java.util.concurrent.ThreadPoolExecutor.runWorker(ThreadPoolExecutor.java:1144)
	at java.base/java.util.concurrent.ThreadPoolExecutor$Worker.run(ThreadPoolExecutor.java:642)
	at java.base/java.lang.Thread.run(Thread.java:1575)
Caused by: org.eclipse.lsp4j.jsonrpc.JsonRpcException: java.io.IOException: 파이프가 닫히는 중입니다
	at org.eclipse.lsp4j.jsonrpc.json.StreamMessageConsumer.consume(StreamMessageConsumer.java:72)
	at org.eclipse.lsp4e.LanguageServerWrapper.lambda$3(LanguageServerWrapper.java:413)
	at org.eclipse.lsp4j.jsonrpc.RemoteEndpoint.request(RemoteEndpoint.java:171)
	at org.eclipse.lsp4j.jsonrpc.services.EndpointProxy.invoke(EndpointProxy.java:91)
	at jdk.proxy15/jdk.proxy15.$Proxy38.codeLens(Unknown Source)
	at org.eclipse.lsp4e.operations.codelens.CodeLensProvider.lambda$1(CodeLensProvider.java:40)
	... 7 more
Caused by: java.io.IOException: 파이프가 닫히는 중입니다
	at java.base/java.io.FileOutputStream.writeBytes(Native Method)
	at java.base/java.io.FileOutputStream.write(FileOutputStream.java:400)
	at java.base/java.lang.Process$PipeOutputStream.write(Process.java:907)
	at java.base/java.io.BufferedOutputStream.flushBuffer(BufferedOutputStream.java:125)
	at java.base/java.io.BufferedOutputStream.implWrite(BufferedOutputStream.java:222)
	at java.base/java.io.BufferedOutputStream.write(BufferedOutputStream.java:200)
	at java.base/java.io.FilterOutputStream.write(FilterOutputStream.java:110)
	at org.eclipse.lsp4j.jsonrpc.json.StreamMessageConsumer.consume(StreamMessageConsumer.java:67)
	... 12 more

!ENTRY org.eclipse.lsp4e 4 0 2025-09-16 14:54:47.181
!MESSAGE java.io.IOException: 파이프가 닫히는 중입니다
!STACK 0
org.eclipse.lsp4j.jsonrpc.JsonRpcException: java.io.IOException: 파이프가 닫히는 중입니다
	at org.eclipse.lsp4j.jsonrpc.json.StreamMessageConsumer.consume(StreamMessageConsumer.java:72)
	at org.eclipse.lsp4e.LanguageServerWrapper.lambda$3(LanguageServerWrapper.java:413)
	at org.eclipse.lsp4j.jsonrpc.RemoteEndpoint.request(RemoteEndpoint.java:171)
	at org.eclipse.lsp4j.jsonrpc.services.EndpointProxy.invoke(EndpointProxy.java:91)
	at jdk.proxy15/jdk.proxy15.$Proxy38.inlayHint(Unknown Source)
	at org.eclipse.lsp4e.operations.inlayhint.InlayHintProvider.lambda$1(InlayHintProvider.java:55)
	at org.eclipse.lsp4e.LanguageServers.lambda$24(LanguageServers.java:445)
	at org.eclipse.lsp4e.LanguageServerWrapper.lambda$17(LanguageServerWrapper.java:976)
	at java.base/java.util.concurrent.CompletableFuture$UniCompose.tryFire(CompletableFuture.java:1194)
	at java.base/java.util.concurrent.CompletableFuture$Completion.run(CompletableFuture.java:526)
	at java.base/java.util.concurrent.ThreadPoolExecutor.runWorker(ThreadPoolExecutor.java:1144)
	at java.base/java.util.concurrent.ThreadPoolExecutor$Worker.run(ThreadPoolExecutor.java:642)
	at java.base/java.lang.Thread.run(Thread.java:1575)
Caused by: java.io.IOException: 파이프가 닫히는 중입니다
	at java.base/java.io.FileOutputStream.writeBytes(Native Method)
	at java.base/java.io.FileOutputStream.write(FileOutputStream.java:400)
	at java.base/java.lang.Process$PipeOutputStream.write(Process.java:907)
	at java.base/java.io.BufferedOutputStream.flushBuffer(BufferedOutputStream.java:125)
	at java.base/java.io.BufferedOutputStream.implWrite(BufferedOutputStream.java:222)
	at java.base/java.io.BufferedOutputStream.write(BufferedOutputStream.java:200)
	at java.base/java.io.FilterOutputStream.write(FilterOutputStream.java:110)
	at org.eclipse.lsp4j.jsonrpc.json.StreamMessageConsumer.consume(StreamMessageConsumer.java:67)
	... 12 more

!ENTRY org.eclipse.jface.text 4 0 2025-09-16 14:54:47.181
!MESSAGE org.eclipse.lsp4j.jsonrpc.JsonRpcException: java.io.IOException: 파이프가 닫히는 중입니다
!STACK 0
java.util.concurrent.CompletionException: org.eclipse.lsp4j.jsonrpc.JsonRpcException: java.io.IOException: 파이프가 닫히는 중입니다
	at java.base/java.util.concurrent.CompletableFuture.wrapInCompletionException(CompletableFuture.java:323)
	at java.base/java.util.concurrent.CompletableFuture.encodeThrowable(CompletableFuture.java:376)
	at java.base/java.util.concurrent.CompletableFuture.uniApplyNow(CompletableFuture.java:718)
	at java.base/java.util.concurrent.CompletableFuture.uniApplyStage(CompletableFuture.java:706)
	at java.base/java.util.concurrent.CompletableFuture.thenApply(CompletableFuture.java:2244)
	at org.eclipse.lsp4e.operations.codelens.CodeLensProvider.lambda$1(CodeLensProvider.java:41)
	at org.eclipse.lsp4e.LanguageServers.lambda$24(LanguageServers.java:445)
	at org.eclipse.lsp4e.LanguageServerWrapper.lambda$17(LanguageServerWrapper.java:976)
	at java.base/java.util.concurrent.CompletableFuture$UniCompose.tryFire(CompletableFuture.java:1194)
	at java.base/java.util.concurrent.CompletableFuture$Completion.run(CompletableFuture.java:526)
	at java.base/java.util.concurrent.ThreadPoolExecutor.runWorker(ThreadPoolExecutor.java:1144)
	at java.base/java.util.concurrent.ThreadPoolExecutor$Worker.run(ThreadPoolExecutor.java:642)
	at java.base/java.lang.Thread.run(Thread.java:1575)
Caused by: org.eclipse.lsp4j.jsonrpc.JsonRpcException: java.io.IOException: 파이프가 닫히는 중입니다
	at org.eclipse.lsp4j.jsonrpc.json.StreamMessageConsumer.consume(StreamMessageConsumer.java:72)
	at org.eclipse.lsp4e.LanguageServerWrapper.lambda$3(LanguageServerWrapper.java:413)
	at org.eclipse.lsp4j.jsonrpc.RemoteEndpoint.request(RemoteEndpoint.java:171)
	at org.eclipse.lsp4j.jsonrpc.services.EndpointProxy.invoke(EndpointProxy.java:91)
	at jdk.proxy15/jdk.proxy15.$Proxy38.codeLens(Unknown Source)
	at org.eclipse.lsp4e.operations.codelens.CodeLensProvider.lambda$1(CodeLensProvider.java:40)
	... 7 more
Caused by: java.io.IOException: 파이프가 닫히는 중입니다
	at java.base/java.io.FileOutputStream.writeBytes(Native Method)
	at java.base/java.io.FileOutputStream.write(FileOutputStream.java:400)
	at java.base/java.lang.Process$PipeOutputStream.write(Process.java:907)
	at java.base/java.io.BufferedOutputStream.flushBuffer(BufferedOutputStream.java:125)
	at java.base/java.io.BufferedOutputStream.implWrite(BufferedOutputStream.java:222)
	at java.base/java.io.BufferedOutputStream.write(BufferedOutputStream.java:200)
	at java.base/java.io.FilterOutputStream.write(FilterOutputStream.java:110)
	at org.eclipse.lsp4j.jsonrpc.json.StreamMessageConsumer.consume(StreamMessageConsumer.java:67)
	... 12 more

!ENTRY org.eclipse.lsp4e 4 0 2025-09-16 14:54:47.181
!MESSAGE java.io.IOException: 파이프가 닫히는 중입니다
!STACK 0
org.eclipse.lsp4j.jsonrpc.JsonRpcException: java.io.IOException: 파이프가 닫히는 중입니다
	at org.eclipse.lsp4j.jsonrpc.json.StreamMessageConsumer.consume(StreamMessageConsumer.java:72)
	at org.eclipse.lsp4e.LanguageServerWrapper.lambda$3(LanguageServerWrapper.java:413)
	at org.eclipse.lsp4j.jsonrpc.RemoteEndpoint.request(RemoteEndpoint.java:171)
	at org.eclipse.lsp4j.jsonrpc.services.EndpointProxy.invoke(EndpointProxy.java:91)
	at jdk.proxy15/jdk.proxy15.$Proxy38.inlayHint(Unknown Source)
	at org.eclipse.lsp4e.operations.inlayhint.InlayHintProvider.lambda$1(InlayHintProvider.java:55)
	at org.eclipse.lsp4e.LanguageServers.lambda$24(LanguageServers.java:445)
	at org.eclipse.lsp4e.LanguageServerWrapper.lambda$17(LanguageServerWrapper.java:976)
	at java.base/java.util.concurrent.CompletableFuture$UniCompose.tryFire(CompletableFuture.java:1194)
	at java.base/java.util.concurrent.CompletableFuture$Completion.run(CompletableFuture.java:526)
	at java.base/java.util.concurrent.ThreadPoolExecutor.runWorker(ThreadPoolExecutor.java:1144)
	at java.base/java.util.concurrent.ThreadPoolExecutor$Worker.run(ThreadPoolExecutor.java:642)
	at java.base/java.lang.Thread.run(Thread.java:1575)
Caused by: java.io.IOException: 파이프가 닫히는 중입니다
	at java.base/java.io.FileOutputStream.writeBytes(Native Method)
	at java.base/java.io.FileOutputStream.write(FileOutputStream.java:400)
	at java.base/java.lang.Process$PipeOutputStream.write(Process.java:907)
	at java.base/java.io.BufferedOutputStream.flushBuffer(BufferedOutputStream.java:125)
	at java.base/java.io.BufferedOutputStream.implWrite(BufferedOutputStream.java:222)
	at java.base/java.io.BufferedOutputStream.write(BufferedOutputStream.java:200)
	at java.base/java.io.FilterOutputStream.write(FilterOutputStream.java:110)
	at org.eclipse.lsp4j.jsonrpc.json.StreamMessageConsumer.consume(StreamMessageConsumer.java:67)
	... 12 more

!ENTRY org.eclipse.jface.text 4 0 2025-09-16 14:54:47.182
!MESSAGE org.eclipse.lsp4j.jsonrpc.JsonRpcException: java.io.IOException: 파이프가 닫히는 중입니다
!STACK 0
java.util.concurrent.CompletionException: org.eclipse.lsp4j.jsonrpc.JsonRpcException: java.io.IOException: 파이프가 닫히는 중입니다
	at java.base/java.util.concurrent.CompletableFuture.wrapInCompletionException(CompletableFuture.java:323)
	at java.base/java.util.concurrent.CompletableFuture.encodeThrowable(CompletableFuture.java:376)
	at java.base/java.util.concurrent.CompletableFuture.uniApplyNow(CompletableFuture.java:718)
	at java.base/java.util.concurrent.CompletableFuture.uniApplyStage(CompletableFuture.java:706)
	at java.base/java.util.concurrent.CompletableFuture.thenApply(CompletableFuture.java:2244)
	at org.eclipse.lsp4e.operations.codelens.CodeLensProvider.lambda$1(CodeLensProvider.java:41)
	at org.eclipse.lsp4e.LanguageServers.lambda$24(LanguageServers.java:445)
	at org.eclipse.lsp4e.LanguageServerWrapper.lambda$17(LanguageServerWrapper.java:976)
	at java.base/java.util.concurrent.CompletableFuture$UniCompose.tryFire(CompletableFuture.java:1194)
	at java.base/java.util.concurrent.CompletableFuture$Completion.run(CompletableFuture.java:526)
	at java.base/java.util.concurrent.ThreadPoolExecutor.runWorker(ThreadPoolExecutor.java:1144)
	at java.base/java.util.concurrent.ThreadPoolExecutor$Worker.run(ThreadPoolExecutor.java:642)
	at java.base/java.lang.Thread.run(Thread.java:1575)
Caused by: org.eclipse.lsp4j.jsonrpc.JsonRpcException: java.io.IOException: 파이프가 닫히는 중입니다
	at org.eclipse.lsp4j.jsonrpc.json.StreamMessageConsumer.consume(StreamMessageConsumer.java:72)
	at org.eclipse.lsp4e.LanguageServerWrapper.lambda$3(LanguageServerWrapper.java:413)
	at org.eclipse.lsp4j.jsonrpc.RemoteEndpoint.request(RemoteEndpoint.java:171)
	at org.eclipse.lsp4j.jsonrpc.services.EndpointProxy.invoke(EndpointProxy.java:91)
	at jdk.proxy15/jdk.proxy15.$Proxy38.codeLens(Unknown Source)
	at org.eclipse.lsp4e.operations.codelens.CodeLensProvider.lambda$1(CodeLensProvider.java:40)
	... 7 more
Caused by: java.io.IOException: 파이프가 닫히는 중입니다
	at java.base/java.io.FileOutputStream.writeBytes(Native Method)
	at java.base/java.io.FileOutputStream.write(FileOutputStream.java:400)
	at java.base/java.lang.Process$PipeOutputStream.write(Process.java:907)
	at java.base/java.io.BufferedOutputStream.flushBuffer(BufferedOutputStream.java:125)
	at java.base/java.io.BufferedOutputStream.implWrite(BufferedOutputStream.java:222)
	at java.base/java.io.BufferedOutputStream.write(BufferedOutputStream.java:200)
	at java.base/java.io.FilterOutputStream.write(FilterOutputStream.java:110)
	at org.eclipse.lsp4j.jsonrpc.json.StreamMessageConsumer.consume(StreamMessageConsumer.java:67)
	... 12 more

!ENTRY org.eclipse.lsp4e 4 0 2025-09-16 14:54:47.182
!MESSAGE java.io.IOException: 파이프가 닫히는 중입니다
!STACK 0
org.eclipse.lsp4j.jsonrpc.JsonRpcException: java.io.IOException: 파이프가 닫히는 중입니다
	at org.eclipse.lsp4j.jsonrpc.json.StreamMessageConsumer.consume(StreamMessageConsumer.java:72)
	at org.eclipse.lsp4e.LanguageServerWrapper.lambda$3(LanguageServerWrapper.java:413)
	at org.eclipse.lsp4j.jsonrpc.RemoteEndpoint.request(RemoteEndpoint.java:171)
	at org.eclipse.lsp4j.jsonrpc.services.EndpointProxy.invoke(EndpointProxy.java:91)
	at jdk.proxy15/jdk.proxy15.$Proxy38.inlayHint(Unknown Source)
	at org.eclipse.lsp4e.operations.inlayhint.InlayHintProvider.lambda$1(InlayHintProvider.java:55)
	at org.eclipse.lsp4e.LanguageServers.lambda$24(LanguageServers.java:445)
	at org.eclipse.lsp4e.LanguageServerWrapper.lambda$17(LanguageServerWrapper.java:976)
	at java.base/java.util.concurrent.CompletableFuture$UniCompose.tryFire(CompletableFuture.java:1194)
	at java.base/java.util.concurrent.CompletableFuture$Completion.run(CompletableFuture.java:526)
	at java.base/java.util.concurrent.ThreadPoolExecutor.runWorker(ThreadPoolExecutor.java:1144)
	at java.base/java.util.concurrent.ThreadPoolExecutor$Worker.run(ThreadPoolExecutor.java:642)
	at java.base/java.lang.Thread.run(Thread.java:1575)
Caused by: java.io.IOException: 파이프가 닫히는 중입니다
	at java.base/java.io.FileOutputStream.writeBytes(Native Method)
	at java.base/java.io.FileOutputStream.write(FileOutputStream.java:400)
	at java.base/java.lang.Process$PipeOutputStream.write(Process.java:907)
	at java.base/java.io.BufferedOutputStream.flushBuffer(BufferedOutputStream.java:125)
	at java.base/java.io.BufferedOutputStream.implWrite(BufferedOutputStream.java:222)
	at java.base/java.io.BufferedOutputStream.write(BufferedOutputStream.java:200)
	at java.base/java.io.FilterOutputStream.write(FilterOutputStream.java:110)
	at org.eclipse.lsp4j.jsonrpc.json.StreamMessageConsumer.consume(StreamMessageConsumer.java:67)
	... 12 more

!ENTRY org.eclipse.jface.text 4 0 2025-09-16 14:54:47.183
!MESSAGE org.eclipse.lsp4j.jsonrpc.JsonRpcException: java.io.IOException: 파이프가 닫히는 중입니다
!STACK 0
java.util.concurrent.CompletionException: org.eclipse.lsp4j.jsonrpc.JsonRpcException: java.io.IOException: 파이프가 닫히는 중입니다
	at java.base/java.util.concurrent.CompletableFuture.wrapInCompletionException(CompletableFuture.java:323)
	at java.base/java.util.concurrent.CompletableFuture.encodeThrowable(CompletableFuture.java:376)
	at java.base/java.util.concurrent.CompletableFuture.uniApplyNow(CompletableFuture.java:718)
	at java.base/java.util.concurrent.CompletableFuture.uniApplyStage(CompletableFuture.java:706)
	at java.base/java.util.concurrent.CompletableFuture.thenApply(CompletableFuture.java:2244)
	at org.eclipse.lsp4e.operations.codelens.CodeLensProvider.lambda$1(CodeLensProvider.java:41)
	at org.eclipse.lsp4e.LanguageServers.lambda$24(LanguageServers.java:445)
	at org.eclipse.lsp4e.LanguageServerWrapper.lambda$17(LanguageServerWrapper.java:976)
	at java.base/java.util.concurrent.CompletableFuture$UniCompose.tryFire(CompletableFuture.java:1194)
	at java.base/java.util.concurrent.CompletableFuture$Completion.run(CompletableFuture.java:526)
	at java.base/java.util.concurrent.ThreadPoolExecutor.runWorker(ThreadPoolExecutor.java:1144)
	at java.base/java.util.concurrent.ThreadPoolExecutor$Worker.run(ThreadPoolExecutor.java:642)
	at java.base/java.lang.Thread.run(Thread.java:1575)
Caused by: org.eclipse.lsp4j.jsonrpc.JsonRpcException: java.io.IOException: 파이프가 닫히는 중입니다
	at org.eclipse.lsp4j.jsonrpc.json.StreamMessageConsumer.consume(StreamMessageConsumer.java:72)
	at org.eclipse.lsp4e.LanguageServerWrapper.lambda$3(LanguageServerWrapper.java:413)
	at org.eclipse.lsp4j.jsonrpc.RemoteEndpoint.request(RemoteEndpoint.java:171)
	at org.eclipse.lsp4j.jsonrpc.services.EndpointProxy.invoke(EndpointProxy.java:91)
	at jdk.proxy15/jdk.proxy15.$Proxy38.codeLens(Unknown Source)
	at org.eclipse.lsp4e.operations.codelens.CodeLensProvider.lambda$1(CodeLensProvider.java:40)
	... 7 more
Caused by: java.io.IOException: 파이프가 닫히는 중입니다
	at java.base/java.io.FileOutputStream.writeBytes(Native Method)
	at java.base/java.io.FileOutputStream.write(FileOutputStream.java:400)
	at java.base/java.lang.Process$PipeOutputStream.write(Process.java:907)
	at java.base/java.io.BufferedOutputStream.flushBuffer(BufferedOutputStream.java:125)
	at java.base/java.io.BufferedOutputStream.implWrite(BufferedOutputStream.java:222)
	at java.base/java.io.BufferedOutputStream.write(BufferedOutputStream.java:200)
	at java.base/java.io.FilterOutputStream.write(FilterOutputStream.java:110)
	at org.eclipse.lsp4j.jsonrpc.json.StreamMessageConsumer.consume(StreamMessageConsumer.java:67)
	... 12 more

!ENTRY org.eclipse.lsp4e 4 0 2025-09-16 14:54:47.183
!MESSAGE java.io.IOException: 파이프가 닫히는 중입니다
!STACK 0
org.eclipse.lsp4j.jsonrpc.JsonRpcException: java.io.IOException: 파이프가 닫히는 중입니다
	at org.eclipse.lsp4j.jsonrpc.json.StreamMessageConsumer.consume(StreamMessageConsumer.java:72)
	at org.eclipse.lsp4e.LanguageServerWrapper.lambda$3(LanguageServerWrapper.java:413)
	at org.eclipse.lsp4j.jsonrpc.RemoteEndpoint.request(RemoteEndpoint.java:171)
	at org.eclipse.lsp4j.jsonrpc.services.EndpointProxy.invoke(EndpointProxy.java:91)
	at jdk.proxy15/jdk.proxy15.$Proxy38.inlayHint(Unknown Source)
	at org.eclipse.lsp4e.operations.inlayhint.InlayHintProvider.lambda$1(InlayHintProvider.java:55)
	at org.eclipse.lsp4e.LanguageServers.lambda$24(LanguageServers.java:445)
	at org.eclipse.lsp4e.LanguageServerWrapper.lambda$17(LanguageServerWrapper.java:976)
	at java.base/java.util.concurrent.CompletableFuture$UniCompose.tryFire(CompletableFuture.java:1194)
	at java.base/java.util.concurrent.CompletableFuture$Completion.run(CompletableFuture.java:526)
	at java.base/java.util.concurrent.ThreadPoolExecutor.runWorker(ThreadPoolExecutor.java:1144)
	at java.base/java.util.concurrent.ThreadPoolExecutor$Worker.run(ThreadPoolExecutor.java:642)
	at java.base/java.lang.Thread.run(Thread.java:1575)
Caused by: java.io.IOException: 파이프가 닫히는 중입니다
	at java.base/java.io.FileOutputStream.writeBytes(Native Method)
	at java.base/java.io.FileOutputStream.write(FileOutputStream.java:400)
	at java.base/java.lang.Process$PipeOutputStream.write(Process.java:907)
	at java.base/java.io.BufferedOutputStream.flushBuffer(BufferedOutputStream.java:125)
	at java.base/java.io.BufferedOutputStream.implWrite(BufferedOutputStream.java:222)
	at java.base/java.io.BufferedOutputStream.write(BufferedOutputStream.java:200)
	at java.base/java.io.FilterOutputStream.write(FilterOutputStream.java:110)
	at org.eclipse.lsp4j.jsonrpc.json.StreamMessageConsumer.consume(StreamMessageConsumer.java:67)
	... 12 more

!ENTRY org.eclipse.jface.text 4 0 2025-09-16 14:54:47.184
!MESSAGE org.eclipse.lsp4j.jsonrpc.JsonRpcException: java.io.IOException: 파이프가 닫히는 중입니다
!STACK 0
java.util.concurrent.CompletionException: org.eclipse.lsp4j.jsonrpc.JsonRpcException: java.io.IOException: 파이프가 닫히는 중입니다
	at java.base/java.util.concurrent.CompletableFuture.wrapInCompletionException(CompletableFuture.java:323)
	at java.base/java.util.concurrent.CompletableFuture.encodeThrowable(CompletableFuture.java:376)
	at java.base/java.util.concurrent.CompletableFuture.uniApplyNow(CompletableFuture.java:718)
	at java.base/java.util.concurrent.CompletableFuture.uniApplyStage(CompletableFuture.java:706)
	at java.base/java.util.concurrent.CompletableFuture.thenApply(CompletableFuture.java:2244)
	at org.eclipse.lsp4e.operations.codelens.CodeLensProvider.lambda$1(CodeLensProvider.java:41)
	at org.eclipse.lsp4e.LanguageServers.lambda$24(LanguageServers.java:445)
	at org.eclipse.lsp4e.LanguageServerWrapper.lambda$17(LanguageServerWrapper.java:976)
	at java.base/java.util.concurrent.CompletableFuture$UniCompose.tryFire(CompletableFuture.java:1194)
	at java.base/java.util.concurrent.CompletableFuture$Completion.run(CompletableFuture.java:526)
	at java.base/java.util.concurrent.ThreadPoolExecutor.runWorker(ThreadPoolExecutor.java:1144)
	at java.base/java.util.concurrent.ThreadPoolExecutor$Worker.run(ThreadPoolExecutor.java:642)
	at java.base/java.lang.Thread.run(Thread.java:1575)
Caused by: org.eclipse.lsp4j.jsonrpc.JsonRpcException: java.io.IOException: 파이프가 닫히는 중입니다
	at org.eclipse.lsp4j.jsonrpc.json.StreamMessageConsumer.consume(StreamMessageConsumer.java:72)
	at org.eclipse.lsp4e.LanguageServerWrapper.lambda$3(LanguageServerWrapper.java:413)
	at org.eclipse.lsp4j.jsonrpc.RemoteEndpoint.request(RemoteEndpoint.java:171)
	at org.eclipse.lsp4j.jsonrpc.services.EndpointProxy.invoke(EndpointProxy.java:91)
	at jdk.proxy15/jdk.proxy15.$Proxy38.codeLens(Unknown Source)
	at org.eclipse.lsp4e.operations.codelens.CodeLensProvider.lambda$1(CodeLensProvider.java:40)
	... 7 more
Caused by: java.io.IOException: 파이프가 닫히는 중입니다
	at java.base/java.io.FileOutputStream.writeBytes(Native Method)
	at java.base/java.io.FileOutputStream.write(FileOutputStream.java:400)
	at java.base/java.lang.Process$PipeOutputStream.write(Process.java:907)
	at java.base/java.io.BufferedOutputStream.flushBuffer(BufferedOutputStream.java:125)
	at java.base/java.io.BufferedOutputStream.implWrite(BufferedOutputStream.java:222)
	at java.base/java.io.BufferedOutputStream.write(BufferedOutputStream.java:200)
	at java.base/java.io.FilterOutputStream.write(FilterOutputStream.java:110)
	at org.eclipse.lsp4j.jsonrpc.json.StreamMessageConsumer.consume(StreamMessageConsumer.java:67)
	... 12 more

!ENTRY org.eclipse.lsp4e 4 0 2025-09-16 14:54:47.184
!MESSAGE java.io.IOException: 파이프가 닫히는 중입니다
!STACK 0
org.eclipse.lsp4j.jsonrpc.JsonRpcException: java.io.IOException: 파이프가 닫히는 중입니다
	at org.eclipse.lsp4j.jsonrpc.json.StreamMessageConsumer.consume(StreamMessageConsumer.java:72)
	at org.eclipse.lsp4e.LanguageServerWrapper.lambda$3(LanguageServerWrapper.java:413)
	at org.eclipse.lsp4j.jsonrpc.RemoteEndpoint.request(RemoteEndpoint.java:171)
	at org.eclipse.lsp4j.jsonrpc.services.EndpointProxy.invoke(EndpointProxy.java:91)
	at jdk.proxy15/jdk.proxy15.$Proxy38.inlayHint(Unknown Source)
	at org.eclipse.lsp4e.operations.inlayhint.InlayHintProvider.lambda$1(InlayHintProvider.java:55)
	at org.eclipse.lsp4e.LanguageServers.lambda$24(LanguageServers.java:445)
	at org.eclipse.lsp4e.LanguageServerWrapper.lambda$17(LanguageServerWrapper.java:976)
	at java.base/java.util.concurrent.CompletableFuture$UniCompose.tryFire(CompletableFuture.java:1194)
	at java.base/java.util.concurrent.CompletableFuture$Completion.run(CompletableFuture.java:526)
	at java.base/java.util.concurrent.ThreadPoolExecutor.runWorker(ThreadPoolExecutor.java:1144)
	at java.base/java.util.concurrent.ThreadPoolExecutor$Worker.run(ThreadPoolExecutor.java:642)
	at java.base/java.lang.Thread.run(Thread.java:1575)
Caused by: java.io.IOException: 파이프가 닫히는 중입니다
	at java.base/java.io.FileOutputStream.writeBytes(Native Method)
	at java.base/java.io.FileOutputStream.write(FileOutputStream.java:400)
	at java.base/java.lang.Process$PipeOutputStream.write(Process.java:907)
	at java.base/java.io.BufferedOutputStream.flushBuffer(BufferedOutputStream.java:125)
	at java.base/java.io.BufferedOutputStream.implWrite(BufferedOutputStream.java:222)
	at java.base/java.io.BufferedOutputStream.write(BufferedOutputStream.java:200)
	at java.base/java.io.FilterOutputStream.write(FilterOutputStream.java:110)
	at org.eclipse.lsp4j.jsonrpc.json.StreamMessageConsumer.consume(StreamMessageConsumer.java:67)
	... 12 more

!ENTRY org.eclipse.jface.text 4 0 2025-09-16 14:54:47.185
!MESSAGE org.eclipse.lsp4j.jsonrpc.JsonRpcException: java.io.IOException: 파이프가 닫히는 중입니다
!STACK 0
java.util.concurrent.CompletionException: org.eclipse.lsp4j.jsonrpc.JsonRpcException: java.io.IOException: 파이프가 닫히는 중입니다
	at java.base/java.util.concurrent.CompletableFuture.wrapInCompletionException(CompletableFuture.java:323)
	at java.base/java.util.concurrent.CompletableFuture.encodeThrowable(CompletableFuture.java:376)
	at java.base/java.util.concurrent.CompletableFuture.uniApplyNow(CompletableFuture.java:718)
	at java.base/java.util.concurrent.CompletableFuture.uniApplyStage(CompletableFuture.java:706)
	at java.base/java.util.concurrent.CompletableFuture.thenApply(CompletableFuture.java:2244)
	at org.eclipse.lsp4e.operations.codelens.CodeLensProvider.lambda$1(CodeLensProvider.java:41)
	at org.eclipse.lsp4e.LanguageServers.lambda$24(LanguageServers.java:445)
	at org.eclipse.lsp4e.LanguageServerWrapper.lambda$17(LanguageServerWrapper.java:976)
	at java.base/java.util.concurrent.CompletableFuture$UniCompose.tryFire(CompletableFuture.java:1194)
	at java.base/java.util.concurrent.CompletableFuture$Completion.run(CompletableFuture.java:526)
	at java.base/java.util.concurrent.ThreadPoolExecutor.runWorker(ThreadPoolExecutor.java:1144)
	at java.base/java.util.concurrent.ThreadPoolExecutor$Worker.run(ThreadPoolExecutor.java:642)
	at java.base/java.lang.Thread.run(Thread.java:1575)
Caused by: org.eclipse.lsp4j.jsonrpc.JsonRpcException: java.io.IOException: 파이프가 닫히는 중입니다
	at org.eclipse.lsp4j.jsonrpc.json.StreamMessageConsumer.consume(StreamMessageConsumer.java:72)
	at org.eclipse.lsp4e.LanguageServerWrapper.lambda$3(LanguageServerWrapper.java:413)
	at org.eclipse.lsp4j.jsonrpc.RemoteEndpoint.request(RemoteEndpoint.java:171)
	at org.eclipse.lsp4j.jsonrpc.services.EndpointProxy.invoke(EndpointProxy.java:91)
	at jdk.proxy15/jdk.proxy15.$Proxy38.codeLens(Unknown Source)
	at org.eclipse.lsp4e.operations.codelens.CodeLensProvider.lambda$1(CodeLensProvider.java:40)
	... 7 more
Caused by: java.io.IOException: 파이프가 닫히는 중입니다
	at java.base/java.io.FileOutputStream.writeBytes(Native Method)
	at java.base/java.io.FileOutputStream.write(FileOutputStream.java:400)
	at java.base/java.lang.Process$PipeOutputStream.write(Process.java:907)
	at java.base/java.io.BufferedOutputStream.flushBuffer(BufferedOutputStream.java:125)
	at java.base/java.io.BufferedOutputStream.implWrite(BufferedOutputStream.java:222)
	at java.base/java.io.BufferedOutputStream.write(BufferedOutputStream.java:200)
	at java.base/java.io.FilterOutputStream.write(FilterOutputStream.java:110)
	at org.eclipse.lsp4j.jsonrpc.json.StreamMessageConsumer.consume(StreamMessageConsumer.java:67)
	... 12 more

!ENTRY org.eclipse.lsp4e 4 0 2025-09-16 14:54:47.185
!MESSAGE java.io.IOException: 파이프가 닫히는 중입니다
!STACK 0
org.eclipse.lsp4j.jsonrpc.JsonRpcException: java.io.IOException: 파이프가 닫히는 중입니다
	at org.eclipse.lsp4j.jsonrpc.json.StreamMessageConsumer.consume(StreamMessageConsumer.java:72)
	at org.eclipse.lsp4e.LanguageServerWrapper.lambda$3(LanguageServerWrapper.java:413)
	at org.eclipse.lsp4j.jsonrpc.RemoteEndpoint.request(RemoteEndpoint.java:171)
	at org.eclipse.lsp4j.jsonrpc.services.EndpointProxy.invoke(EndpointProxy.java:91)
	at jdk.proxy15/jdk.proxy15.$Proxy38.inlayHint(Unknown Source)
	at org.eclipse.lsp4e.operations.inlayhint.InlayHintProvider.lambda$1(InlayHintProvider.java:55)
	at org.eclipse.lsp4e.LanguageServers.lambda$24(LanguageServers.java:445)
	at org.eclipse.lsp4e.LanguageServerWrapper.lambda$17(LanguageServerWrapper.java:976)
	at java.base/java.util.concurrent.CompletableFuture$UniCompose.tryFire(CompletableFuture.java:1194)
	at java.base/java.util.concurrent.CompletableFuture$Completion.run(CompletableFuture.java:526)
	at java.base/java.util.concurrent.ThreadPoolExecutor.runWorker(ThreadPoolExecutor.java:1144)
	at java.base/java.util.concurrent.ThreadPoolExecutor$Worker.run(ThreadPoolExecutor.java:642)
	at java.base/java.lang.Thread.run(Thread.java:1575)
Caused by: java.io.IOException: 파이프가 닫히는 중입니다
	at java.base/java.io.FileOutputStream.writeBytes(Native Method)
	at java.base/java.io.FileOutputStream.write(FileOutputStream.java:400)
	at java.base/java.lang.Process$PipeOutputStream.write(Process.java:907)
	at java.base/java.io.BufferedOutputStream.flushBuffer(BufferedOutputStream.java:125)
	at java.base/java.io.BufferedOutputStream.implWrite(BufferedOutputStream.java:222)
	at java.base/java.io.BufferedOutputStream.write(BufferedOutputStream.java:200)
	at java.base/java.io.FilterOutputStream.write(FilterOutputStream.java:110)
	at org.eclipse.lsp4j.jsonrpc.json.StreamMessageConsumer.consume(StreamMessageConsumer.java:67)
	... 12 more

!ENTRY org.eclipse.jface.text 4 0 2025-09-16 14:54:47.186
!MESSAGE org.eclipse.lsp4j.jsonrpc.JsonRpcException: java.io.IOException: 파이프가 닫히는 중입니다
!STACK 0
java.util.concurrent.CompletionException: org.eclipse.lsp4j.jsonrpc.JsonRpcException: java.io.IOException: 파이프가 닫히는 중입니다
	at java.base/java.util.concurrent.CompletableFuture.wrapInCompletionException(CompletableFuture.java:323)
	at java.base/java.util.concurrent.CompletableFuture.encodeThrowable(CompletableFuture.java:376)
	at java.base/java.util.concurrent.CompletableFuture.uniApplyNow(CompletableFuture.java:718)
	at java.base/java.util.concurrent.CompletableFuture.uniApplyStage(CompletableFuture.java:706)
	at java.base/java.util.concurrent.CompletableFuture.thenApply(CompletableFuture.java:2244)
	at org.eclipse.lsp4e.operations.codelens.CodeLensProvider.lambda$1(CodeLensProvider.java:41)
	at org.eclipse.lsp4e.LanguageServers.lambda$24(LanguageServers.java:445)
	at org.eclipse.lsp4e.LanguageServerWrapper.lambda$17(LanguageServerWrapper.java:976)
	at java.base/java.util.concurrent.CompletableFuture$UniCompose.tryFire(CompletableFuture.java:1194)
	at java.base/java.util.concurrent.CompletableFuture$Completion.run(CompletableFuture.java:526)
	at java.base/java.util.concurrent.ThreadPoolExecutor.runWorker(ThreadPoolExecutor.java:1144)
	at java.base/java.util.concurrent.ThreadPoolExecutor$Worker.run(ThreadPoolExecutor.java:642)
	at java.base/java.lang.Thread.run(Thread.java:1575)
Caused by: org.eclipse.lsp4j.jsonrpc.JsonRpcException: java.io.IOException: 파이프가 닫히는 중입니다
	at org.eclipse.lsp4j.jsonrpc.json.StreamMessageConsumer.consume(StreamMessageConsumer.java:72)
	at org.eclipse.lsp4e.LanguageServerWrapper.lambda$3(LanguageServerWrapper.java:413)
	at org.eclipse.lsp4j.jsonrpc.RemoteEndpoint.request(RemoteEndpoint.java:171)
	at org.eclipse.lsp4j.jsonrpc.services.EndpointProxy.invoke(EndpointProxy.java:91)
	at jdk.proxy15/jdk.proxy15.$Proxy38.codeLens(Unknown Source)
	at org.eclipse.lsp4e.operations.codelens.CodeLensProvider.lambda$1(CodeLensProvider.java:40)
	... 7 more
Caused by: java.io.IOException: 파이프가 닫히는 중입니다
	at java.base/java.io.FileOutputStream.writeBytes(Native Method)
	at java.base/java.io.FileOutputStream.write(FileOutputStream.java:400)
	at java.base/java.lang.Process$PipeOutputStream.write(Process.java:907)
	at java.base/java.io.BufferedOutputStream.flushBuffer(BufferedOutputStream.java:125)
	at java.base/java.io.BufferedOutputStream.implWrite(BufferedOutputStream.java:222)
	at java.base/java.io.BufferedOutputStream.write(BufferedOutputStream.java:200)
	at java.base/java.io.FilterOutputStream.write(FilterOutputStream.java:110)
	at org.eclipse.lsp4j.jsonrpc.json.StreamMessageConsumer.consume(StreamMessageConsumer.java:67)
	... 12 more

!ENTRY org.eclipse.lsp4e 4 0 2025-09-16 14:54:47.186
!MESSAGE java.io.IOException: 파이프가 닫히는 중입니다
!STACK 0
org.eclipse.lsp4j.jsonrpc.JsonRpcException: java.io.IOException: 파이프가 닫히는 중입니다
	at org.eclipse.lsp4j.jsonrpc.json.StreamMessageConsumer.consume(StreamMessageConsumer.java:72)
	at org.eclipse.lsp4e.LanguageServerWrapper.lambda$3(LanguageServerWrapper.java:413)
	at org.eclipse.lsp4j.jsonrpc.RemoteEndpoint.request(RemoteEndpoint.java:171)
	at org.eclipse.lsp4j.jsonrpc.services.EndpointProxy.invoke(EndpointProxy.java:91)
	at jdk.proxy15/jdk.proxy15.$Proxy38.inlayHint(Unknown Source)
	at org.eclipse.lsp4e.operations.inlayhint.InlayHintProvider.lambda$1(InlayHintProvider.java:55)
	at org.eclipse.lsp4e.LanguageServers.lambda$24(LanguageServers.java:445)
	at org.eclipse.lsp4e.LanguageServerWrapper.lambda$17(LanguageServerWrapper.java:976)
	at java.base/java.util.concurrent.CompletableFuture$UniCompose.tryFire(CompletableFuture.java:1194)
	at java.base/java.util.concurrent.CompletableFuture$Completion.run(CompletableFuture.java:526)
	at java.base/java.util.concurrent.ThreadPoolExecutor.runWorker(ThreadPoolExecutor.java:1144)
	at java.base/java.util.concurrent.ThreadPoolExecutor$Worker.run(ThreadPoolExecutor.java:642)
	at java.base/java.lang.Thread.run(Thread.java:1575)
Caused by: java.io.IOException: 파이프가 닫히는 중입니다
	at java.base/java.io.FileOutputStream.writeBytes(Native Method)
	at java.base/java.io.FileOutputStream.write(FileOutputStream.java:400)
	at java.base/java.lang.Process$PipeOutputStream.write(Process.java:907)
	at java.base/java.io.BufferedOutputStream.flushBuffer(BufferedOutputStream.java:125)
	at java.base/java.io.BufferedOutputStream.implWrite(BufferedOutputStream.java:222)
	at java.base/java.io.BufferedOutputStream.write(BufferedOutputStream.java:200)
	at java.base/java.io.FilterOutputStream.write(FilterOutputStream.java:110)
	at org.eclipse.lsp4j.jsonrpc.json.StreamMessageConsumer.consume(StreamMessageConsumer.java:67)
	... 12 more

!ENTRY org.eclipse.jface.text 4 0 2025-09-16 14:54:47.186
!MESSAGE org.eclipse.lsp4j.jsonrpc.JsonRpcException: java.io.IOException: 파이프가 닫히는 중입니다
!STACK 0
java.util.concurrent.CompletionException: org.eclipse.lsp4j.jsonrpc.JsonRpcException: java.io.IOException: 파이프가 닫히는 중입니다
	at java.base/java.util.concurrent.CompletableFuture.wrapInCompletionException(CompletableFuture.java:323)
	at java.base/java.util.concurrent.CompletableFuture.encodeThrowable(CompletableFuture.java:376)
	at java.base/java.util.concurrent.CompletableFuture.uniApplyNow(CompletableFuture.java:718)
	at java.base/java.util.concurrent.CompletableFuture.uniApplyStage(CompletableFuture.java:706)
	at java.base/java.util.concurrent.CompletableFuture.thenApply(CompletableFuture.java:2244)
	at org.eclipse.lsp4e.operations.codelens.CodeLensProvider.lambda$1(CodeLensProvider.java:41)
	at org.eclipse.lsp4e.LanguageServers.lambda$24(LanguageServers.java:445)
	at org.eclipse.lsp4e.LanguageServerWrapper.lambda$17(LanguageServerWrapper.java:976)
	at java.base/java.util.concurrent.CompletableFuture$UniCompose.tryFire(CompletableFuture.java:1194)
	at java.base/java.util.concurrent.CompletableFuture$Completion.run(CompletableFuture.java:526)
	at java.base/java.util.concurrent.ThreadPoolExecutor.runWorker(ThreadPoolExecutor.java:1144)
	at java.base/java.util.concurrent.ThreadPoolExecutor$Worker.run(ThreadPoolExecutor.java:642)
	at java.base/java.lang.Thread.run(Thread.java:1575)
Caused by: org.eclipse.lsp4j.jsonrpc.JsonRpcException: java.io.IOException: 파이프가 닫히는 중입니다
	at org.eclipse.lsp4j.jsonrpc.json.StreamMessageConsumer.consume(StreamMessageConsumer.java:72)
	at org.eclipse.lsp4e.LanguageServerWrapper.lambda$3(LanguageServerWrapper.java:413)
	at org.eclipse.lsp4j.jsonrpc.RemoteEndpoint.request(RemoteEndpoint.java:171)
	at org.eclipse.lsp4j.jsonrpc.services.EndpointProxy.invoke(EndpointProxy.java:91)
	at jdk.proxy15/jdk.proxy15.$Proxy38.codeLens(Unknown Source)
	at org.eclipse.lsp4e.operations.codelens.CodeLensProvider.lambda$1(CodeLensProvider.java:40)
	... 7 more
Caused by: java.io.IOException: 파이프가 닫히는 중입니다
	at java.base/java.io.FileOutputStream.writeBytes(Native Method)
	at java.base/java.io.FileOutputStream.write(FileOutputStream.java:400)
	at java.base/java.lang.Process$PipeOutputStream.write(Process.java:907)
	at java.base/java.io.BufferedOutputStream.flushBuffer(BufferedOutputStream.java:125)
	at java.base/java.io.BufferedOutputStream.implWrite(BufferedOutputStream.java:222)
	at java.base/java.io.BufferedOutputStream.write(BufferedOutputStream.java:200)
	at java.base/java.io.FilterOutputStream.write(FilterOutputStream.java:110)
	at org.eclipse.lsp4j.jsonrpc.json.StreamMessageConsumer.consume(StreamMessageConsumer.java:67)
	... 12 more

!ENTRY org.eclipse.lsp4e 4 0 2025-09-16 14:54:47.187
!MESSAGE java.io.IOException: 파이프가 닫히는 중입니다
!STACK 0
org.eclipse.lsp4j.jsonrpc.JsonRpcException: java.io.IOException: 파이프가 닫히는 중입니다
	at org.eclipse.lsp4j.jsonrpc.json.StreamMessageConsumer.consume(StreamMessageConsumer.java:72)
	at org.eclipse.lsp4e.LanguageServerWrapper.lambda$3(LanguageServerWrapper.java:413)
	at org.eclipse.lsp4j.jsonrpc.RemoteEndpoint.request(RemoteEndpoint.java:171)
	at org.eclipse.lsp4j.jsonrpc.services.EndpointProxy.invoke(EndpointProxy.java:91)
	at jdk.proxy15/jdk.proxy15.$Proxy38.inlayHint(Unknown Source)
	at org.eclipse.lsp4e.operations.inlayhint.InlayHintProvider.lambda$1(InlayHintProvider.java:55)
	at org.eclipse.lsp4e.LanguageServers.lambda$24(LanguageServers.java:445)
	at org.eclipse.lsp4e.LanguageServerWrapper.lambda$17(LanguageServerWrapper.java:976)
	at java.base/java.util.concurrent.CompletableFuture$UniCompose.tryFire(CompletableFuture.java:1194)
	at java.base/java.util.concurrent.CompletableFuture$Completion.run(CompletableFuture.java:526)
	at java.base/java.util.concurrent.ThreadPoolExecutor.runWorker(ThreadPoolExecutor.java:1144)
	at java.base/java.util.concurrent.ThreadPoolExecutor$Worker.run(ThreadPoolExecutor.java:642)
	at java.base/java.lang.Thread.run(Thread.java:1575)
Caused by: java.io.IOException: 파이프가 닫히는 중입니다
	at java.base/java.io.FileOutputStream.writeBytes(Native Method)
	at java.base/java.io.FileOutputStream.write(FileOutputStream.java:400)
	at java.base/java.lang.Process$PipeOutputStream.write(Process.java:907)
	at java.base/java.io.BufferedOutputStream.flushBuffer(BufferedOutputStream.java:125)
	at java.base/java.io.BufferedOutputStream.implWrite(BufferedOutputStream.java:222)
	at java.base/java.io.BufferedOutputStream.write(BufferedOutputStream.java:200)
	at java.base/java.io.FilterOutputStream.write(FilterOutputStream.java:110)
	at org.eclipse.lsp4j.jsonrpc.json.StreamMessageConsumer.consume(StreamMessageConsumer.java:67)
	... 12 more

!ENTRY org.eclipse.jface.text 4 0 2025-09-16 14:54:47.187
!MESSAGE org.eclipse.lsp4j.jsonrpc.JsonRpcException: java.io.IOException: 파이프가 닫히는 중입니다
!STACK 0
java.util.concurrent.CompletionException: org.eclipse.lsp4j.jsonrpc.JsonRpcException: java.io.IOException: 파이프가 닫히는 중입니다
	at java.base/java.util.concurrent.CompletableFuture.wrapInCompletionException(CompletableFuture.java:323)
	at java.base/java.util.concurrent.CompletableFuture.encodeThrowable(CompletableFuture.java:376)
	at java.base/java.util.concurrent.CompletableFuture.uniApplyNow(CompletableFuture.java:718)
	at java.base/java.util.concurrent.CompletableFuture.uniApplyStage(CompletableFuture.java:706)
	at java.base/java.util.concurrent.CompletableFuture.thenApply(CompletableFuture.java:2244)
	at org.eclipse.lsp4e.operations.codelens.CodeLensProvider.lambda$1(CodeLensProvider.java:41)
	at org.eclipse.lsp4e.LanguageServers.lambda$24(LanguageServers.java:445)
	at org.eclipse.lsp4e.LanguageServerWrapper.lambda$17(LanguageServerWrapper.java:976)
	at java.base/java.util.concurrent.CompletableFuture$UniCompose.tryFire(CompletableFuture.java:1194)
	at java.base/java.util.concurrent.CompletableFuture$Completion.run(CompletableFuture.java:526)
	at java.base/java.util.concurrent.ThreadPoolExecutor.runWorker(ThreadPoolExecutor.java:1144)
	at java.base/java.util.concurrent.ThreadPoolExecutor$Worker.run(ThreadPoolExecutor.java:642)
	at java.base/java.lang.Thread.run(Thread.java:1575)
Caused by: org.eclipse.lsp4j.jsonrpc.JsonRpcException: java.io.IOException: 파이프가 닫히는 중입니다
	at org.eclipse.lsp4j.jsonrpc.json.StreamMessageConsumer.consume(StreamMessageConsumer.java:72)
	at org.eclipse.lsp4e.LanguageServerWrapper.lambda$3(LanguageServerWrapper.java:413)
	at org.eclipse.lsp4j.jsonrpc.RemoteEndpoint.request(RemoteEndpoint.java:171)
	at org.eclipse.lsp4j.jsonrpc.services.EndpointProxy.invoke(EndpointProxy.java:91)
	at jdk.proxy15/jdk.proxy15.$Proxy38.codeLens(Unknown Source)
	at org.eclipse.lsp4e.operations.codelens.CodeLensProvider.lambda$1(CodeLensProvider.java:40)
	... 7 more
Caused by: java.io.IOException: 파이프가 닫히는 중입니다
	at java.base/java.io.FileOutputStream.writeBytes(Native Method)
	at java.base/java.io.FileOutputStream.write(FileOutputStream.java:400)
	at java.base/java.lang.Process$PipeOutputStream.write(Process.java:907)
	at java.base/java.io.BufferedOutputStream.flushBuffer(BufferedOutputStream.java:125)
	at java.base/java.io.BufferedOutputStream.implWrite(BufferedOutputStream.java:222)
	at java.base/java.io.BufferedOutputStream.write(BufferedOutputStream.java:200)
	at java.base/java.io.FilterOutputStream.write(FilterOutputStream.java:110)
	at org.eclipse.lsp4j.jsonrpc.json.StreamMessageConsumer.consume(StreamMessageConsumer.java:67)
	... 12 more

!ENTRY org.eclipse.lsp4e 4 0 2025-09-16 14:54:47.187
!MESSAGE java.io.IOException: 파이프가 닫히는 중입니다
!STACK 0
org.eclipse.lsp4j.jsonrpc.JsonRpcException: java.io.IOException: 파이프가 닫히는 중입니다
	at org.eclipse.lsp4j.jsonrpc.json.StreamMessageConsumer.consume(StreamMessageConsumer.java:72)
	at org.eclipse.lsp4e.LanguageServerWrapper.lambda$3(LanguageServerWrapper.java:413)
	at org.eclipse.lsp4j.jsonrpc.RemoteEndpoint.request(RemoteEndpoint.java:171)
	at org.eclipse.lsp4j.jsonrpc.services.EndpointProxy.invoke(EndpointProxy.java:91)
	at jdk.proxy15/jdk.proxy15.$Proxy38.inlayHint(Unknown Source)
	at org.eclipse.lsp4e.operations.inlayhint.InlayHintProvider.lambda$1(InlayHintProvider.java:55)
	at org.eclipse.lsp4e.LanguageServers.lambda$24(LanguageServers.java:445)
	at org.eclipse.lsp4e.LanguageServerWrapper.lambda$17(LanguageServerWrapper.java:976)
	at java.base/java.util.concurrent.CompletableFuture$UniCompose.tryFire(CompletableFuture.java:1194)
	at java.base/java.util.concurrent.CompletableFuture$Completion.run(CompletableFuture.java:526)
	at java.base/java.util.concurrent.ThreadPoolExecutor.runWorker(ThreadPoolExecutor.java:1144)
	at java.base/java.util.concurrent.ThreadPoolExecutor$Worker.run(ThreadPoolExecutor.java:642)
	at java.base/java.lang.Thread.run(Thread.java:1575)
Caused by: java.io.IOException: 파이프가 닫히는 중입니다
	at java.base/java.io.FileOutputStream.writeBytes(Native Method)
	at java.base/java.io.FileOutputStream.write(FileOutputStream.java:400)
	at java.base/java.lang.Process$PipeOutputStream.write(Process.java:907)
	at java.base/java.io.BufferedOutputStream.flushBuffer(BufferedOutputStream.java:125)
	at java.base/java.io.BufferedOutputStream.implWrite(BufferedOutputStream.java:222)
	at java.base/java.io.BufferedOutputStream.write(BufferedOutputStream.java:200)
	at java.base/java.io.FilterOutputStream.write(FilterOutputStream.java:110)
	at org.eclipse.lsp4j.jsonrpc.json.StreamMessageConsumer.consume(StreamMessageConsumer.java:67)
	... 12 more

!ENTRY org.eclipse.jface.text 4 0 2025-09-16 14:54:47.187
!MESSAGE org.eclipse.lsp4j.jsonrpc.JsonRpcException: java.io.IOException: 파이프가 닫히는 중입니다
!STACK 0
java.util.concurrent.CompletionException: org.eclipse.lsp4j.jsonrpc.JsonRpcException: java.io.IOException: 파이프가 닫히는 중입니다
	at java.base/java.util.concurrent.CompletableFuture.wrapInCompletionException(CompletableFuture.java:323)
	at java.base/java.util.concurrent.CompletableFuture.encodeThrowable(CompletableFuture.java:376)
	at java.base/java.util.concurrent.CompletableFuture.uniApplyNow(CompletableFuture.java:718)
	at java.base/java.util.concurrent.CompletableFuture.uniApplyStage(CompletableFuture.java:706)
	at java.base/java.util.concurrent.CompletableFuture.thenApply(CompletableFuture.java:2244)
	at org.eclipse.lsp4e.operations.codelens.CodeLensProvider.lambda$1(CodeLensProvider.java:41)
	at org.eclipse.lsp4e.LanguageServers.lambda$24(LanguageServers.java:445)
	at org.eclipse.lsp4e.LanguageServerWrapper.lambda$17(LanguageServerWrapper.java:976)
	at java.base/java.util.concurrent.CompletableFuture$UniCompose.tryFire(CompletableFuture.java:1194)
	at java.base/java.util.concurrent.CompletableFuture$Completion.run(CompletableFuture.java:526)
	at java.base/java.util.concurrent.ThreadPoolExecutor.runWorker(ThreadPoolExecutor.java:1144)
	at java.base/java.util.concurrent.ThreadPoolExecutor$Worker.run(ThreadPoolExecutor.java:642)
	at java.base/java.lang.Thread.run(Thread.java:1575)
Caused by: org.eclipse.lsp4j.jsonrpc.JsonRpcException: java.io.IOException: 파이프가 닫히는 중입니다
	at org.eclipse.lsp4j.jsonrpc.json.StreamMessageConsumer.consume(StreamMessageConsumer.java:72)
	at org.eclipse.lsp4e.LanguageServerWrapper.lambda$3(LanguageServerWrapper.java:413)
	at org.eclipse.lsp4j.jsonrpc.RemoteEndpoint.request(RemoteEndpoint.java:171)
	at org.eclipse.lsp4j.jsonrpc.services.EndpointProxy.invoke(EndpointProxy.java:91)
	at jdk.proxy15/jdk.proxy15.$Proxy38.codeLens(Unknown Source)
	at org.eclipse.lsp4e.operations.codelens.CodeLensProvider.lambda$1(CodeLensProvider.java:40)
	... 7 more
Caused by: java.io.IOException: 파이프가 닫히는 중입니다
	at java.base/java.io.FileOutputStream.writeBytes(Native Method)
	at java.base/java.io.FileOutputStream.write(FileOutputStream.java:400)
	at java.base/java.lang.Process$PipeOutputStream.write(Process.java:907)
	at java.base/java.io.BufferedOutputStream.flushBuffer(BufferedOutputStream.java:125)
	at java.base/java.io.BufferedOutputStream.implWrite(BufferedOutputStream.java:222)
	at java.base/java.io.BufferedOutputStream.write(BufferedOutputStream.java:200)
	at java.base/java.io.FilterOutputStream.write(FilterOutputStream.java:110)
	at org.eclipse.lsp4j.jsonrpc.json.StreamMessageConsumer.consume(StreamMessageConsumer.java:67)
	... 12 more

!ENTRY org.eclipse.lsp4e 4 0 2025-09-16 14:54:47.188
!MESSAGE java.io.IOException: 파이프가 닫히는 중입니다
!STACK 0
org.eclipse.lsp4j.jsonrpc.JsonRpcException: java.io.IOException: 파이프가 닫히는 중입니다
	at org.eclipse.lsp4j.jsonrpc.json.StreamMessageConsumer.consume(StreamMessageConsumer.java:72)
	at org.eclipse.lsp4e.LanguageServerWrapper.lambda$3(LanguageServerWrapper.java:413)
	at org.eclipse.lsp4j.jsonrpc.RemoteEndpoint.request(RemoteEndpoint.java:171)
	at org.eclipse.lsp4j.jsonrpc.services.EndpointProxy.invoke(EndpointProxy.java:91)
	at jdk.proxy15/jdk.proxy15.$Proxy38.inlayHint(Unknown Source)
	at org.eclipse.lsp4e.operations.inlayhint.InlayHintProvider.lambda$1(InlayHintProvider.java:55)
	at org.eclipse.lsp4e.LanguageServers.lambda$24(LanguageServers.java:445)
	at org.eclipse.lsp4e.LanguageServerWrapper.lambda$17(LanguageServerWrapper.java:976)
	at java.base/java.util.concurrent.CompletableFuture$UniCompose.tryFire(CompletableFuture.java:1194)
	at java.base/java.util.concurrent.CompletableFuture$Completion.run(CompletableFuture.java:526)
	at java.base/java.util.concurrent.ThreadPoolExecutor.runWorker(ThreadPoolExecutor.java:1144)
	at java.base/java.util.concurrent.ThreadPoolExecutor$Worker.run(ThreadPoolExecutor.java:642)
	at java.base/java.lang.Thread.run(Thread.java:1575)
Caused by: java.io.IOException: 파이프가 닫히는 중입니다
	at java.base/java.io.FileOutputStream.writeBytes(Native Method)
	at java.base/java.io.FileOutputStream.write(FileOutputStream.java:400)
	at java.base/java.lang.Process$PipeOutputStream.write(Process.java:907)
	at java.base/java.io.BufferedOutputStream.flushBuffer(BufferedOutputStream.java:125)
	at java.base/java.io.BufferedOutputStream.implWrite(BufferedOutputStream.java:222)
	at java.base/java.io.BufferedOutputStream.write(BufferedOutputStream.java:200)
	at java.base/java.io.FilterOutputStream.write(FilterOutputStream.java:110)
	at org.eclipse.lsp4j.jsonrpc.json.StreamMessageConsumer.consume(StreamMessageConsumer.java:67)
	... 12 more

!ENTRY org.eclipse.jface.text 4 0 2025-09-16 14:54:47.188
!MESSAGE org.eclipse.lsp4j.jsonrpc.JsonRpcException: java.io.IOException: 파이프가 닫히는 중입니다
!STACK 0
java.util.concurrent.CompletionException: org.eclipse.lsp4j.jsonrpc.JsonRpcException: java.io.IOException: 파이프가 닫히는 중입니다
	at java.base/java.util.concurrent.CompletableFuture.wrapInCompletionException(CompletableFuture.java:323)
	at java.base/java.util.concurrent.CompletableFuture.encodeThrowable(CompletableFuture.java:376)
	at java.base/java.util.concurrent.CompletableFuture.uniApplyNow(CompletableFuture.java:718)
	at java.base/java.util.concurrent.CompletableFuture.uniApplyStage(CompletableFuture.java:706)
	at java.base/java.util.concurrent.CompletableFuture.thenApply(CompletableFuture.java:2244)
	at org.eclipse.lsp4e.operations.codelens.CodeLensProvider.lambda$1(CodeLensProvider.java:41)
	at org.eclipse.lsp4e.LanguageServers.lambda$24(LanguageServers.java:445)
	at org.eclipse.lsp4e.LanguageServerWrapper.lambda$17(LanguageServerWrapper.java:976)
	at java.base/java.util.concurrent.CompletableFuture$UniCompose.tryFire(CompletableFuture.java:1194)
	at java.base/java.util.concurrent.CompletableFuture$Completion.run(CompletableFuture.java:526)
	at java.base/java.util.concurrent.ThreadPoolExecutor.runWorker(ThreadPoolExecutor.java:1144)
	at java.base/java.util.concurrent.ThreadPoolExecutor$Worker.run(ThreadPoolExecutor.java:642)
	at java.base/java.lang.Thread.run(Thread.java:1575)
Caused by: org.eclipse.lsp4j.jsonrpc.JsonRpcException: java.io.IOException: 파이프가 닫히는 중입니다
	at org.eclipse.lsp4j.jsonrpc.json.StreamMessageConsumer.consume(StreamMessageConsumer.java:72)
	at org.eclipse.lsp4e.LanguageServerWrapper.lambda$3(LanguageServerWrapper.java:413)
	at org.eclipse.lsp4j.jsonrpc.RemoteEndpoint.request(RemoteEndpoint.java:171)
	at org.eclipse.lsp4j.jsonrpc.services.EndpointProxy.invoke(EndpointProxy.java:91)
	at jdk.proxy15/jdk.proxy15.$Proxy38.codeLens(Unknown Source)
	at org.eclipse.lsp4e.operations.codelens.CodeLensProvider.lambda$1(CodeLensProvider.java:40)
	... 7 more
Caused by: java.io.IOException: 파이프가 닫히는 중입니다
	at java.base/java.io.FileOutputStream.writeBytes(Native Method)
	at java.base/java.io.FileOutputStream.write(FileOutputStream.java:400)
	at java.base/java.lang.Process$PipeOutputStream.write(Process.java:907)
	at java.base/java.io.BufferedOutputStream.flushBuffer(BufferedOutputStream.java:125)
	at java.base/java.io.BufferedOutputStream.implWrite(BufferedOutputStream.java:222)
	at java.base/java.io.BufferedOutputStream.write(BufferedOutputStream.java:200)
	at java.base/java.io.FilterOutputStream.write(FilterOutputStream.java:110)
	at org.eclipse.lsp4j.jsonrpc.json.StreamMessageConsumer.consume(StreamMessageConsumer.java:67)
	... 12 more

!ENTRY org.eclipse.lsp4e 4 0 2025-09-16 14:54:47.188
!MESSAGE java.io.IOException: 파이프가 닫히는 중입니다
!STACK 0
org.eclipse.lsp4j.jsonrpc.JsonRpcException: java.io.IOException: 파이프가 닫히는 중입니다
	at org.eclipse.lsp4j.jsonrpc.json.StreamMessageConsumer.consume(StreamMessageConsumer.java:72)
	at org.eclipse.lsp4e.LanguageServerWrapper.lambda$3(LanguageServerWrapper.java:413)
	at org.eclipse.lsp4j.jsonrpc.RemoteEndpoint.request(RemoteEndpoint.java:171)
	at org.eclipse.lsp4j.jsonrpc.services.EndpointProxy.invoke(EndpointProxy.java:91)
	at jdk.proxy15/jdk.proxy15.$Proxy38.inlayHint(Unknown Source)
	at org.eclipse.lsp4e.operations.inlayhint.InlayHintProvider.lambda$1(InlayHintProvider.java:55)
	at org.eclipse.lsp4e.LanguageServers.lambda$24(LanguageServers.java:445)
	at org.eclipse.lsp4e.LanguageServerWrapper.lambda$17(LanguageServerWrapper.java:976)
	at java.base/java.util.concurrent.CompletableFuture$UniCompose.tryFire(CompletableFuture.java:1194)
	at java.base/java.util.concurrent.CompletableFuture$Completion.run(CompletableFuture.java:526)
	at java.base/java.util.concurrent.ThreadPoolExecutor.runWorker(ThreadPoolExecutor.java:1144)
	at java.base/java.util.concurrent.ThreadPoolExecutor$Worker.run(ThreadPoolExecutor.java:642)
	at java.base/java.lang.Thread.run(Thread.java:1575)
Caused by: java.io.IOException: 파이프가 닫히는 중입니다
	at java.base/java.io.FileOutputStream.writeBytes(Native Method)
	at java.base/java.io.FileOutputStream.write(FileOutputStream.java:400)
	at java.base/java.lang.Process$PipeOutputStream.write(Process.java:907)
	at java.base/java.io.BufferedOutputStream.flushBuffer(BufferedOutputStream.java:125)
	at java.base/java.io.BufferedOutputStream.implWrite(BufferedOutputStream.java:222)
	at java.base/java.io.BufferedOutputStream.write(BufferedOutputStream.java:200)
	at java.base/java.io.FilterOutputStream.write(FilterOutputStream.java:110)
	at org.eclipse.lsp4j.jsonrpc.json.StreamMessageConsumer.consume(StreamMessageConsumer.java:67)
	... 12 more

!ENTRY org.eclipse.jface.text 4 0 2025-09-16 14:54:47.189
!MESSAGE org.eclipse.lsp4j.jsonrpc.JsonRpcException: java.io.IOException: 파이프가 닫히는 중입니다
!STACK 0
java.util.concurrent.CompletionException: org.eclipse.lsp4j.jsonrpc.JsonRpcException: java.io.IOException: 파이프가 닫히는 중입니다
	at java.base/java.util.concurrent.CompletableFuture.wrapInCompletionException(CompletableFuture.java:323)
	at java.base/java.util.concurrent.CompletableFuture.encodeThrowable(CompletableFuture.java:376)
	at java.base/java.util.concurrent.CompletableFuture.uniApplyNow(CompletableFuture.java:718)
	at java.base/java.util.concurrent.CompletableFuture.uniApplyStage(CompletableFuture.java:706)
	at java.base/java.util.concurrent.CompletableFuture.thenApply(CompletableFuture.java:2244)
	at org.eclipse.lsp4e.operations.codelens.CodeLensProvider.lambda$1(CodeLensProvider.java:41)
	at org.eclipse.lsp4e.LanguageServers.lambda$24(LanguageServers.java:445)
	at org.eclipse.lsp4e.LanguageServerWrapper.lambda$17(LanguageServerWrapper.java:976)
	at java.base/java.util.concurrent.CompletableFuture$UniCompose.tryFire(CompletableFuture.java:1194)
	at java.base/java.util.concurrent.CompletableFuture$Completion.run(CompletableFuture.java:526)
	at java.base/java.util.concurrent.ThreadPoolExecutor.runWorker(ThreadPoolExecutor.java:1144)
	at java.base/java.util.concurrent.ThreadPoolExecutor$Worker.run(ThreadPoolExecutor.java:642)
	at java.base/java.lang.Thread.run(Thread.java:1575)
Caused by: org.eclipse.lsp4j.jsonrpc.JsonRpcException: java.io.IOException: 파이프가 닫히는 중입니다
	at org.eclipse.lsp4j.jsonrpc.json.StreamMessageConsumer.consume(StreamMessageConsumer.java:72)
	at org.eclipse.lsp4e.LanguageServerWrapper.lambda$3(LanguageServerWrapper.java:413)
	at org.eclipse.lsp4j.jsonrpc.RemoteEndpoint.request(RemoteEndpoint.java:171)
	at org.eclipse.lsp4j.jsonrpc.services.EndpointProxy.invoke(EndpointProxy.java:91)
	at jdk.proxy15/jdk.proxy15.$Proxy38.codeLens(Unknown Source)
	at org.eclipse.lsp4e.operations.codelens.CodeLensProvider.lambda$1(CodeLensProvider.java:40)
	... 7 more
Caused by: java.io.IOException: 파이프가 닫히는 중입니다
	at java.base/java.io.FileOutputStream.writeBytes(Native Method)
	at java.base/java.io.FileOutputStream.write(FileOutputStream.java:400)
	at java.base/java.lang.Process$PipeOutputStream.write(Process.java:907)
	at java.base/java.io.BufferedOutputStream.flushBuffer(BufferedOutputStream.java:125)
	at java.base/java.io.BufferedOutputStream.implWrite(BufferedOutputStream.java:222)
	at java.base/java.io.BufferedOutputStream.write(BufferedOutputStream.java:200)
	at java.base/java.io.FilterOutputStream.write(FilterOutputStream.java:110)
	at org.eclipse.lsp4j.jsonrpc.json.StreamMessageConsumer.consume(StreamMessageConsumer.java:67)
	... 12 more

!ENTRY org.eclipse.lsp4e 4 0 2025-09-16 14:54:47.189
!MESSAGE java.io.IOException: 파이프가 닫히는 중입니다
!STACK 0
org.eclipse.lsp4j.jsonrpc.JsonRpcException: java.io.IOException: 파이프가 닫히는 중입니다
	at org.eclipse.lsp4j.jsonrpc.json.StreamMessageConsumer.consume(StreamMessageConsumer.java:72)
	at org.eclipse.lsp4e.LanguageServerWrapper.lambda$3(LanguageServerWrapper.java:413)
	at org.eclipse.lsp4j.jsonrpc.RemoteEndpoint.request(RemoteEndpoint.java:171)
	at org.eclipse.lsp4j.jsonrpc.services.EndpointProxy.invoke(EndpointProxy.java:91)
	at jdk.proxy15/jdk.proxy15.$Proxy38.inlayHint(Unknown Source)
	at org.eclipse.lsp4e.operations.inlayhint.InlayHintProvider.lambda$1(InlayHintProvider.java:55)
	at org.eclipse.lsp4e.LanguageServers.lambda$24(LanguageServers.java:445)
	at org.eclipse.lsp4e.LanguageServerWrapper.lambda$17(LanguageServerWrapper.java:976)
	at java.base/java.util.concurrent.CompletableFuture$UniCompose.tryFire(CompletableFuture.java:1194)
	at java.base/java.util.concurrent.CompletableFuture$Completion.run(CompletableFuture.java:526)
	at java.base/java.util.concurrent.ThreadPoolExecutor.runWorker(ThreadPoolExecutor.java:1144)
	at java.base/java.util.concurrent.ThreadPoolExecutor$Worker.run(ThreadPoolExecutor.java:642)
	at java.base/java.lang.Thread.run(Thread.java:1575)
Caused by: java.io.IOException: 파이프가 닫히는 중입니다
	at java.base/java.io.FileOutputStream.writeBytes(Native Method)
	at java.base/java.io.FileOutputStream.write(FileOutputStream.java:400)
	at java.base/java.lang.Process$PipeOutputStream.write(Process.java:907)
	at java.base/java.io.BufferedOutputStream.flushBuffer(BufferedOutputStream.java:125)
	at java.base/java.io.BufferedOutputStream.implWrite(BufferedOutputStream.java:222)
	at java.base/java.io.BufferedOutputStream.write(BufferedOutputStream.java:200)
	at java.base/java.io.FilterOutputStream.write(FilterOutputStream.java:110)
	at org.eclipse.lsp4j.jsonrpc.json.StreamMessageConsumer.consume(StreamMessageConsumer.java:67)
	... 12 more

!ENTRY org.eclipse.jface.text 4 0 2025-09-16 14:54:47.189
!MESSAGE org.eclipse.lsp4j.jsonrpc.JsonRpcException: java.io.IOException: 파이프가 닫히는 중입니다
!STACK 0
java.util.concurrent.CompletionException: org.eclipse.lsp4j.jsonrpc.JsonRpcException: java.io.IOException: 파이프가 닫히는 중입니다
	at java.base/java.util.concurrent.CompletableFuture.wrapInCompletionException(CompletableFuture.java:323)
	at java.base/java.util.concurrent.CompletableFuture.encodeThrowable(CompletableFuture.java:376)
	at java.base/java.util.concurrent.CompletableFuture.uniApplyNow(CompletableFuture.java:718)
	at java.base/java.util.concurrent.CompletableFuture.uniApplyStage(CompletableFuture.java:706)
	at java.base/java.util.concurrent.CompletableFuture.thenApply(CompletableFuture.java:2244)
	at org.eclipse.lsp4e.operations.codelens.CodeLensProvider.lambda$1(CodeLensProvider.java:41)
	at org.eclipse.lsp4e.LanguageServers.lambda$24(LanguageServers.java:445)
	at org.eclipse.lsp4e.LanguageServerWrapper.lambda$17(LanguageServerWrapper.java:976)
	at java.base/java.util.concurrent.CompletableFuture$UniCompose.tryFire(CompletableFuture.java:1194)
	at java.base/java.util.concurrent.CompletableFuture$Completion.run(CompletableFuture.java:526)
	at java.base/java.util.concurrent.ThreadPoolExecutor.runWorker(ThreadPoolExecutor.java:1144)
	at java.base/java.util.concurrent.ThreadPoolExecutor$Worker.run(ThreadPoolExecutor.java:642)
	at java.base/java.lang.Thread.run(Thread.java:1575)
Caused by: org.eclipse.lsp4j.jsonrpc.JsonRpcException: java.io.IOException: 파이프가 닫히는 중입니다
	at org.eclipse.lsp4j.jsonrpc.json.StreamMessageConsumer.consume(StreamMessageConsumer.java:72)
	at org.eclipse.lsp4e.LanguageServerWrapper.lambda$3(LanguageServerWrapper.java:413)
	at org.eclipse.lsp4j.jsonrpc.RemoteEndpoint.request(RemoteEndpoint.java:171)
	at org.eclipse.lsp4j.jsonrpc.services.EndpointProxy.invoke(EndpointProxy.java:91)
	at jdk.proxy15/jdk.proxy15.$Proxy38.codeLens(Unknown Source)
	at org.eclipse.lsp4e.operations.codelens.CodeLensProvider.lambda$1(CodeLensProvider.java:40)
	... 7 more
Caused by: java.io.IOException: 파이프가 닫히는 중입니다
	at java.base/java.io.FileOutputStream.writeBytes(Native Method)
	at java.base/java.io.FileOutputStream.write(FileOutputStream.java:400)
	at java.base/java.lang.Process$PipeOutputStream.write(Process.java:907)
	at java.base/java.io.BufferedOutputStream.flushBuffer(BufferedOutputStream.java:125)
	at java.base/java.io.BufferedOutputStream.implWrite(BufferedOutputStream.java:222)
	at java.base/java.io.BufferedOutputStream.write(BufferedOutputStream.java:200)
	at java.base/java.io.FilterOutputStream.write(FilterOutputStream.java:110)
	at org.eclipse.lsp4j.jsonrpc.json.StreamMessageConsumer.consume(StreamMessageConsumer.java:67)
	... 12 more

!ENTRY org.eclipse.lsp4e 4 0 2025-09-16 14:54:47.189
!MESSAGE java.io.IOException: 파이프가 닫히는 중입니다
!STACK 0
org.eclipse.lsp4j.jsonrpc.JsonRpcException: java.io.IOException: 파이프가 닫히는 중입니다
	at org.eclipse.lsp4j.jsonrpc.json.StreamMessageConsumer.consume(StreamMessageConsumer.java:72)
	at org.eclipse.lsp4e.LanguageServerWrapper.lambda$3(LanguageServerWrapper.java:413)
	at org.eclipse.lsp4j.jsonrpc.RemoteEndpoint.request(RemoteEndpoint.java:171)
	at org.eclipse.lsp4j.jsonrpc.services.EndpointProxy.invoke(EndpointProxy.java:91)
	at jdk.proxy15/jdk.proxy15.$Proxy38.inlayHint(Unknown Source)
	at org.eclipse.lsp4e.operations.inlayhint.InlayHintProvider.lambda$1(InlayHintProvider.java:55)
	at org.eclipse.lsp4e.LanguageServers.lambda$24(LanguageServers.java:445)
	at org.eclipse.lsp4e.LanguageServerWrapper.lambda$17(LanguageServerWrapper.java:976)
	at java.base/java.util.concurrent.CompletableFuture$UniCompose.tryFire(CompletableFuture.java:1194)
	at java.base/java.util.concurrent.CompletableFuture$Completion.run(CompletableFuture.java:526)
	at java.base/java.util.concurrent.ThreadPoolExecutor.runWorker(ThreadPoolExecutor.java:1144)
	at java.base/java.util.concurrent.ThreadPoolExecutor$Worker.run(ThreadPoolExecutor.java:642)
	at java.base/java.lang.Thread.run(Thread.java:1575)
Caused by: java.io.IOException: 파이프가 닫히는 중입니다
	at java.base/java.io.FileOutputStream.writeBytes(Native Method)
	at java.base/java.io.FileOutputStream.write(FileOutputStream.java:400)
	at java.base/java.lang.Process$PipeOutputStream.write(Process.java:907)
	at java.base/java.io.BufferedOutputStream.flushBuffer(BufferedOutputStream.java:125)
	at java.base/java.io.BufferedOutputStream.implWrite(BufferedOutputStream.java:222)
	at java.base/java.io.BufferedOutputStream.write(BufferedOutputStream.java:200)
	at java.base/java.io.FilterOutputStream.write(FilterOutputStream.java:110)
	at org.eclipse.lsp4j.jsonrpc.json.StreamMessageConsumer.consume(StreamMessageConsumer.java:67)
	... 12 more

!ENTRY org.eclipse.jface.text 4 0 2025-09-16 14:54:47.190
!MESSAGE org.eclipse.lsp4j.jsonrpc.JsonRpcException: java.io.IOException: 파이프가 닫히는 중입니다
!STACK 0
java.util.concurrent.CompletionException: org.eclipse.lsp4j.jsonrpc.JsonRpcException: java.io.IOException: 파이프가 닫히는 중입니다
	at java.base/java.util.concurrent.CompletableFuture.wrapInCompletionException(CompletableFuture.java:323)
	at java.base/java.util.concurrent.CompletableFuture.encodeThrowable(CompletableFuture.java:376)
	at java.base/java.util.concurrent.CompletableFuture.uniApplyNow(CompletableFuture.java:718)
	at java.base/java.util.concurrent.CompletableFuture.uniApplyStage(CompletableFuture.java:706)
	at java.base/java.util.concurrent.CompletableFuture.thenApply(CompletableFuture.java:2244)
	at org.eclipse.lsp4e.operations.codelens.CodeLensProvider.lambda$1(CodeLensProvider.java:41)
	at org.eclipse.lsp4e.LanguageServers.lambda$24(LanguageServers.java:445)
	at org.eclipse.lsp4e.LanguageServerWrapper.lambda$17(LanguageServerWrapper.java:976)
	at java.base/java.util.concurrent.CompletableFuture$UniCompose.tryFire(CompletableFuture.java:1194)
	at java.base/java.util.concurrent.CompletableFuture$Completion.run(CompletableFuture.java:526)
	at java.base/java.util.concurrent.ThreadPoolExecutor.runWorker(ThreadPoolExecutor.java:1144)
	at java.base/java.util.concurrent.ThreadPoolExecutor$Worker.run(ThreadPoolExecutor.java:642)
	at java.base/java.lang.Thread.run(Thread.java:1575)
Caused by: org.eclipse.lsp4j.jsonrpc.JsonRpcException: java.io.IOException: 파이프가 닫히는 중입니다
	at org.eclipse.lsp4j.jsonrpc.json.StreamMessageConsumer.consume(StreamMessageConsumer.java:72)
	at org.eclipse.lsp4e.LanguageServerWrapper.lambda$3(LanguageServerWrapper.java:413)
	at org.eclipse.lsp4j.jsonrpc.RemoteEndpoint.request(RemoteEndpoint.java:171)
	at org.eclipse.lsp4j.jsonrpc.services.EndpointProxy.invoke(EndpointProxy.java:91)
	at jdk.proxy15/jdk.proxy15.$Proxy38.codeLens(Unknown Source)
	at org.eclipse.lsp4e.operations.codelens.CodeLensProvider.lambda$1(CodeLensProvider.java:40)
	... 7 more
Caused by: java.io.IOException: 파이프가 닫히는 중입니다
	at java.base/java.io.FileOutputStream.writeBytes(Native Method)
	at java.base/java.io.FileOutputStream.write(FileOutputStream.java:400)
	at java.base/java.lang.Process$PipeOutputStream.write(Process.java:907)
	at java.base/java.io.BufferedOutputStream.flushBuffer(BufferedOutputStream.java:125)
	at java.base/java.io.BufferedOutputStream.implWrite(BufferedOutputStream.java:222)
	at java.base/java.io.BufferedOutputStream.write(BufferedOutputStream.java:200)
	at java.base/java.io.FilterOutputStream.write(FilterOutputStream.java:110)
	at org.eclipse.lsp4j.jsonrpc.json.StreamMessageConsumer.consume(StreamMessageConsumer.java:67)
	... 12 more

!ENTRY org.eclipse.lsp4e 4 0 2025-09-16 14:54:47.190
!MESSAGE java.io.IOException: 파이프가 닫히는 중입니다
!STACK 0
org.eclipse.lsp4j.jsonrpc.JsonRpcException: java.io.IOException: 파이프가 닫히는 중입니다
	at org.eclipse.lsp4j.jsonrpc.json.StreamMessageConsumer.consume(StreamMessageConsumer.java:72)
	at org.eclipse.lsp4e.LanguageServerWrapper.lambda$3(LanguageServerWrapper.java:413)
	at org.eclipse.lsp4j.jsonrpc.RemoteEndpoint.request(RemoteEndpoint.java:171)
	at org.eclipse.lsp4j.jsonrpc.services.EndpointProxy.invoke(EndpointProxy.java:91)
	at jdk.proxy15/jdk.proxy15.$Proxy38.inlayHint(Unknown Source)
	at org.eclipse.lsp4e.operations.inlayhint.InlayHintProvider.lambda$1(InlayHintProvider.java:55)
	at org.eclipse.lsp4e.LanguageServers.lambda$24(LanguageServers.java:445)
	at org.eclipse.lsp4e.LanguageServerWrapper.lambda$17(LanguageServerWrapper.java:976)
	at java.base/java.util.concurrent.CompletableFuture$UniCompose.tryFire(CompletableFuture.java:1194)
	at java.base/java.util.concurrent.CompletableFuture$Completion.run(CompletableFuture.java:526)
	at java.base/java.util.concurrent.ThreadPoolExecutor.runWorker(ThreadPoolExecutor.java:1144)
	at java.base/java.util.concurrent.ThreadPoolExecutor$Worker.run(ThreadPoolExecutor.java:642)
	at java.base/java.lang.Thread.run(Thread.java:1575)
Caused by: java.io.IOException: 파이프가 닫히는 중입니다
	at java.base/java.io.FileOutputStream.writeBytes(Native Method)
	at java.base/java.io.FileOutputStream.write(FileOutputStream.java:400)
	at java.base/java.lang.Process$PipeOutputStream.write(Process.java:907)
	at java.base/java.io.BufferedOutputStream.flushBuffer(BufferedOutputStream.java:125)
	at java.base/java.io.BufferedOutputStream.implWrite(BufferedOutputStream.java:222)
	at java.base/java.io.BufferedOutputStream.write(BufferedOutputStream.java:200)
	at java.base/java.io.FilterOutputStream.write(FilterOutputStream.java:110)
	at org.eclipse.lsp4j.jsonrpc.json.StreamMessageConsumer.consume(StreamMessageConsumer.java:67)
	... 12 more

!ENTRY org.eclipse.jface.text 4 0 2025-09-16 14:54:47.191
!MESSAGE org.eclipse.lsp4j.jsonrpc.JsonRpcException: java.io.IOException: 파이프가 닫히는 중입니다
!STACK 0
java.util.concurrent.CompletionException: org.eclipse.lsp4j.jsonrpc.JsonRpcException: java.io.IOException: 파이프가 닫히는 중입니다
	at java.base/java.util.concurrent.CompletableFuture.wrapInCompletionException(CompletableFuture.java:323)
	at java.base/java.util.concurrent.CompletableFuture.encodeThrowable(CompletableFuture.java:376)
	at java.base/java.util.concurrent.CompletableFuture.uniApplyNow(CompletableFuture.java:718)
	at java.base/java.util.concurrent.CompletableFuture.uniApplyStage(CompletableFuture.java:706)
	at java.base/java.util.concurrent.CompletableFuture.thenApply(CompletableFuture.java:2244)
	at org.eclipse.lsp4e.operations.codelens.CodeLensProvider.lambda$1(CodeLensProvider.java:41)
	at org.eclipse.lsp4e.LanguageServers.lambda$24(LanguageServers.java:445)
	at org.eclipse.lsp4e.LanguageServerWrapper.lambda$17(LanguageServerWrapper.java:976)
	at java.base/java.util.concurrent.CompletableFuture$UniCompose.tryFire(CompletableFuture.java:1194)
	at java.base/java.util.concurrent.CompletableFuture$Completion.run(CompletableFuture.java:526)
	at java.base/java.util.concurrent.ThreadPoolExecutor.runWorker(ThreadPoolExecutor.java:1144)
	at java.base/java.util.concurrent.ThreadPoolExecutor$Worker.run(ThreadPoolExecutor.java:642)
	at java.base/java.lang.Thread.run(Thread.java:1575)
Caused by: org.eclipse.lsp4j.jsonrpc.JsonRpcException: java.io.IOException: 파이프가 닫히는 중입니다
	at org.eclipse.lsp4j.jsonrpc.json.StreamMessageConsumer.consume(StreamMessageConsumer.java:72)
	at org.eclipse.lsp4e.LanguageServerWrapper.lambda$3(LanguageServerWrapper.java:413)
	at org.eclipse.lsp4j.jsonrpc.RemoteEndpoint.request(RemoteEndpoint.java:171)
	at org.eclipse.lsp4j.jsonrpc.services.EndpointProxy.invoke(EndpointProxy.java:91)
	at jdk.proxy15/jdk.proxy15.$Proxy38.codeLens(Unknown Source)
	at org.eclipse.lsp4e.operations.codelens.CodeLensProvider.lambda$1(CodeLensProvider.java:40)
	... 7 more
Caused by: java.io.IOException: 파이프가 닫히는 중입니다
	at java.base/java.io.FileOutputStream.writeBytes(Native Method)
	at java.base/java.io.FileOutputStream.write(FileOutputStream.java:400)
	at java.base/java.lang.Process$PipeOutputStream.write(Process.java:907)
	at java.base/java.io.BufferedOutputStream.flushBuffer(BufferedOutputStream.java:125)
	at java.base/java.io.BufferedOutputStream.implWrite(BufferedOutputStream.java:222)
	at java.base/java.io.BufferedOutputStream.write(BufferedOutputStream.java:200)
	at java.base/java.io.FilterOutputStream.write(FilterOutputStream.java:110)
	at org.eclipse.lsp4j.jsonrpc.json.StreamMessageConsumer.consume(StreamMessageConsumer.java:67)
	... 12 more

!ENTRY org.eclipse.lsp4e 4 0 2025-09-16 14:54:47.191
!MESSAGE java.io.IOException: 파이프가 닫히는 중입니다
!STACK 0
org.eclipse.lsp4j.jsonrpc.JsonRpcException: java.io.IOException: 파이프가 닫히는 중입니다
	at org.eclipse.lsp4j.jsonrpc.json.StreamMessageConsumer.consume(StreamMessageConsumer.java:72)
	at org.eclipse.lsp4e.LanguageServerWrapper.lambda$3(LanguageServerWrapper.java:413)
	at org.eclipse.lsp4j.jsonrpc.RemoteEndpoint.request(RemoteEndpoint.java:171)
	at org.eclipse.lsp4j.jsonrpc.services.EndpointProxy.invoke(EndpointProxy.java:91)
	at jdk.proxy15/jdk.proxy15.$Proxy38.inlayHint(Unknown Source)
	at org.eclipse.lsp4e.operations.inlayhint.InlayHintProvider.lambda$1(InlayHintProvider.java:55)
	at org.eclipse.lsp4e.LanguageServers.lambda$24(LanguageServers.java:445)
	at org.eclipse.lsp4e.LanguageServerWrapper.lambda$17(LanguageServerWrapper.java:976)
	at java.base/java.util.concurrent.CompletableFuture$UniCompose.tryFire(CompletableFuture.java:1194)
	at java.base/java.util.concurrent.CompletableFuture$Completion.run(CompletableFuture.java:526)
	at java.base/java.util.concurrent.ThreadPoolExecutor.runWorker(ThreadPoolExecutor.java:1144)
	at java.base/java.util.concurrent.ThreadPoolExecutor$Worker.run(ThreadPoolExecutor.java:642)
	at java.base/java.lang.Thread.run(Thread.java:1575)
Caused by: java.io.IOException: 파이프가 닫히는 중입니다
	at java.base/java.io.FileOutputStream.writeBytes(Native Method)
	at java.base/java.io.FileOutputStream.write(FileOutputStream.java:400)
	at java.base/java.lang.Process$PipeOutputStream.write(Process.java:907)
	at java.base/java.io.BufferedOutputStream.flushBuffer(BufferedOutputStream.java:125)
	at java.base/java.io.BufferedOutputStream.implWrite(BufferedOutputStream.java:222)
	at java.base/java.io.BufferedOutputStream.write(BufferedOutputStream.java:200)
	at java.base/java.io.FilterOutputStream.write(FilterOutputStream.java:110)
	at org.eclipse.lsp4j.jsonrpc.json.StreamMessageConsumer.consume(StreamMessageConsumer.java:67)
	... 12 more

!ENTRY org.eclipse.jface.text 4 0 2025-09-16 14:54:47.191
!MESSAGE org.eclipse.lsp4j.jsonrpc.JsonRpcException: java.io.IOException: 파이프가 닫히는 중입니다
!STACK 0
java.util.concurrent.CompletionException: org.eclipse.lsp4j.jsonrpc.JsonRpcException: java.io.IOException: 파이프가 닫히는 중입니다
	at java.base/java.util.concurrent.CompletableFuture.wrapInCompletionException(CompletableFuture.java:323)
	at java.base/java.util.concurrent.CompletableFuture.encodeThrowable(CompletableFuture.java:376)
	at java.base/java.util.concurrent.CompletableFuture.uniApplyNow(CompletableFuture.java:718)
	at java.base/java.util.concurrent.CompletableFuture.uniApplyStage(CompletableFuture.java:706)
	at java.base/java.util.concurrent.CompletableFuture.thenApply(CompletableFuture.java:2244)
	at org.eclipse.lsp4e.operations.codelens.CodeLensProvider.lambda$1(CodeLensProvider.java:41)
	at org.eclipse.lsp4e.LanguageServers.lambda$24(LanguageServers.java:445)
	at org.eclipse.lsp4e.LanguageServerWrapper.lambda$17(LanguageServerWrapper.java:976)
	at java.base/java.util.concurrent.CompletableFuture$UniCompose.tryFire(CompletableFuture.java:1194)
	at java.base/java.util.concurrent.CompletableFuture$Completion.run(CompletableFuture.java:526)
	at java.base/java.util.concurrent.ThreadPoolExecutor.runWorker(ThreadPoolExecutor.java:1144)
	at java.base/java.util.concurrent.ThreadPoolExecutor$Worker.run(ThreadPoolExecutor.java:642)
	at java.base/java.lang.Thread.run(Thread.java:1575)
Caused by: org.eclipse.lsp4j.jsonrpc.JsonRpcException: java.io.IOException: 파이프가 닫히는 중입니다
	at org.eclipse.lsp4j.jsonrpc.json.StreamMessageConsumer.consume(StreamMessageConsumer.java:72)
	at org.eclipse.lsp4e.LanguageServerWrapper.lambda$3(LanguageServerWrapper.java:413)
	at org.eclipse.lsp4j.jsonrpc.RemoteEndpoint.request(RemoteEndpoint.java:171)
	at org.eclipse.lsp4j.jsonrpc.services.EndpointProxy.invoke(EndpointProxy.java:91)
	at jdk.proxy15/jdk.proxy15.$Proxy38.codeLens(Unknown Source)
	at org.eclipse.lsp4e.operations.codelens.CodeLensProvider.lambda$1(CodeLensProvider.java:40)
	... 7 more
Caused by: java.io.IOException: 파이프가 닫히는 중입니다
	at java.base/java.io.FileOutputStream.writeBytes(Native Method)
	at java.base/java.io.FileOutputStream.write(FileOutputStream.java:400)
	at java.base/java.lang.Process$PipeOutputStream.write(Process.java:907)
	at java.base/java.io.BufferedOutputStream.flushBuffer(BufferedOutputStream.java:125)
	at java.base/java.io.BufferedOutputStream.implWrite(BufferedOutputStream.java:222)
	at java.base/java.io.BufferedOutputStream.write(BufferedOutputStream.java:200)
	at java.base/java.io.FilterOutputStream.write(FilterOutputStream.java:110)
	at org.eclipse.lsp4j.jsonrpc.json.StreamMessageConsumer.consume(StreamMessageConsumer.java:67)
	... 12 more

!ENTRY org.eclipse.lsp4e 4 0 2025-09-16 14:54:47.192
!MESSAGE java.io.IOException: 파이프가 닫히는 중입니다
!STACK 0
org.eclipse.lsp4j.jsonrpc.JsonRpcException: java.io.IOException: 파이프가 닫히는 중입니다
	at org.eclipse.lsp4j.jsonrpc.json.StreamMessageConsumer.consume(StreamMessageConsumer.java:72)
	at org.eclipse.lsp4e.LanguageServerWrapper.lambda$3(LanguageServerWrapper.java:413)
	at org.eclipse.lsp4j.jsonrpc.RemoteEndpoint.request(RemoteEndpoint.java:171)
	at org.eclipse.lsp4j.jsonrpc.services.EndpointProxy.invoke(EndpointProxy.java:91)
	at jdk.proxy15/jdk.proxy15.$Proxy38.inlayHint(Unknown Source)
	at org.eclipse.lsp4e.operations.inlayhint.InlayHintProvider.lambda$1(InlayHintProvider.java:55)
	at org.eclipse.lsp4e.LanguageServers.lambda$24(LanguageServers.java:445)
	at org.eclipse.lsp4e.LanguageServerWrapper.lambda$17(LanguageServerWrapper.java:976)
	at java.base/java.util.concurrent.CompletableFuture$UniCompose.tryFire(CompletableFuture.java:1194)
	at java.base/java.util.concurrent.CompletableFuture$Completion.run(CompletableFuture.java:526)
	at java.base/java.util.concurrent.ThreadPoolExecutor.runWorker(ThreadPoolExecutor.java:1144)
	at java.base/java.util.concurrent.ThreadPoolExecutor$Worker.run(ThreadPoolExecutor.java:642)
	at java.base/java.lang.Thread.run(Thread.java:1575)
Caused by: java.io.IOException: 파이프가 닫히는 중입니다
	at java.base/java.io.FileOutputStream.writeBytes(Native Method)
	at java.base/java.io.FileOutputStream.write(FileOutputStream.java:400)
	at java.base/java.lang.Process$PipeOutputStream.write(Process.java:907)
	at java.base/java.io.BufferedOutputStream.flushBuffer(BufferedOutputStream.java:125)
	at java.base/java.io.BufferedOutputStream.implWrite(BufferedOutputStream.java:222)
	at java.base/java.io.BufferedOutputStream.write(BufferedOutputStream.java:200)
	at java.base/java.io.FilterOutputStream.write(FilterOutputStream.java:110)
	at org.eclipse.lsp4j.jsonrpc.json.StreamMessageConsumer.consume(StreamMessageConsumer.java:67)
	... 12 more

!ENTRY org.eclipse.jface.text 4 0 2025-09-16 14:54:47.192
!MESSAGE org.eclipse.lsp4j.jsonrpc.JsonRpcException: java.io.IOException: 파이프가 닫히는 중입니다
!STACK 0
java.util.concurrent.CompletionException: org.eclipse.lsp4j.jsonrpc.JsonRpcException: java.io.IOException: 파이프가 닫히는 중입니다
	at java.base/java.util.concurrent.CompletableFuture.wrapInCompletionException(CompletableFuture.java:323)
	at java.base/java.util.concurrent.CompletableFuture.encodeThrowable(CompletableFuture.java:376)
	at java.base/java.util.concurrent.CompletableFuture.uniApplyNow(CompletableFuture.java:718)
	at java.base/java.util.concurrent.CompletableFuture.uniApplyStage(CompletableFuture.java:706)
	at java.base/java.util.concurrent.CompletableFuture.thenApply(CompletableFuture.java:2244)
	at org.eclipse.lsp4e.operations.codelens.CodeLensProvider.lambda$1(CodeLensProvider.java:41)
	at org.eclipse.lsp4e.LanguageServers.lambda$24(LanguageServers.java:445)
	at org.eclipse.lsp4e.LanguageServerWrapper.lambda$17(LanguageServerWrapper.java:976)
	at java.base/java.util.concurrent.CompletableFuture$UniCompose.tryFire(CompletableFuture.java:1194)
	at java.base/java.util.concurrent.CompletableFuture$Completion.run(CompletableFuture.java:526)
	at java.base/java.util.concurrent.ThreadPoolExecutor.runWorker(ThreadPoolExecutor.java:1144)
	at java.base/java.util.concurrent.ThreadPoolExecutor$Worker.run(ThreadPoolExecutor.java:642)
	at java.base/java.lang.Thread.run(Thread.java:1575)
Caused by: org.eclipse.lsp4j.jsonrpc.JsonRpcException: java.io.IOException: 파이프가 닫히는 중입니다
	at org.eclipse.lsp4j.jsonrpc.json.StreamMessageConsumer.consume(StreamMessageConsumer.java:72)
	at org.eclipse.lsp4e.LanguageServerWrapper.lambda$3(LanguageServerWrapper.java:413)
	at org.eclipse.lsp4j.jsonrpc.RemoteEndpoint.request(RemoteEndpoint.java:171)
	at org.eclipse.lsp4j.jsonrpc.services.EndpointProxy.invoke(EndpointProxy.java:91)
	at jdk.proxy15/jdk.proxy15.$Proxy38.codeLens(Unknown Source)
	at org.eclipse.lsp4e.operations.codelens.CodeLensProvider.lambda$1(CodeLensProvider.java:40)
	... 7 more
Caused by: java.io.IOException: 파이프가 닫히는 중입니다
	at java.base/java.io.FileOutputStream.writeBytes(Native Method)
	at java.base/java.io.FileOutputStream.write(FileOutputStream.java:400)
	at java.base/java.lang.Process$PipeOutputStream.write(Process.java:907)
	at java.base/java.io.BufferedOutputStream.flushBuffer(BufferedOutputStream.java:125)
	at java.base/java.io.BufferedOutputStream.implWrite(BufferedOutputStream.java:222)
	at java.base/java.io.BufferedOutputStream.write(BufferedOutputStream.java:200)
	at java.base/java.io.FilterOutputStream.write(FilterOutputStream.java:110)
	at org.eclipse.lsp4j.jsonrpc.json.StreamMessageConsumer.consume(StreamMessageConsumer.java:67)
	... 12 more

!ENTRY org.eclipse.lsp4e 4 0 2025-09-16 14:54:47.192
!MESSAGE java.io.IOException: 파이프가 닫히는 중입니다
!STACK 0
org.eclipse.lsp4j.jsonrpc.JsonRpcException: java.io.IOException: 파이프가 닫히는 중입니다
	at org.eclipse.lsp4j.jsonrpc.json.StreamMessageConsumer.consume(StreamMessageConsumer.java:72)
	at org.eclipse.lsp4e.LanguageServerWrapper.lambda$3(LanguageServerWrapper.java:413)
	at org.eclipse.lsp4j.jsonrpc.RemoteEndpoint.request(RemoteEndpoint.java:171)
	at org.eclipse.lsp4j.jsonrpc.services.EndpointProxy.invoke(EndpointProxy.java:91)
	at jdk.proxy15/jdk.proxy15.$Proxy38.inlayHint(Unknown Source)
	at org.eclipse.lsp4e.operations.inlayhint.InlayHintProvider.lambda$1(InlayHintProvider.java:55)
	at org.eclipse.lsp4e.LanguageServers.lambda$24(LanguageServers.java:445)
	at org.eclipse.lsp4e.LanguageServerWrapper.lambda$17(LanguageServerWrapper.java:976)
	at java.base/java.util.concurrent.CompletableFuture$UniCompose.tryFire(CompletableFuture.java:1194)
	at java.base/java.util.concurrent.CompletableFuture$Completion.run(CompletableFuture.java:526)
	at java.base/java.util.concurrent.ThreadPoolExecutor.runWorker(ThreadPoolExecutor.java:1144)
	at java.base/java.util.concurrent.ThreadPoolExecutor$Worker.run(ThreadPoolExecutor.java:642)
	at java.base/java.lang.Thread.run(Thread.java:1575)
Caused by: java.io.IOException: 파이프가 닫히는 중입니다
	at java.base/java.io.FileOutputStream.writeBytes(Native Method)
	at java.base/java.io.FileOutputStream.write(FileOutputStream.java:400)
	at java.base/java.lang.Process$PipeOutputStream.write(Process.java:907)
	at java.base/java.io.BufferedOutputStream.flushBuffer(BufferedOutputStream.java:125)
	at java.base/java.io.BufferedOutputStream.implWrite(BufferedOutputStream.java:222)
	at java.base/java.io.BufferedOutputStream.write(BufferedOutputStream.java:200)
	at java.base/java.io.FilterOutputStream.write(FilterOutputStream.java:110)
	at org.eclipse.lsp4j.jsonrpc.json.StreamMessageConsumer.consume(StreamMessageConsumer.java:67)
	... 12 more

!ENTRY org.eclipse.jface.text 4 0 2025-09-16 14:54:47.192
!MESSAGE org.eclipse.lsp4j.jsonrpc.JsonRpcException: java.io.IOException: 파이프가 닫히는 중입니다
!STACK 0
java.util.concurrent.CompletionException: org.eclipse.lsp4j.jsonrpc.JsonRpcException: java.io.IOException: 파이프가 닫히는 중입니다
	at java.base/java.util.concurrent.CompletableFuture.wrapInCompletionException(CompletableFuture.java:323)
	at java.base/java.util.concurrent.CompletableFuture.encodeThrowable(CompletableFuture.java:376)
	at java.base/java.util.concurrent.CompletableFuture.uniApplyNow(CompletableFuture.java:718)
	at java.base/java.util.concurrent.CompletableFuture.uniApplyStage(CompletableFuture.java:706)
	at java.base/java.util.concurrent.CompletableFuture.thenApply(CompletableFuture.java:2244)
	at org.eclipse.lsp4e.operations.codelens.CodeLensProvider.lambda$1(CodeLensProvider.java:41)
	at org.eclipse.lsp4e.LanguageServers.lambda$24(LanguageServers.java:445)
	at org.eclipse.lsp4e.LanguageServerWrapper.lambda$17(LanguageServerWrapper.java:976)
	at java.base/java.util.concurrent.CompletableFuture$UniCompose.tryFire(CompletableFuture.java:1194)
	at java.base/java.util.concurrent.CompletableFuture$Completion.run(CompletableFuture.java:526)
	at java.base/java.util.concurrent.ThreadPoolExecutor.runWorker(ThreadPoolExecutor.java:1144)
	at java.base/java.util.concurrent.ThreadPoolExecutor$Worker.run(ThreadPoolExecutor.java:642)
	at java.base/java.lang.Thread.run(Thread.java:1575)
Caused by: org.eclipse.lsp4j.jsonrpc.JsonRpcException: java.io.IOException: 파이프가 닫히는 중입니다
	at org.eclipse.lsp4j.jsonrpc.json.StreamMessageConsumer.consume(StreamMessageConsumer.java:72)
	at org.eclipse.lsp4e.LanguageServerWrapper.lambda$3(LanguageServerWrapper.java:413)
	at org.eclipse.lsp4j.jsonrpc.RemoteEndpoint.request(RemoteEndpoint.java:171)
	at org.eclipse.lsp4j.jsonrpc.services.EndpointProxy.invoke(EndpointProxy.java:91)
	at jdk.proxy15/jdk.proxy15.$Proxy38.codeLens(Unknown Source)
	at org.eclipse.lsp4e.operations.codelens.CodeLensProvider.lambda$1(CodeLensProvider.java:40)
	... 7 more
Caused by: java.io.IOException: 파이프가 닫히는 중입니다
	at java.base/java.io.FileOutputStream.writeBytes(Native Method)
	at java.base/java.io.FileOutputStream.write(FileOutputStream.java:400)
	at java.base/java.lang.Process$PipeOutputStream.write(Process.java:907)
	at java.base/java.io.BufferedOutputStream.flushBuffer(BufferedOutputStream.java:125)
	at java.base/java.io.BufferedOutputStream.implWrite(BufferedOutputStream.java:222)
	at java.base/java.io.BufferedOutputStream.write(BufferedOutputStream.java:200)
	at java.base/java.io.FilterOutputStream.write(FilterOutputStream.java:110)
	at org.eclipse.lsp4j.jsonrpc.json.StreamMessageConsumer.consume(StreamMessageConsumer.java:67)
	... 12 more

!ENTRY org.eclipse.lsp4e 4 0 2025-09-16 14:54:47.193
!MESSAGE java.io.IOException: 파이프가 닫히는 중입니다
!STACK 0
org.eclipse.lsp4j.jsonrpc.JsonRpcException: java.io.IOException: 파이프가 닫히는 중입니다
	at org.eclipse.lsp4j.jsonrpc.json.StreamMessageConsumer.consume(StreamMessageConsumer.java:72)
	at org.eclipse.lsp4e.LanguageServerWrapper.lambda$3(LanguageServerWrapper.java:413)
	at org.eclipse.lsp4j.jsonrpc.RemoteEndpoint.request(RemoteEndpoint.java:171)
	at org.eclipse.lsp4j.jsonrpc.services.EndpointProxy.invoke(EndpointProxy.java:91)
	at jdk.proxy15/jdk.proxy15.$Proxy38.inlayHint(Unknown Source)
	at org.eclipse.lsp4e.operations.inlayhint.InlayHintProvider.lambda$1(InlayHintProvider.java:55)
	at org.eclipse.lsp4e.LanguageServers.lambda$24(LanguageServers.java:445)
	at org.eclipse.lsp4e.LanguageServerWrapper.lambda$17(LanguageServerWrapper.java:976)
	at java.base/java.util.concurrent.CompletableFuture$UniCompose.tryFire(CompletableFuture.java:1194)
	at java.base/java.util.concurrent.CompletableFuture$Completion.run(CompletableFuture.java:526)
	at java.base/java.util.concurrent.ThreadPoolExecutor.runWorker(ThreadPoolExecutor.java:1144)
	at java.base/java.util.concurrent.ThreadPoolExecutor$Worker.run(ThreadPoolExecutor.java:642)
	at java.base/java.lang.Thread.run(Thread.java:1575)
Caused by: java.io.IOException: 파이프가 닫히는 중입니다
	at java.base/java.io.FileOutputStream.writeBytes(Native Method)
	at java.base/java.io.FileOutputStream.write(FileOutputStream.java:400)
	at java.base/java.lang.Process$PipeOutputStream.write(Process.java:907)
	at java.base/java.io.BufferedOutputStream.flushBuffer(BufferedOutputStream.java:125)
	at java.base/java.io.BufferedOutputStream.implWrite(BufferedOutputStream.java:222)
	at java.base/java.io.BufferedOutputStream.write(BufferedOutputStream.java:200)
	at java.base/java.io.FilterOutputStream.write(FilterOutputStream.java:110)
	at org.eclipse.lsp4j.jsonrpc.json.StreamMessageConsumer.consume(StreamMessageConsumer.java:67)
	... 12 more

!ENTRY org.eclipse.jface.text 4 0 2025-09-16 14:54:47.193
!MESSAGE org.eclipse.lsp4j.jsonrpc.JsonRpcException: java.io.IOException: 파이프가 닫히는 중입니다
!STACK 0
java.util.concurrent.CompletionException: org.eclipse.lsp4j.jsonrpc.JsonRpcException: java.io.IOException: 파이프가 닫히는 중입니다
	at java.base/java.util.concurrent.CompletableFuture.wrapInCompletionException(CompletableFuture.java:323)
	at java.base/java.util.concurrent.CompletableFuture.encodeThrowable(CompletableFuture.java:376)
	at java.base/java.util.concurrent.CompletableFuture.uniApplyNow(CompletableFuture.java:718)
	at java.base/java.util.concurrent.CompletableFuture.uniApplyStage(CompletableFuture.java:706)
	at java.base/java.util.concurrent.CompletableFuture.thenApply(CompletableFuture.java:2244)
	at org.eclipse.lsp4e.operations.codelens.CodeLensProvider.lambda$1(CodeLensProvider.java:41)
	at org.eclipse.lsp4e.LanguageServers.lambda$24(LanguageServers.java:445)
	at org.eclipse.lsp4e.LanguageServerWrapper.lambda$17(LanguageServerWrapper.java:976)
	at java.base/java.util.concurrent.CompletableFuture$UniCompose.tryFire(CompletableFuture.java:1194)
	at java.base/java.util.concurrent.CompletableFuture$Completion.run(CompletableFuture.java:526)
	at java.base/java.util.concurrent.ThreadPoolExecutor.runWorker(ThreadPoolExecutor.java:1144)
	at java.base/java.util.concurrent.ThreadPoolExecutor$Worker.run(ThreadPoolExecutor.java:642)
	at java.base/java.lang.Thread.run(Thread.java:1575)
Caused by: org.eclipse.lsp4j.jsonrpc.JsonRpcException: java.io.IOException: 파이프가 닫히는 중입니다
	at org.eclipse.lsp4j.jsonrpc.json.StreamMessageConsumer.consume(StreamMessageConsumer.java:72)
	at org.eclipse.lsp4e.LanguageServerWrapper.lambda$3(LanguageServerWrapper.java:413)
	at org.eclipse.lsp4j.jsonrpc.RemoteEndpoint.request(RemoteEndpoint.java:171)
	at org.eclipse.lsp4j.jsonrpc.services.EndpointProxy.invoke(EndpointProxy.java:91)
	at jdk.proxy15/jdk.proxy15.$Proxy38.codeLens(Unknown Source)
	at org.eclipse.lsp4e.operations.codelens.CodeLensProvider.lambda$1(CodeLensProvider.java:40)
	... 7 more
Caused by: java.io.IOException: 파이프가 닫히는 중입니다
	at java.base/java.io.FileOutputStream.writeBytes(Native Method)
	at java.base/java.io.FileOutputStream.write(FileOutputStream.java:400)
	at java.base/java.lang.Process$PipeOutputStream.write(Process.java:907)
	at java.base/java.io.BufferedOutputStream.flushBuffer(BufferedOutputStream.java:125)
	at java.base/java.io.BufferedOutputStream.implWrite(BufferedOutputStream.java:222)
	at java.base/java.io.BufferedOutputStream.write(BufferedOutputStream.java:200)
	at java.base/java.io.FilterOutputStream.write(FilterOutputStream.java:110)
	at org.eclipse.lsp4j.jsonrpc.json.StreamMessageConsumer.consume(StreamMessageConsumer.java:67)
	... 12 more

!ENTRY org.eclipse.lsp4e 4 0 2025-09-16 14:54:47.193
!MESSAGE java.io.IOException: 파이프가 닫히는 중입니다
!STACK 0
org.eclipse.lsp4j.jsonrpc.JsonRpcException: java.io.IOException: 파이프가 닫히는 중입니다
	at org.eclipse.lsp4j.jsonrpc.json.StreamMessageConsumer.consume(StreamMessageConsumer.java:72)
	at org.eclipse.lsp4e.LanguageServerWrapper.lambda$3(LanguageServerWrapper.java:413)
	at org.eclipse.lsp4j.jsonrpc.RemoteEndpoint.request(RemoteEndpoint.java:171)
	at org.eclipse.lsp4j.jsonrpc.services.EndpointProxy.invoke(EndpointProxy.java:91)
	at jdk.proxy15/jdk.proxy15.$Proxy38.inlayHint(Unknown Source)
	at org.eclipse.lsp4e.operations.inlayhint.InlayHintProvider.lambda$1(InlayHintProvider.java:55)
	at org.eclipse.lsp4e.LanguageServers.lambda$24(LanguageServers.java:445)
	at org.eclipse.lsp4e.LanguageServerWrapper.lambda$17(LanguageServerWrapper.java:976)
	at java.base/java.util.concurrent.CompletableFuture$UniCompose.tryFire(CompletableFuture.java:1194)
	at java.base/java.util.concurrent.CompletableFuture$Completion.run(CompletableFuture.java:526)
	at java.base/java.util.concurrent.ThreadPoolExecutor.runWorker(ThreadPoolExecutor.java:1144)
	at java.base/java.util.concurrent.ThreadPoolExecutor$Worker.run(ThreadPoolExecutor.java:642)
	at java.base/java.lang.Thread.run(Thread.java:1575)
Caused by: java.io.IOException: 파이프가 닫히는 중입니다
	at java.base/java.io.FileOutputStream.writeBytes(Native Method)
	at java.base/java.io.FileOutputStream.write(FileOutputStream.java:400)
	at java.base/java.lang.Process$PipeOutputStream.write(Process.java:907)
	at java.base/java.io.BufferedOutputStream.flushBuffer(BufferedOutputStream.java:125)
	at java.base/java.io.BufferedOutputStream.implWrite(BufferedOutputStream.java:222)
	at java.base/java.io.BufferedOutputStream.write(BufferedOutputStream.java:200)
	at java.base/java.io.FilterOutputStream.write(FilterOutputStream.java:110)
	at org.eclipse.lsp4j.jsonrpc.json.StreamMessageConsumer.consume(StreamMessageConsumer.java:67)
	... 12 more

!ENTRY org.eclipse.jface.text 4 0 2025-09-16 14:54:47.194
!MESSAGE org.eclipse.lsp4j.jsonrpc.JsonRpcException: java.io.IOException: 파이프가 닫히는 중입니다
!STACK 0
java.util.concurrent.CompletionException: org.eclipse.lsp4j.jsonrpc.JsonRpcException: java.io.IOException: 파이프가 닫히는 중입니다
	at java.base/java.util.concurrent.CompletableFuture.wrapInCompletionException(CompletableFuture.java:323)
	at java.base/java.util.concurrent.CompletableFuture.encodeThrowable(CompletableFuture.java:376)
	at java.base/java.util.concurrent.CompletableFuture.uniApplyNow(CompletableFuture.java:718)
	at java.base/java.util.concurrent.CompletableFuture.uniApplyStage(CompletableFuture.java:706)
	at java.base/java.util.concurrent.CompletableFuture.thenApply(CompletableFuture.java:2244)
	at org.eclipse.lsp4e.operations.codelens.CodeLensProvider.lambda$1(CodeLensProvider.java:41)
	at org.eclipse.lsp4e.LanguageServers.lambda$24(LanguageServers.java:445)
	at org.eclipse.lsp4e.LanguageServerWrapper.lambda$17(LanguageServerWrapper.java:976)
	at java.base/java.util.concurrent.CompletableFuture$UniCompose.tryFire(CompletableFuture.java:1194)
	at java.base/java.util.concurrent.CompletableFuture$Completion.run(CompletableFuture.java:526)
	at java.base/java.util.concurrent.ThreadPoolExecutor.runWorker(ThreadPoolExecutor.java:1144)
	at java.base/java.util.concurrent.ThreadPoolExecutor$Worker.run(ThreadPoolExecutor.java:642)
	at java.base/java.lang.Thread.run(Thread.java:1575)
Caused by: org.eclipse.lsp4j.jsonrpc.JsonRpcException: java.io.IOException: 파이프가 닫히는 중입니다
	at org.eclipse.lsp4j.jsonrpc.json.StreamMessageConsumer.consume(StreamMessageConsumer.java:72)
	at org.eclipse.lsp4e.LanguageServerWrapper.lambda$3(LanguageServerWrapper.java:413)
	at org.eclipse.lsp4j.jsonrpc.RemoteEndpoint.request(RemoteEndpoint.java:171)
	at org.eclipse.lsp4j.jsonrpc.services.EndpointProxy.invoke(EndpointProxy.java:91)
	at jdk.proxy15/jdk.proxy15.$Proxy38.codeLens(Unknown Source)
	at org.eclipse.lsp4e.operations.codelens.CodeLensProvider.lambda$1(CodeLensProvider.java:40)
	... 7 more
Caused by: java.io.IOException: 파이프가 닫히는 중입니다
	at java.base/java.io.FileOutputStream.writeBytes(Native Method)
	at java.base/java.io.FileOutputStream.write(FileOutputStream.java:400)
	at java.base/java.lang.Process$PipeOutputStream.write(Process.java:907)
	at java.base/java.io.BufferedOutputStream.flushBuffer(BufferedOutputStream.java:125)
	at java.base/java.io.BufferedOutputStream.implWrite(BufferedOutputStream.java:222)
	at java.base/java.io.BufferedOutputStream.write(BufferedOutputStream.java:200)
	at java.base/java.io.FilterOutputStream.write(FilterOutputStream.java:110)
	at org.eclipse.lsp4j.jsonrpc.json.StreamMessageConsumer.consume(StreamMessageConsumer.java:67)
	... 12 more

!ENTRY org.eclipse.lsp4e 4 0 2025-09-16 14:54:47.194
!MESSAGE java.io.IOException: 파이프가 닫히는 중입니다
!STACK 0
org.eclipse.lsp4j.jsonrpc.JsonRpcException: java.io.IOException: 파이프가 닫히는 중입니다
	at org.eclipse.lsp4j.jsonrpc.json.StreamMessageConsumer.consume(StreamMessageConsumer.java:72)
	at org.eclipse.lsp4e.LanguageServerWrapper.lambda$3(LanguageServerWrapper.java:413)
	at org.eclipse.lsp4j.jsonrpc.RemoteEndpoint.request(RemoteEndpoint.java:171)
	at org.eclipse.lsp4j.jsonrpc.services.EndpointProxy.invoke(EndpointProxy.java:91)
	at jdk.proxy15/jdk.proxy15.$Proxy38.inlayHint(Unknown Source)
	at org.eclipse.lsp4e.operations.inlayhint.InlayHintProvider.lambda$1(InlayHintProvider.java:55)
	at org.eclipse.lsp4e.LanguageServers.lambda$24(LanguageServers.java:445)
	at org.eclipse.lsp4e.LanguageServerWrapper.lambda$17(LanguageServerWrapper.java:976)
	at java.base/java.util.concurrent.CompletableFuture$UniCompose.tryFire(CompletableFuture.java:1194)
	at java.base/java.util.concurrent.CompletableFuture$Completion.run(CompletableFuture.java:526)
	at java.base/java.util.concurrent.ThreadPoolExecutor.runWorker(ThreadPoolExecutor.java:1144)
	at java.base/java.util.concurrent.ThreadPoolExecutor$Worker.run(ThreadPoolExecutor.java:642)
	at java.base/java.lang.Thread.run(Thread.java:1575)
Caused by: java.io.IOException: 파이프가 닫히는 중입니다
	at java.base/java.io.FileOutputStream.writeBytes(Native Method)
	at java.base/java.io.FileOutputStream.write(FileOutputStream.java:400)
	at java.base/java.lang.Process$PipeOutputStream.write(Process.java:907)
	at java.base/java.io.BufferedOutputStream.flushBuffer(BufferedOutputStream.java:125)
	at java.base/java.io.BufferedOutputStream.implWrite(BufferedOutputStream.java:222)
	at java.base/java.io.BufferedOutputStream.write(BufferedOutputStream.java:200)
	at java.base/java.io.FilterOutputStream.write(FilterOutputStream.java:110)
	at org.eclipse.lsp4j.jsonrpc.json.StreamMessageConsumer.consume(StreamMessageConsumer.java:67)
	... 12 more

!ENTRY org.eclipse.jface.text 4 0 2025-09-16 14:54:47.194
!MESSAGE org.eclipse.lsp4j.jsonrpc.JsonRpcException: java.io.IOException: 파이프가 닫히는 중입니다
!STACK 0
java.util.concurrent.CompletionException: org.eclipse.lsp4j.jsonrpc.JsonRpcException: java.io.IOException: 파이프가 닫히는 중입니다
	at java.base/java.util.concurrent.CompletableFuture.wrapInCompletionException(CompletableFuture.java:323)
	at java.base/java.util.concurrent.CompletableFuture.encodeThrowable(CompletableFuture.java:376)
	at java.base/java.util.concurrent.CompletableFuture.uniApplyNow(CompletableFuture.java:718)
	at java.base/java.util.concurrent.CompletableFuture.uniApplyStage(CompletableFuture.java:706)
	at java.base/java.util.concurrent.CompletableFuture.thenApply(CompletableFuture.java:2244)
	at org.eclipse.lsp4e.operations.codelens.CodeLensProvider.lambda$1(CodeLensProvider.java:41)
	at org.eclipse.lsp4e.LanguageServers.lambda$24(LanguageServers.java:445)
	at org.eclipse.lsp4e.LanguageServerWrapper.lambda$17(LanguageServerWrapper.java:976)
	at java.base/java.util.concurrent.CompletableFuture$UniCompose.tryFire(CompletableFuture.java:1194)
	at java.base/java.util.concurrent.CompletableFuture$Completion.run(CompletableFuture.java:526)
	at java.base/java.util.concurrent.ThreadPoolExecutor.runWorker(ThreadPoolExecutor.java:1144)
	at java.base/java.util.concurrent.ThreadPoolExecutor$Worker.run(ThreadPoolExecutor.java:642)
	at java.base/java.lang.Thread.run(Thread.java:1575)
Caused by: org.eclipse.lsp4j.jsonrpc.JsonRpcException: java.io.IOException: 파이프가 닫히는 중입니다
	at org.eclipse.lsp4j.jsonrpc.json.StreamMessageConsumer.consume(StreamMessageConsumer.java:72)
	at org.eclipse.lsp4e.LanguageServerWrapper.lambda$3(LanguageServerWrapper.java:413)
	at org.eclipse.lsp4j.jsonrpc.RemoteEndpoint.request(RemoteEndpoint.java:171)
	at org.eclipse.lsp4j.jsonrpc.services.EndpointProxy.invoke(EndpointProxy.java:91)
	at jdk.proxy15/jdk.proxy15.$Proxy38.codeLens(Unknown Source)
	at org.eclipse.lsp4e.operations.codelens.CodeLensProvider.lambda$1(CodeLensProvider.java:40)
	... 7 more
Caused by: java.io.IOException: 파이프가 닫히는 중입니다
	at java.base/java.io.FileOutputStream.writeBytes(Native Method)
	at java.base/java.io.FileOutputStream.write(FileOutputStream.java:400)
	at java.base/java.lang.Process$PipeOutputStream.write(Process.java:907)
	at java.base/java.io.BufferedOutputStream.flushBuffer(BufferedOutputStream.java:125)
	at java.base/java.io.BufferedOutputStream.implWrite(BufferedOutputStream.java:222)
	at java.base/java.io.BufferedOutputStream.write(BufferedOutputStream.java:200)
	at java.base/java.io.FilterOutputStream.write(FilterOutputStream.java:110)
	at org.eclipse.lsp4j.jsonrpc.json.StreamMessageConsumer.consume(StreamMessageConsumer.java:67)
	... 12 more

!ENTRY org.eclipse.lsp4e 4 0 2025-09-16 14:54:47.195
!MESSAGE java.io.IOException: 파이프가 닫히는 중입니다
!STACK 0
org.eclipse.lsp4j.jsonrpc.JsonRpcException: java.io.IOException: 파이프가 닫히는 중입니다
	at org.eclipse.lsp4j.jsonrpc.json.StreamMessageConsumer.consume(StreamMessageConsumer.java:72)
	at org.eclipse.lsp4e.LanguageServerWrapper.lambda$3(LanguageServerWrapper.java:413)
	at org.eclipse.lsp4j.jsonrpc.RemoteEndpoint.request(RemoteEndpoint.java:171)
	at org.eclipse.lsp4j.jsonrpc.services.EndpointProxy.invoke(EndpointProxy.java:91)
	at jdk.proxy15/jdk.proxy15.$Proxy38.inlayHint(Unknown Source)
	at org.eclipse.lsp4e.operations.inlayhint.InlayHintProvider.lambda$1(InlayHintProvider.java:55)
	at org.eclipse.lsp4e.LanguageServers.lambda$24(LanguageServers.java:445)
	at org.eclipse.lsp4e.LanguageServerWrapper.lambda$17(LanguageServerWrapper.java:976)
	at java.base/java.util.concurrent.CompletableFuture$UniCompose.tryFire(CompletableFuture.java:1194)
	at java.base/java.util.concurrent.CompletableFuture$Completion.run(CompletableFuture.java:526)
	at java.base/java.util.concurrent.ThreadPoolExecutor.runWorker(ThreadPoolExecutor.java:1144)
	at java.base/java.util.concurrent.ThreadPoolExecutor$Worker.run(ThreadPoolExecutor.java:642)
	at java.base/java.lang.Thread.run(Thread.java:1575)
Caused by: java.io.IOException: 파이프가 닫히는 중입니다
	at java.base/java.io.FileOutputStream.writeBytes(Native Method)
	at java.base/java.io.FileOutputStream.write(FileOutputStream.java:400)
	at java.base/java.lang.Process$PipeOutputStream.write(Process.java:907)
	at java.base/java.io.BufferedOutputStream.flushBuffer(BufferedOutputStream.java:125)
	at java.base/java.io.BufferedOutputStream.implWrite(BufferedOutputStream.java:222)
	at java.base/java.io.BufferedOutputStream.write(BufferedOutputStream.java:200)
	at java.base/java.io.FilterOutputStream.write(FilterOutputStream.java:110)
	at org.eclipse.lsp4j.jsonrpc.json.StreamMessageConsumer.consume(StreamMessageConsumer.java:67)
	... 12 more

!ENTRY org.eclipse.jface.text 4 0 2025-09-16 14:54:47.195
!MESSAGE org.eclipse.lsp4j.jsonrpc.JsonRpcException: java.io.IOException: 파이프가 닫히는 중입니다
!STACK 0
java.util.concurrent.CompletionException: org.eclipse.lsp4j.jsonrpc.JsonRpcException: java.io.IOException: 파이프가 닫히는 중입니다
	at java.base/java.util.concurrent.CompletableFuture.wrapInCompletionException(CompletableFuture.java:323)
	at java.base/java.util.concurrent.CompletableFuture.encodeThrowable(CompletableFuture.java:376)
	at java.base/java.util.concurrent.CompletableFuture.uniApplyNow(CompletableFuture.java:718)
	at java.base/java.util.concurrent.CompletableFuture.uniApplyStage(CompletableFuture.java:706)
	at java.base/java.util.concurrent.CompletableFuture.thenApply(CompletableFuture.java:2244)
	at org.eclipse.lsp4e.operations.codelens.CodeLensProvider.lambda$1(CodeLensProvider.java:41)
	at org.eclipse.lsp4e.LanguageServers.lambda$24(LanguageServers.java:445)
	at org.eclipse.lsp4e.LanguageServerWrapper.lambda$17(LanguageServerWrapper.java:976)
	at java.base/java.util.concurrent.CompletableFuture$UniCompose.tryFire(CompletableFuture.java:1194)
	at java.base/java.util.concurrent.CompletableFuture$Completion.run(CompletableFuture.java:526)
	at java.base/java.util.concurrent.ThreadPoolExecutor.runWorker(ThreadPoolExecutor.java:1144)
	at java.base/java.util.concurrent.ThreadPoolExecutor$Worker.run(ThreadPoolExecutor.java:642)
	at java.base/java.lang.Thread.run(Thread.java:1575)
Caused by: org.eclipse.lsp4j.jsonrpc.JsonRpcException: java.io.IOException: 파이프가 닫히는 중입니다
	at org.eclipse.lsp4j.jsonrpc.json.StreamMessageConsumer.consume(StreamMessageConsumer.java:72)
	at org.eclipse.lsp4e.LanguageServerWrapper.lambda$3(LanguageServerWrapper.java:413)
	at org.eclipse.lsp4j.jsonrpc.RemoteEndpoint.request(RemoteEndpoint.java:171)
	at org.eclipse.lsp4j.jsonrpc.services.EndpointProxy.invoke(EndpointProxy.java:91)
	at jdk.proxy15/jdk.proxy15.$Proxy38.codeLens(Unknown Source)
	at org.eclipse.lsp4e.operations.codelens.CodeLensProvider.lambda$1(CodeLensProvider.java:40)
	... 7 more
Caused by: java.io.IOException: 파이프가 닫히는 중입니다
	at java.base/java.io.FileOutputStream.writeBytes(Native Method)
	at java.base/java.io.FileOutputStream.write(FileOutputStream.java:400)
	at java.base/java.lang.Process$PipeOutputStream.write(Process.java:907)
	at java.base/java.io.BufferedOutputStream.flushBuffer(BufferedOutputStream.java:125)
	at java.base/java.io.BufferedOutputStream.implWrite(BufferedOutputStream.java:222)
	at java.base/java.io.BufferedOutputStream.write(BufferedOutputStream.java:200)
	at java.base/java.io.FilterOutputStream.write(FilterOutputStream.java:110)
	at org.eclipse.lsp4j.jsonrpc.json.StreamMessageConsumer.consume(StreamMessageConsumer.java:67)
	... 12 more

!ENTRY org.eclipse.lsp4e 4 0 2025-09-16 14:54:47.195
!MESSAGE java.io.IOException: 파이프가 닫히는 중입니다
!STACK 0
org.eclipse.lsp4j.jsonrpc.JsonRpcException: java.io.IOException: 파이프가 닫히는 중입니다
	at org.eclipse.lsp4j.jsonrpc.json.StreamMessageConsumer.consume(StreamMessageConsumer.java:72)
	at org.eclipse.lsp4e.LanguageServerWrapper.lambda$3(LanguageServerWrapper.java:413)
	at org.eclipse.lsp4j.jsonrpc.RemoteEndpoint.request(RemoteEndpoint.java:171)
	at org.eclipse.lsp4j.jsonrpc.services.EndpointProxy.invoke(EndpointProxy.java:91)
	at jdk.proxy15/jdk.proxy15.$Proxy38.inlayHint(Unknown Source)
	at org.eclipse.lsp4e.operations.inlayhint.InlayHintProvider.lambda$1(InlayHintProvider.java:55)
	at org.eclipse.lsp4e.LanguageServers.lambda$24(LanguageServers.java:445)
	at org.eclipse.lsp4e.LanguageServerWrapper.lambda$17(LanguageServerWrapper.java:976)
	at java.base/java.util.concurrent.CompletableFuture$UniCompose.tryFire(CompletableFuture.java:1194)
	at java.base/java.util.concurrent.CompletableFuture$Completion.run(CompletableFuture.java:526)
	at java.base/java.util.concurrent.ThreadPoolExecutor.runWorker(ThreadPoolExecutor.java:1144)
	at java.base/java.util.concurrent.ThreadPoolExecutor$Worker.run(ThreadPoolExecutor.java:642)
	at java.base/java.lang.Thread.run(Thread.java:1575)
Caused by: java.io.IOException: 파이프가 닫히는 중입니다
	at java.base/java.io.FileOutputStream.writeBytes(Native Method)
	at java.base/java.io.FileOutputStream.write(FileOutputStream.java:400)
	at java.base/java.lang.Process$PipeOutputStream.write(Process.java:907)
	at java.base/java.io.BufferedOutputStream.flushBuffer(BufferedOutputStream.java:125)
	at java.base/java.io.BufferedOutputStream.implWrite(BufferedOutputStream.java:222)
	at java.base/java.io.BufferedOutputStream.write(BufferedOutputStream.java:200)
	at java.base/java.io.FilterOutputStream.write(FilterOutputStream.java:110)
	at org.eclipse.lsp4j.jsonrpc.json.StreamMessageConsumer.consume(StreamMessageConsumer.java:67)
	... 12 more

!ENTRY org.eclipse.jface.text 4 0 2025-09-16 14:54:47.196
!MESSAGE org.eclipse.lsp4j.jsonrpc.JsonRpcException: java.io.IOException: 파이프가 닫히는 중입니다
!STACK 0
java.util.concurrent.CompletionException: org.eclipse.lsp4j.jsonrpc.JsonRpcException: java.io.IOException: 파이프가 닫히는 중입니다
	at java.base/java.util.concurrent.CompletableFuture.wrapInCompletionException(CompletableFuture.java:323)
	at java.base/java.util.concurrent.CompletableFuture.encodeThrowable(CompletableFuture.java:376)
	at java.base/java.util.concurrent.CompletableFuture.uniApplyNow(CompletableFuture.java:718)
	at java.base/java.util.concurrent.CompletableFuture.uniApplyStage(CompletableFuture.java:706)
	at java.base/java.util.concurrent.CompletableFuture.thenApply(CompletableFuture.java:2244)
	at org.eclipse.lsp4e.operations.codelens.CodeLensProvider.lambda$1(CodeLensProvider.java:41)
	at org.eclipse.lsp4e.LanguageServers.lambda$24(LanguageServers.java:445)
	at org.eclipse.lsp4e.LanguageServerWrapper.lambda$17(LanguageServerWrapper.java:976)
	at java.base/java.util.concurrent.CompletableFuture$UniCompose.tryFire(CompletableFuture.java:1194)
	at java.base/java.util.concurrent.CompletableFuture$Completion.run(CompletableFuture.java:526)
	at java.base/java.util.concurrent.ThreadPoolExecutor.runWorker(ThreadPoolExecutor.java:1144)
	at java.base/java.util.concurrent.ThreadPoolExecutor$Worker.run(ThreadPoolExecutor.java:642)
	at java.base/java.lang.Thread.run(Thread.java:1575)
Caused by: org.eclipse.lsp4j.jsonrpc.JsonRpcException: java.io.IOException: 파이프가 닫히는 중입니다
	at org.eclipse.lsp4j.jsonrpc.json.StreamMessageConsumer.consume(StreamMessageConsumer.java:72)
	at org.eclipse.lsp4e.LanguageServerWrapper.lambda$3(LanguageServerWrapper.java:413)
	at org.eclipse.lsp4j.jsonrpc.RemoteEndpoint.request(RemoteEndpoint.java:171)
	at org.eclipse.lsp4j.jsonrpc.services.EndpointProxy.invoke(EndpointProxy.java:91)
	at jdk.proxy15/jdk.proxy15.$Proxy38.codeLens(Unknown Source)
	at org.eclipse.lsp4e.operations.codelens.CodeLensProvider.lambda$1(CodeLensProvider.java:40)
	... 7 more
Caused by: java.io.IOException: 파이프가 닫히는 중입니다
	at java.base/java.io.FileOutputStream.writeBytes(Native Method)
	at java.base/java.io.FileOutputStream.write(FileOutputStream.java:400)
	at java.base/java.lang.Process$PipeOutputStream.write(Process.java:907)
	at java.base/java.io.BufferedOutputStream.flushBuffer(BufferedOutputStream.java:125)
	at java.base/java.io.BufferedOutputStream.implWrite(BufferedOutputStream.java:222)
	at java.base/java.io.BufferedOutputStream.write(BufferedOutputStream.java:200)
	at java.base/java.io.FilterOutputStream.write(FilterOutputStream.java:110)
	at org.eclipse.lsp4j.jsonrpc.json.StreamMessageConsumer.consume(StreamMessageConsumer.java:67)
	... 12 more

!ENTRY org.eclipse.lsp4e 4 0 2025-09-16 14:54:47.196
!MESSAGE java.io.IOException: 파이프가 닫히는 중입니다
!STACK 0
org.eclipse.lsp4j.jsonrpc.JsonRpcException: java.io.IOException: 파이프가 닫히는 중입니다
	at org.eclipse.lsp4j.jsonrpc.json.StreamMessageConsumer.consume(StreamMessageConsumer.java:72)
	at org.eclipse.lsp4e.LanguageServerWrapper.lambda$3(LanguageServerWrapper.java:413)
	at org.eclipse.lsp4j.jsonrpc.RemoteEndpoint.request(RemoteEndpoint.java:171)
	at org.eclipse.lsp4j.jsonrpc.services.EndpointProxy.invoke(EndpointProxy.java:91)
	at jdk.proxy15/jdk.proxy15.$Proxy38.inlayHint(Unknown Source)
	at org.eclipse.lsp4e.operations.inlayhint.InlayHintProvider.lambda$1(InlayHintProvider.java:55)
	at org.eclipse.lsp4e.LanguageServers.lambda$24(LanguageServers.java:445)
	at org.eclipse.lsp4e.LanguageServerWrapper.lambda$17(LanguageServerWrapper.java:976)
	at java.base/java.util.concurrent.CompletableFuture$UniCompose.tryFire(CompletableFuture.java:1194)
	at java.base/java.util.concurrent.CompletableFuture$Completion.run(CompletableFuture.java:526)
	at java.base/java.util.concurrent.ThreadPoolExecutor.runWorker(ThreadPoolExecutor.java:1144)
	at java.base/java.util.concurrent.ThreadPoolExecutor$Worker.run(ThreadPoolExecutor.java:642)
	at java.base/java.lang.Thread.run(Thread.java:1575)
Caused by: java.io.IOException: 파이프가 닫히는 중입니다
	at java.base/java.io.FileOutputStream.writeBytes(Native Method)
	at java.base/java.io.FileOutputStream.write(FileOutputStream.java:400)
	at java.base/java.lang.Process$PipeOutputStream.write(Process.java:907)
	at java.base/java.io.BufferedOutputStream.flushBuffer(BufferedOutputStream.java:125)
	at java.base/java.io.BufferedOutputStream.implWrite(BufferedOutputStream.java:222)
	at java.base/java.io.BufferedOutputStream.write(BufferedOutputStream.java:200)
	at java.base/java.io.FilterOutputStream.write(FilterOutputStream.java:110)
	at org.eclipse.lsp4j.jsonrpc.json.StreamMessageConsumer.consume(StreamMessageConsumer.java:67)
	... 12 more

!ENTRY org.eclipse.jface.text 4 0 2025-09-16 14:54:47.196
!MESSAGE org.eclipse.lsp4j.jsonrpc.JsonRpcException: java.io.IOException: 파이프가 닫히는 중입니다
!STACK 0
java.util.concurrent.CompletionException: org.eclipse.lsp4j.jsonrpc.JsonRpcException: java.io.IOException: 파이프가 닫히는 중입니다
	at java.base/java.util.concurrent.CompletableFuture.wrapInCompletionException(CompletableFuture.java:323)
	at java.base/java.util.concurrent.CompletableFuture.encodeThrowable(CompletableFuture.java:376)
	at java.base/java.util.concurrent.CompletableFuture.uniApplyNow(CompletableFuture.java:718)
	at java.base/java.util.concurrent.CompletableFuture.uniApplyStage(CompletableFuture.java:706)
	at java.base/java.util.concurrent.CompletableFuture.thenApply(CompletableFuture.java:2244)
	at org.eclipse.lsp4e.operations.codelens.CodeLensProvider.lambda$1(CodeLensProvider.java:41)
	at org.eclipse.lsp4e.LanguageServers.lambda$24(LanguageServers.java:445)
	at org.eclipse.lsp4e.LanguageServerWrapper.lambda$17(LanguageServerWrapper.java:976)
	at java.base/java.util.concurrent.CompletableFuture$UniCompose.tryFire(CompletableFuture.java:1194)
	at java.base/java.util.concurrent.CompletableFuture$Completion.run(CompletableFuture.java:526)
	at java.base/java.util.concurrent.ThreadPoolExecutor.runWorker(ThreadPoolExecutor.java:1144)
	at java.base/java.util.concurrent.ThreadPoolExecutor$Worker.run(ThreadPoolExecutor.java:642)
	at java.base/java.lang.Thread.run(Thread.java:1575)
Caused by: org.eclipse.lsp4j.jsonrpc.JsonRpcException: java.io.IOException: 파이프가 닫히는 중입니다
	at org.eclipse.lsp4j.jsonrpc.json.StreamMessageConsumer.consume(StreamMessageConsumer.java:72)
	at org.eclipse.lsp4e.LanguageServerWrapper.lambda$3(LanguageServerWrapper.java:413)
	at org.eclipse.lsp4j.jsonrpc.RemoteEndpoint.request(RemoteEndpoint.java:171)
	at org.eclipse.lsp4j.jsonrpc.services.EndpointProxy.invoke(EndpointProxy.java:91)
	at jdk.proxy15/jdk.proxy15.$Proxy38.codeLens(Unknown Source)
	at org.eclipse.lsp4e.operations.codelens.CodeLensProvider.lambda$1(CodeLensProvider.java:40)
	... 7 more
Caused by: java.io.IOException: 파이프가 닫히는 중입니다
	at java.base/java.io.FileOutputStream.writeBytes(Native Method)
	at java.base/java.io.FileOutputStream.write(FileOutputStream.java:400)
	at java.base/java.lang.Process$PipeOutputStream.write(Process.java:907)
	at java.base/java.io.BufferedOutputStream.flushBuffer(BufferedOutputStream.java:125)
	at java.base/java.io.BufferedOutputStream.implWrite(BufferedOutputStream.java:222)
	at java.base/java.io.BufferedOutputStream.write(BufferedOutputStream.java:200)
	at java.base/java.io.FilterOutputStream.write(FilterOutputStream.java:110)
	at org.eclipse.lsp4j.jsonrpc.json.StreamMessageConsumer.consume(StreamMessageConsumer.java:67)
	... 12 more

!ENTRY org.eclipse.lsp4e 4 0 2025-09-16 14:54:47.197
!MESSAGE java.io.IOException: 파이프가 닫히는 중입니다
!STACK 0
org.eclipse.lsp4j.jsonrpc.JsonRpcException: java.io.IOException: 파이프가 닫히는 중입니다
	at org.eclipse.lsp4j.jsonrpc.json.StreamMessageConsumer.consume(StreamMessageConsumer.java:72)
	at org.eclipse.lsp4e.LanguageServerWrapper.lambda$3(LanguageServerWrapper.java:413)
	at org.eclipse.lsp4j.jsonrpc.RemoteEndpoint.request(RemoteEndpoint.java:171)
	at org.eclipse.lsp4j.jsonrpc.services.EndpointProxy.invoke(EndpointProxy.java:91)
	at jdk.proxy15/jdk.proxy15.$Proxy38.inlayHint(Unknown Source)
	at org.eclipse.lsp4e.operations.inlayhint.InlayHintProvider.lambda$1(InlayHintProvider.java:55)
	at org.eclipse.lsp4e.LanguageServers.lambda$24(LanguageServers.java:445)
	at org.eclipse.lsp4e.LanguageServerWrapper.lambda$17(LanguageServerWrapper.java:976)
	at java.base/java.util.concurrent.CompletableFuture$UniCompose.tryFire(CompletableFuture.java:1194)
	at java.base/java.util.concurrent.CompletableFuture$Completion.run(CompletableFuture.java:526)
	at java.base/java.util.concurrent.ThreadPoolExecutor.runWorker(ThreadPoolExecutor.java:1144)
	at java.base/java.util.concurrent.ThreadPoolExecutor$Worker.run(ThreadPoolExecutor.java:642)
	at java.base/java.lang.Thread.run(Thread.java:1575)
Caused by: java.io.IOException: 파이프가 닫히는 중입니다
	at java.base/java.io.FileOutputStream.writeBytes(Native Method)
	at java.base/java.io.FileOutputStream.write(FileOutputStream.java:400)
	at java.base/java.lang.Process$PipeOutputStream.write(Process.java:907)
	at java.base/java.io.BufferedOutputStream.flushBuffer(BufferedOutputStream.java:125)
	at java.base/java.io.BufferedOutputStream.implWrite(BufferedOutputStream.java:222)
	at java.base/java.io.BufferedOutputStream.write(BufferedOutputStream.java:200)
	at java.base/java.io.FilterOutputStream.write(FilterOutputStream.java:110)
	at org.eclipse.lsp4j.jsonrpc.json.StreamMessageConsumer.consume(StreamMessageConsumer.java:67)
	... 12 more

!ENTRY org.eclipse.jface.text 4 0 2025-09-16 14:54:47.197
!MESSAGE org.eclipse.lsp4j.jsonrpc.JsonRpcException: java.io.IOException: 파이프가 닫히는 중입니다
!STACK 0
java.util.concurrent.CompletionException: org.eclipse.lsp4j.jsonrpc.JsonRpcException: java.io.IOException: 파이프가 닫히는 중입니다
	at java.base/java.util.concurrent.CompletableFuture.wrapInCompletionException(CompletableFuture.java:323)
	at java.base/java.util.concurrent.CompletableFuture.encodeThrowable(CompletableFuture.java:376)
	at java.base/java.util.concurrent.CompletableFuture.uniApplyNow(CompletableFuture.java:718)
	at java.base/java.util.concurrent.CompletableFuture.uniApplyStage(CompletableFuture.java:706)
	at java.base/java.util.concurrent.CompletableFuture.thenApply(CompletableFuture.java:2244)
	at org.eclipse.lsp4e.operations.codelens.CodeLensProvider.lambda$1(CodeLensProvider.java:41)
	at org.eclipse.lsp4e.LanguageServers.lambda$24(LanguageServers.java:445)
	at org.eclipse.lsp4e.LanguageServerWrapper.lambda$17(LanguageServerWrapper.java:976)
	at java.base/java.util.concurrent.CompletableFuture$UniCompose.tryFire(CompletableFuture.java:1194)
	at java.base/java.util.concurrent.CompletableFuture$Completion.run(CompletableFuture.java:526)
	at java.base/java.util.concurrent.ThreadPoolExecutor.runWorker(ThreadPoolExecutor.java:1144)
	at java.base/java.util.concurrent.ThreadPoolExecutor$Worker.run(ThreadPoolExecutor.java:642)
	at java.base/java.lang.Thread.run(Thread.java:1575)
Caused by: org.eclipse.lsp4j.jsonrpc.JsonRpcException: java.io.IOException: 파이프가 닫히는 중입니다
	at org.eclipse.lsp4j.jsonrpc.json.StreamMessageConsumer.consume(StreamMessageConsumer.java:72)
	at org.eclipse.lsp4e.LanguageServerWrapper.lambda$3(LanguageServerWrapper.java:413)
	at org.eclipse.lsp4j.jsonrpc.RemoteEndpoint.request(RemoteEndpoint.java:171)
	at org.eclipse.lsp4j.jsonrpc.services.EndpointProxy.invoke(EndpointProxy.java:91)
	at jdk.proxy15/jdk.proxy15.$Proxy38.codeLens(Unknown Source)
	at org.eclipse.lsp4e.operations.codelens.CodeLensProvider.lambda$1(CodeLensProvider.java:40)
	... 7 more
Caused by: java.io.IOException: 파이프가 닫히는 중입니다
	at java.base/java.io.FileOutputStream.writeBytes(Native Method)
	at java.base/java.io.FileOutputStream.write(FileOutputStream.java:400)
	at java.base/java.lang.Process$PipeOutputStream.write(Process.java:907)
	at java.base/java.io.BufferedOutputStream.flushBuffer(BufferedOutputStream.java:125)
	at java.base/java.io.BufferedOutputStream.implWrite(BufferedOutputStream.java:222)
	at java.base/java.io.BufferedOutputStream.write(BufferedOutputStream.java:200)
	at java.base/java.io.FilterOutputStream.write(FilterOutputStream.java:110)
	at org.eclipse.lsp4j.jsonrpc.json.StreamMessageConsumer.consume(StreamMessageConsumer.java:67)
	... 12 more

!ENTRY org.eclipse.lsp4e 4 0 2025-09-16 14:54:47.197
!MESSAGE java.io.IOException: 파이프가 닫히는 중입니다
!STACK 0
org.eclipse.lsp4j.jsonrpc.JsonRpcException: java.io.IOException: 파이프가 닫히는 중입니다
	at org.eclipse.lsp4j.jsonrpc.json.StreamMessageConsumer.consume(StreamMessageConsumer.java:72)
	at org.eclipse.lsp4e.LanguageServerWrapper.lambda$3(LanguageServerWrapper.java:413)
	at org.eclipse.lsp4j.jsonrpc.RemoteEndpoint.request(RemoteEndpoint.java:171)
	at org.eclipse.lsp4j.jsonrpc.services.EndpointProxy.invoke(EndpointProxy.java:91)
	at jdk.proxy15/jdk.proxy15.$Proxy38.inlayHint(Unknown Source)
	at org.eclipse.lsp4e.operations.inlayhint.InlayHintProvider.lambda$1(InlayHintProvider.java:55)
	at org.eclipse.lsp4e.LanguageServers.lambda$24(LanguageServers.java:445)
	at org.eclipse.lsp4e.LanguageServerWrapper.lambda$17(LanguageServerWrapper.java:976)
	at java.base/java.util.concurrent.CompletableFuture$UniCompose.tryFire(CompletableFuture.java:1194)
	at java.base/java.util.concurrent.CompletableFuture$Completion.run(CompletableFuture.java:526)
	at java.base/java.util.concurrent.ThreadPoolExecutor.runWorker(ThreadPoolExecutor.java:1144)
	at java.base/java.util.concurrent.ThreadPoolExecutor$Worker.run(ThreadPoolExecutor.java:642)
	at java.base/java.lang.Thread.run(Thread.java:1575)
Caused by: java.io.IOException: 파이프가 닫히는 중입니다
	at java.base/java.io.FileOutputStream.writeBytes(Native Method)
	at java.base/java.io.FileOutputStream.write(FileOutputStream.java:400)
	at java.base/java.lang.Process$PipeOutputStream.write(Process.java:907)
	at java.base/java.io.BufferedOutputStream.flushBuffer(BufferedOutputStream.java:125)
	at java.base/java.io.BufferedOutputStream.implWrite(BufferedOutputStream.java:222)
	at java.base/java.io.BufferedOutputStream.write(BufferedOutputStream.java:200)
	at java.base/java.io.FilterOutputStream.write(FilterOutputStream.java:110)
	at org.eclipse.lsp4j.jsonrpc.json.StreamMessageConsumer.consume(StreamMessageConsumer.java:67)
	... 12 more

!ENTRY org.eclipse.jface.text 4 0 2025-09-16 14:54:47.198
!MESSAGE org.eclipse.lsp4j.jsonrpc.JsonRpcException: java.io.IOException: 파이프가 닫히는 중입니다
!STACK 0
java.util.concurrent.CompletionException: org.eclipse.lsp4j.jsonrpc.JsonRpcException: java.io.IOException: 파이프가 닫히는 중입니다
	at java.base/java.util.concurrent.CompletableFuture.wrapInCompletionException(CompletableFuture.java:323)
	at java.base/java.util.concurrent.CompletableFuture.encodeThrowable(CompletableFuture.java:376)
	at java.base/java.util.concurrent.CompletableFuture.uniApplyNow(CompletableFuture.java:718)
	at java.base/java.util.concurrent.CompletableFuture.uniApplyStage(CompletableFuture.java:706)
	at java.base/java.util.concurrent.CompletableFuture.thenApply(CompletableFuture.java:2244)
	at org.eclipse.lsp4e.operations.codelens.CodeLensProvider.lambda$1(CodeLensProvider.java:41)
	at org.eclipse.lsp4e.LanguageServers.lambda$24(LanguageServers.java:445)
	at org.eclipse.lsp4e.LanguageServerWrapper.lambda$17(LanguageServerWrapper.java:976)
	at java.base/java.util.concurrent.CompletableFuture$UniCompose.tryFire(CompletableFuture.java:1194)
	at java.base/java.util.concurrent.CompletableFuture$Completion.run(CompletableFuture.java:526)
	at java.base/java.util.concurrent.ThreadPoolExecutor.runWorker(ThreadPoolExecutor.java:1144)
	at java.base/java.util.concurrent.ThreadPoolExecutor$Worker.run(ThreadPoolExecutor.java:642)
	at java.base/java.lang.Thread.run(Thread.java:1575)
Caused by: org.eclipse.lsp4j.jsonrpc.JsonRpcException: java.io.IOException: 파이프가 닫히는 중입니다
	at org.eclipse.lsp4j.jsonrpc.json.StreamMessageConsumer.consume(StreamMessageConsumer.java:72)
	at org.eclipse.lsp4e.LanguageServerWrapper.lambda$3(LanguageServerWrapper.java:413)
	at org.eclipse.lsp4j.jsonrpc.RemoteEndpoint.request(RemoteEndpoint.java:171)
	at org.eclipse.lsp4j.jsonrpc.services.EndpointProxy.invoke(EndpointProxy.java:91)
	at jdk.proxy15/jdk.proxy15.$Proxy38.codeLens(Unknown Source)
	at org.eclipse.lsp4e.operations.codelens.CodeLensProvider.lambda$1(CodeLensProvider.java:40)
	... 7 more
Caused by: java.io.IOException: 파이프가 닫히는 중입니다
	at java.base/java.io.FileOutputStream.writeBytes(Native Method)
	at java.base/java.io.FileOutputStream.write(FileOutputStream.java:400)
	at java.base/java.lang.Process$PipeOutputStream.write(Process.java:907)
	at java.base/java.io.BufferedOutputStream.flushBuffer(BufferedOutputStream.java:125)
	at java.base/java.io.BufferedOutputStream.implWrite(BufferedOutputStream.java:222)
	at java.base/java.io.BufferedOutputStream.write(BufferedOutputStream.java:200)
	at java.base/java.io.FilterOutputStream.write(FilterOutputStream.java:110)
	at org.eclipse.lsp4j.jsonrpc.json.StreamMessageConsumer.consume(StreamMessageConsumer.java:67)
	... 12 more

!ENTRY org.eclipse.lsp4e 4 0 2025-09-16 14:54:47.198
!MESSAGE java.io.IOException: 파이프가 닫히는 중입니다
!STACK 0
org.eclipse.lsp4j.jsonrpc.JsonRpcException: java.io.IOException: 파이프가 닫히는 중입니다
	at org.eclipse.lsp4j.jsonrpc.json.StreamMessageConsumer.consume(StreamMessageConsumer.java:72)
	at org.eclipse.lsp4e.LanguageServerWrapper.lambda$3(LanguageServerWrapper.java:413)
	at org.eclipse.lsp4j.jsonrpc.RemoteEndpoint.request(RemoteEndpoint.java:171)
	at org.eclipse.lsp4j.jsonrpc.services.EndpointProxy.invoke(EndpointProxy.java:91)
	at jdk.proxy15/jdk.proxy15.$Proxy38.inlayHint(Unknown Source)
	at org.eclipse.lsp4e.operations.inlayhint.InlayHintProvider.lambda$1(InlayHintProvider.java:55)
	at org.eclipse.lsp4e.LanguageServers.lambda$24(LanguageServers.java:445)
	at org.eclipse.lsp4e.LanguageServerWrapper.lambda$17(LanguageServerWrapper.java:976)
	at java.base/java.util.concurrent.CompletableFuture$UniCompose.tryFire(CompletableFuture.java:1194)
	at java.base/java.util.concurrent.CompletableFuture$Completion.run(CompletableFuture.java:526)
	at java.base/java.util.concurrent.ThreadPoolExecutor.runWorker(ThreadPoolExecutor.java:1144)
	at java.base/java.util.concurrent.ThreadPoolExecutor$Worker.run(ThreadPoolExecutor.java:642)
	at java.base/java.lang.Thread.run(Thread.java:1575)
Caused by: java.io.IOException: 파이프가 닫히는 중입니다
	at java.base/java.io.FileOutputStream.writeBytes(Native Method)
	at java.base/java.io.FileOutputStream.write(FileOutputStream.java:400)
	at java.base/java.lang.Process$PipeOutputStream.write(Process.java:907)
	at java.base/java.io.BufferedOutputStream.flushBuffer(BufferedOutputStream.java:125)
	at java.base/java.io.BufferedOutputStream.implWrite(BufferedOutputStream.java:222)
	at java.base/java.io.BufferedOutputStream.write(BufferedOutputStream.java:200)
	at java.base/java.io.FilterOutputStream.write(FilterOutputStream.java:110)
	at org.eclipse.lsp4j.jsonrpc.json.StreamMessageConsumer.consume(StreamMessageConsumer.java:67)
	... 12 more

!ENTRY org.eclipse.jface.text 4 0 2025-09-16 14:54:47.198
!MESSAGE org.eclipse.lsp4j.jsonrpc.JsonRpcException: java.io.IOException: 파이프가 닫히는 중입니다
!STACK 0
java.util.concurrent.CompletionException: org.eclipse.lsp4j.jsonrpc.JsonRpcException: java.io.IOException: 파이프가 닫히는 중입니다
	at java.base/java.util.concurrent.CompletableFuture.wrapInCompletionException(CompletableFuture.java:323)
	at java.base/java.util.concurrent.CompletableFuture.encodeThrowable(CompletableFuture.java:376)
	at java.base/java.util.concurrent.CompletableFuture.uniApplyNow(CompletableFuture.java:718)
	at java.base/java.util.concurrent.CompletableFuture.uniApplyStage(CompletableFuture.java:706)
	at java.base/java.util.concurrent.CompletableFuture.thenApply(CompletableFuture.java:2244)
	at org.eclipse.lsp4e.operations.codelens.CodeLensProvider.lambda$1(CodeLensProvider.java:41)
	at org.eclipse.lsp4e.LanguageServers.lambda$24(LanguageServers.java:445)
	at org.eclipse.lsp4e.LanguageServerWrapper.lambda$17(LanguageServerWrapper.java:976)
	at java.base/java.util.concurrent.CompletableFuture$UniCompose.tryFire(CompletableFuture.java:1194)
	at java.base/java.util.concurrent.CompletableFuture$Completion.run(CompletableFuture.java:526)
	at java.base/java.util.concurrent.ThreadPoolExecutor.runWorker(ThreadPoolExecutor.java:1144)
	at java.base/java.util.concurrent.ThreadPoolExecutor$Worker.run(ThreadPoolExecutor.java:642)
	at java.base/java.lang.Thread.run(Thread.java:1575)
Caused by: org.eclipse.lsp4j.jsonrpc.JsonRpcException: java.io.IOException: 파이프가 닫히는 중입니다
	at org.eclipse.lsp4j.jsonrpc.json.StreamMessageConsumer.consume(StreamMessageConsumer.java:72)
	at org.eclipse.lsp4e.LanguageServerWrapper.lambda$3(LanguageServerWrapper.java:413)
	at org.eclipse.lsp4j.jsonrpc.RemoteEndpoint.request(RemoteEndpoint.java:171)
	at org.eclipse.lsp4j.jsonrpc.services.EndpointProxy.invoke(EndpointProxy.java:91)
	at jdk.proxy15/jdk.proxy15.$Proxy38.codeLens(Unknown Source)
	at org.eclipse.lsp4e.operations.codelens.CodeLensProvider.lambda$1(CodeLensProvider.java:40)
	... 7 more
Caused by: java.io.IOException: 파이프가 닫히는 중입니다
	at java.base/java.io.FileOutputStream.writeBytes(Native Method)
	at java.base/java.io.FileOutputStream.write(FileOutputStream.java:400)
	at java.base/java.lang.Process$PipeOutputStream.write(Process.java:907)
	at java.base/java.io.BufferedOutputStream.flushBuffer(BufferedOutputStream.java:125)
	at java.base/java.io.BufferedOutputStream.implWrite(BufferedOutputStream.java:222)
	at java.base/java.io.BufferedOutputStream.write(BufferedOutputStream.java:200)
	at java.base/java.io.FilterOutputStream.write(FilterOutputStream.java:110)
	at org.eclipse.lsp4j.jsonrpc.json.StreamMessageConsumer.consume(StreamMessageConsumer.java:67)
	... 12 more

!ENTRY org.eclipse.lsp4e 4 0 2025-09-16 14:54:47.198
!MESSAGE java.io.IOException: 파이프가 닫히는 중입니다
!STACK 0
org.eclipse.lsp4j.jsonrpc.JsonRpcException: java.io.IOException: 파이프가 닫히는 중입니다
	at org.eclipse.lsp4j.jsonrpc.json.StreamMessageConsumer.consume(StreamMessageConsumer.java:72)
	at org.eclipse.lsp4e.LanguageServerWrapper.lambda$3(LanguageServerWrapper.java:413)
	at org.eclipse.lsp4j.jsonrpc.RemoteEndpoint.request(RemoteEndpoint.java:171)
	at org.eclipse.lsp4j.jsonrpc.services.EndpointProxy.invoke(EndpointProxy.java:91)
	at jdk.proxy15/jdk.proxy15.$Proxy38.inlayHint(Unknown Source)
	at org.eclipse.lsp4e.operations.inlayhint.InlayHintProvider.lambda$1(InlayHintProvider.java:55)
	at org.eclipse.lsp4e.LanguageServers.lambda$24(LanguageServers.java:445)
	at org.eclipse.lsp4e.LanguageServerWrapper.lambda$17(LanguageServerWrapper.java:976)
	at java.base/java.util.concurrent.CompletableFuture$UniCompose.tryFire(CompletableFuture.java:1194)
	at java.base/java.util.concurrent.CompletableFuture$Completion.run(CompletableFuture.java:526)
	at java.base/java.util.concurrent.ThreadPoolExecutor.runWorker(ThreadPoolExecutor.java:1144)
	at java.base/java.util.concurrent.ThreadPoolExecutor$Worker.run(ThreadPoolExecutor.java:642)
	at java.base/java.lang.Thread.run(Thread.java:1575)
Caused by: java.io.IOException: 파이프가 닫히는 중입니다
	at java.base/java.io.FileOutputStream.writeBytes(Native Method)
	at java.base/java.io.FileOutputStream.write(FileOutputStream.java:400)
	at java.base/java.lang.Process$PipeOutputStream.write(Process.java:907)
	at java.base/java.io.BufferedOutputStream.flushBuffer(BufferedOutputStream.java:125)
	at java.base/java.io.BufferedOutputStream.implWrite(BufferedOutputStream.java:222)
	at java.base/java.io.BufferedOutputStream.write(BufferedOutputStream.java:200)
	at java.base/java.io.FilterOutputStream.write(FilterOutputStream.java:110)
	at org.eclipse.lsp4j.jsonrpc.json.StreamMessageConsumer.consume(StreamMessageConsumer.java:67)
	... 12 more

!ENTRY org.eclipse.jface.text 4 0 2025-09-16 14:54:47.199
!MESSAGE org.eclipse.lsp4j.jsonrpc.JsonRpcException: java.io.IOException: 파이프가 닫히는 중입니다
!STACK 0
java.util.concurrent.CompletionException: org.eclipse.lsp4j.jsonrpc.JsonRpcException: java.io.IOException: 파이프가 닫히는 중입니다
	at java.base/java.util.concurrent.CompletableFuture.wrapInCompletionException(CompletableFuture.java:323)
	at java.base/java.util.concurrent.CompletableFuture.encodeThrowable(CompletableFuture.java:376)
	at java.base/java.util.concurrent.CompletableFuture.uniApplyNow(CompletableFuture.java:718)
	at java.base/java.util.concurrent.CompletableFuture.uniApplyStage(CompletableFuture.java:706)
	at java.base/java.util.concurrent.CompletableFuture.thenApply(CompletableFuture.java:2244)
	at org.eclipse.lsp4e.operations.codelens.CodeLensProvider.lambda$1(CodeLensProvider.java:41)
	at org.eclipse.lsp4e.LanguageServers.lambda$24(LanguageServers.java:445)
	at org.eclipse.lsp4e.LanguageServerWrapper.lambda$17(LanguageServerWrapper.java:976)
	at java.base/java.util.concurrent.CompletableFuture$UniCompose.tryFire(CompletableFuture.java:1194)
	at java.base/java.util.concurrent.CompletableFuture$Completion.run(CompletableFuture.java:526)
	at java.base/java.util.concurrent.ThreadPoolExecutor.runWorker(ThreadPoolExecutor.java:1144)
	at java.base/java.util.concurrent.ThreadPoolExecutor$Worker.run(ThreadPoolExecutor.java:642)
	at java.base/java.lang.Thread.run(Thread.java:1575)
Caused by: org.eclipse.lsp4j.jsonrpc.JsonRpcException: java.io.IOException: 파이프가 닫히는 중입니다
	at org.eclipse.lsp4j.jsonrpc.json.StreamMessageConsumer.consume(StreamMessageConsumer.java:72)
	at org.eclipse.lsp4e.LanguageServerWrapper.lambda$3(LanguageServerWrapper.java:413)
	at org.eclipse.lsp4j.jsonrpc.RemoteEndpoint.request(RemoteEndpoint.java:171)
	at org.eclipse.lsp4j.jsonrpc.services.EndpointProxy.invoke(EndpointProxy.java:91)
	at jdk.proxy15/jdk.proxy15.$Proxy38.codeLens(Unknown Source)
	at org.eclipse.lsp4e.operations.codelens.CodeLensProvider.lambda$1(CodeLensProvider.java:40)
	... 7 more
Caused by: java.io.IOException: 파이프가 닫히는 중입니다
	at java.base/java.io.FileOutputStream.writeBytes(Native Method)
	at java.base/java.io.FileOutputStream.write(FileOutputStream.java:400)
	at java.base/java.lang.Process$PipeOutputStream.write(Process.java:907)
	at java.base/java.io.BufferedOutputStream.flushBuffer(BufferedOutputStream.java:125)
	at java.base/java.io.BufferedOutputStream.implWrite(BufferedOutputStream.java:222)
	at java.base/java.io.BufferedOutputStream.write(BufferedOutputStream.java:200)
	at java.base/java.io.FilterOutputStream.write(FilterOutputStream.java:110)
	at org.eclipse.lsp4j.jsonrpc.json.StreamMessageConsumer.consume(StreamMessageConsumer.java:67)
	... 12 more

!ENTRY org.eclipse.lsp4e 4 0 2025-09-16 14:54:47.199
!MESSAGE java.io.IOException: 파이프가 닫히는 중입니다
!STACK 0
org.eclipse.lsp4j.jsonrpc.JsonRpcException: java.io.IOException: 파이프가 닫히는 중입니다
	at org.eclipse.lsp4j.jsonrpc.json.StreamMessageConsumer.consume(StreamMessageConsumer.java:72)
	at org.eclipse.lsp4e.LanguageServerWrapper.lambda$3(LanguageServerWrapper.java:413)
	at org.eclipse.lsp4j.jsonrpc.RemoteEndpoint.request(RemoteEndpoint.java:171)
	at org.eclipse.lsp4j.jsonrpc.services.EndpointProxy.invoke(EndpointProxy.java:91)
	at jdk.proxy15/jdk.proxy15.$Proxy38.inlayHint(Unknown Source)
	at org.eclipse.lsp4e.operations.inlayhint.InlayHintProvider.lambda$1(InlayHintProvider.java:55)
	at org.eclipse.lsp4e.LanguageServers.lambda$24(LanguageServers.java:445)
	at org.eclipse.lsp4e.LanguageServerWrapper.lambda$17(LanguageServerWrapper.java:976)
	at java.base/java.util.concurrent.CompletableFuture$UniCompose.tryFire(CompletableFuture.java:1194)
	at java.base/java.util.concurrent.CompletableFuture$Completion.run(CompletableFuture.java:526)
	at java.base/java.util.concurrent.ThreadPoolExecutor.runWorker(ThreadPoolExecutor.java:1144)
	at java.base/java.util.concurrent.ThreadPoolExecutor$Worker.run(ThreadPoolExecutor.java:642)
	at java.base/java.lang.Thread.run(Thread.java:1575)
Caused by: java.io.IOException: 파이프가 닫히는 중입니다
	at java.base/java.io.FileOutputStream.writeBytes(Native Method)
	at java.base/java.io.FileOutputStream.write(FileOutputStream.java:400)
	at java.base/java.lang.Process$PipeOutputStream.write(Process.java:907)
	at java.base/java.io.BufferedOutputStream.flushBuffer(BufferedOutputStream.java:125)
	at java.base/java.io.BufferedOutputStream.implWrite(BufferedOutputStream.java:222)
	at java.base/java.io.BufferedOutputStream.write(BufferedOutputStream.java:200)
	at java.base/java.io.FilterOutputStream.write(FilterOutputStream.java:110)
	at org.eclipse.lsp4j.jsonrpc.json.StreamMessageConsumer.consume(StreamMessageConsumer.java:67)
	... 12 more

!ENTRY org.eclipse.jface.text 4 0 2025-09-16 14:54:47.199
!MESSAGE org.eclipse.lsp4j.jsonrpc.JsonRpcException: java.io.IOException: 파이프가 닫히는 중입니다
!STACK 0
java.util.concurrent.CompletionException: org.eclipse.lsp4j.jsonrpc.JsonRpcException: java.io.IOException: 파이프가 닫히는 중입니다
	at java.base/java.util.concurrent.CompletableFuture.wrapInCompletionException(CompletableFuture.java:323)
	at java.base/java.util.concurrent.CompletableFuture.encodeThrowable(CompletableFuture.java:376)
	at java.base/java.util.concurrent.CompletableFuture.uniApplyNow(CompletableFuture.java:718)
	at java.base/java.util.concurrent.CompletableFuture.uniApplyStage(CompletableFuture.java:706)
	at java.base/java.util.concurrent.CompletableFuture.thenApply(CompletableFuture.java:2244)
	at org.eclipse.lsp4e.operations.codelens.CodeLensProvider.lambda$1(CodeLensProvider.java:41)
	at org.eclipse.lsp4e.LanguageServers.lambda$24(LanguageServers.java:445)
	at org.eclipse.lsp4e.LanguageServerWrapper.lambda$17(LanguageServerWrapper.java:976)
	at java.base/java.util.concurrent.CompletableFuture$UniCompose.tryFire(CompletableFuture.java:1194)
	at java.base/java.util.concurrent.CompletableFuture$Completion.run(CompletableFuture.java:526)
	at java.base/java.util.concurrent.ThreadPoolExecutor.runWorker(ThreadPoolExecutor.java:1144)
	at java.base/java.util.concurrent.ThreadPoolExecutor$Worker.run(ThreadPoolExecutor.java:642)
	at java.base/java.lang.Thread.run(Thread.java:1575)
Caused by: org.eclipse.lsp4j.jsonrpc.JsonRpcException: java.io.IOException: 파이프가 닫히는 중입니다
	at org.eclipse.lsp4j.jsonrpc.json.StreamMessageConsumer.consume(StreamMessageConsumer.java:72)
	at org.eclipse.lsp4e.LanguageServerWrapper.lambda$3(LanguageServerWrapper.java:413)
	at org.eclipse.lsp4j.jsonrpc.RemoteEndpoint.request(RemoteEndpoint.java:171)
	at org.eclipse.lsp4j.jsonrpc.services.EndpointProxy.invoke(EndpointProxy.java:91)
	at jdk.proxy15/jdk.proxy15.$Proxy38.codeLens(Unknown Source)
	at org.eclipse.lsp4e.operations.codelens.CodeLensProvider.lambda$1(CodeLensProvider.java:40)
	... 7 more
Caused by: java.io.IOException: 파이프가 닫히는 중입니다
	at java.base/java.io.FileOutputStream.writeBytes(Native Method)
	at java.base/java.io.FileOutputStream.write(FileOutputStream.java:400)
	at java.base/java.lang.Process$PipeOutputStream.write(Process.java:907)
	at java.base/java.io.BufferedOutputStream.flushBuffer(BufferedOutputStream.java:125)
	at java.base/java.io.BufferedOutputStream.implWrite(BufferedOutputStream.java:222)
	at java.base/java.io.BufferedOutputStream.write(BufferedOutputStream.java:200)
	at java.base/java.io.FilterOutputStream.write(FilterOutputStream.java:110)
	at org.eclipse.lsp4j.jsonrpc.json.StreamMessageConsumer.consume(StreamMessageConsumer.java:67)
	... 12 more

!ENTRY org.eclipse.lsp4e 4 0 2025-09-16 14:54:47.200
!MESSAGE java.io.IOException: 파이프가 닫히는 중입니다
!STACK 0
org.eclipse.lsp4j.jsonrpc.JsonRpcException: java.io.IOException: 파이프가 닫히는 중입니다
	at org.eclipse.lsp4j.jsonrpc.json.StreamMessageConsumer.consume(StreamMessageConsumer.java:72)
	at org.eclipse.lsp4e.LanguageServerWrapper.lambda$3(LanguageServerWrapper.java:413)
	at org.eclipse.lsp4j.jsonrpc.RemoteEndpoint.request(RemoteEndpoint.java:171)
	at org.eclipse.lsp4j.jsonrpc.services.EndpointProxy.invoke(EndpointProxy.java:91)
	at jdk.proxy15/jdk.proxy15.$Proxy38.inlayHint(Unknown Source)
	at org.eclipse.lsp4e.operations.inlayhint.InlayHintProvider.lambda$1(InlayHintProvider.java:55)
	at org.eclipse.lsp4e.LanguageServers.lambda$24(LanguageServers.java:445)
	at org.eclipse.lsp4e.LanguageServerWrapper.lambda$17(LanguageServerWrapper.java:976)
	at java.base/java.util.concurrent.CompletableFuture$UniCompose.tryFire(CompletableFuture.java:1194)
	at java.base/java.util.concurrent.CompletableFuture$Completion.run(CompletableFuture.java:526)
	at java.base/java.util.concurrent.ThreadPoolExecutor.runWorker(ThreadPoolExecutor.java:1144)
	at java.base/java.util.concurrent.ThreadPoolExecutor$Worker.run(ThreadPoolExecutor.java:642)
	at java.base/java.lang.Thread.run(Thread.java:1575)
Caused by: java.io.IOException: 파이프가 닫히는 중입니다
	at java.base/java.io.FileOutputStream.writeBytes(Native Method)
	at java.base/java.io.FileOutputStream.write(FileOutputStream.java:400)
	at java.base/java.lang.Process$PipeOutputStream.write(Process.java:907)
	at java.base/java.io.BufferedOutputStream.flushBuffer(BufferedOutputStream.java:125)
	at java.base/java.io.BufferedOutputStream.implWrite(BufferedOutputStream.java:222)
	at java.base/java.io.BufferedOutputStream.write(BufferedOutputStream.java:200)
	at java.base/java.io.FilterOutputStream.write(FilterOutputStream.java:110)
	at org.eclipse.lsp4j.jsonrpc.json.StreamMessageConsumer.consume(StreamMessageConsumer.java:67)
	... 12 more

!ENTRY org.eclipse.jface.text 4 0 2025-09-16 14:54:47.200
!MESSAGE org.eclipse.lsp4j.jsonrpc.JsonRpcException: java.io.IOException: 파이프가 닫히는 중입니다
!STACK 0
java.util.concurrent.CompletionException: org.eclipse.lsp4j.jsonrpc.JsonRpcException: java.io.IOException: 파이프가 닫히는 중입니다
	at java.base/java.util.concurrent.CompletableFuture.wrapInCompletionException(CompletableFuture.java:323)
	at java.base/java.util.concurrent.CompletableFuture.encodeThrowable(CompletableFuture.java:376)
	at java.base/java.util.concurrent.CompletableFuture.uniApplyNow(CompletableFuture.java:718)
	at java.base/java.util.concurrent.CompletableFuture.uniApplyStage(CompletableFuture.java:706)
	at java.base/java.util.concurrent.CompletableFuture.thenApply(CompletableFuture.java:2244)
	at org.eclipse.lsp4e.operations.codelens.CodeLensProvider.lambda$1(CodeLensProvider.java:41)
	at org.eclipse.lsp4e.LanguageServers.lambda$24(LanguageServers.java:445)
	at org.eclipse.lsp4e.LanguageServerWrapper.lambda$17(LanguageServerWrapper.java:976)
	at java.base/java.util.concurrent.CompletableFuture$UniCompose.tryFire(CompletableFuture.java:1194)
	at java.base/java.util.concurrent.CompletableFuture$Completion.run(CompletableFuture.java:526)
	at java.base/java.util.concurrent.ThreadPoolExecutor.runWorker(ThreadPoolExecutor.java:1144)
	at java.base/java.util.concurrent.ThreadPoolExecutor$Worker.run(ThreadPoolExecutor.java:642)
	at java.base/java.lang.Thread.run(Thread.java:1575)
Caused by: org.eclipse.lsp4j.jsonrpc.JsonRpcException: java.io.IOException: 파이프가 닫히는 중입니다
	at org.eclipse.lsp4j.jsonrpc.json.StreamMessageConsumer.consume(StreamMessageConsumer.java:72)
	at org.eclipse.lsp4e.LanguageServerWrapper.lambda$3(LanguageServerWrapper.java:413)
	at org.eclipse.lsp4j.jsonrpc.RemoteEndpoint.request(RemoteEndpoint.java:171)
	at org.eclipse.lsp4j.jsonrpc.services.EndpointProxy.invoke(EndpointProxy.java:91)
	at jdk.proxy15/jdk.proxy15.$Proxy38.codeLens(Unknown Source)
	at org.eclipse.lsp4e.operations.codelens.CodeLensProvider.lambda$1(CodeLensProvider.java:40)
	... 7 more
Caused by: java.io.IOException: 파이프가 닫히는 중입니다
	at java.base/java.io.FileOutputStream.writeBytes(Native Method)
	at java.base/java.io.FileOutputStream.write(FileOutputStream.java:400)
	at java.base/java.lang.Process$PipeOutputStream.write(Process.java:907)
	at java.base/java.io.BufferedOutputStream.flushBuffer(BufferedOutputStream.java:125)
	at java.base/java.io.BufferedOutputStream.implWrite(BufferedOutputStream.java:222)
	at java.base/java.io.BufferedOutputStream.write(BufferedOutputStream.java:200)
	at java.base/java.io.FilterOutputStream.write(FilterOutputStream.java:110)
	at org.eclipse.lsp4j.jsonrpc.json.StreamMessageConsumer.consume(StreamMessageConsumer.java:67)
	... 12 more

!ENTRY org.eclipse.lsp4e 4 0 2025-09-16 14:54:47.201
!MESSAGE java.io.IOException: 파이프가 닫히는 중입니다
!STACK 0
org.eclipse.lsp4j.jsonrpc.JsonRpcException: java.io.IOException: 파이프가 닫히는 중입니다
	at org.eclipse.lsp4j.jsonrpc.json.StreamMessageConsumer.consume(StreamMessageConsumer.java:72)
	at org.eclipse.lsp4e.LanguageServerWrapper.lambda$3(LanguageServerWrapper.java:413)
	at org.eclipse.lsp4j.jsonrpc.RemoteEndpoint.request(RemoteEndpoint.java:171)
	at org.eclipse.lsp4j.jsonrpc.services.EndpointProxy.invoke(EndpointProxy.java:91)
	at jdk.proxy15/jdk.proxy15.$Proxy38.inlayHint(Unknown Source)
	at org.eclipse.lsp4e.operations.inlayhint.InlayHintProvider.lambda$1(InlayHintProvider.java:55)
	at org.eclipse.lsp4e.LanguageServers.lambda$24(LanguageServers.java:445)
	at org.eclipse.lsp4e.LanguageServerWrapper.lambda$17(LanguageServerWrapper.java:976)
	at java.base/java.util.concurrent.CompletableFuture$UniCompose.tryFire(CompletableFuture.java:1194)
	at java.base/java.util.concurrent.CompletableFuture$Completion.run(CompletableFuture.java:526)
	at java.base/java.util.concurrent.ThreadPoolExecutor.runWorker(ThreadPoolExecutor.java:1144)
	at java.base/java.util.concurrent.ThreadPoolExecutor$Worker.run(ThreadPoolExecutor.java:642)
	at java.base/java.lang.Thread.run(Thread.java:1575)
Caused by: java.io.IOException: 파이프가 닫히는 중입니다
	at java.base/java.io.FileOutputStream.writeBytes(Native Method)
	at java.base/java.io.FileOutputStream.write(FileOutputStream.java:400)
	at java.base/java.lang.Process$PipeOutputStream.write(Process.java:907)
	at java.base/java.io.BufferedOutputStream.flushBuffer(BufferedOutputStream.java:125)
	at java.base/java.io.BufferedOutputStream.implWrite(BufferedOutputStream.java:222)
	at java.base/java.io.BufferedOutputStream.write(BufferedOutputStream.java:200)
	at java.base/java.io.FilterOutputStream.write(FilterOutputStream.java:110)
	at org.eclipse.lsp4j.jsonrpc.json.StreamMessageConsumer.consume(StreamMessageConsumer.java:67)
	... 12 more

!ENTRY org.eclipse.jface.text 4 0 2025-09-16 14:54:47.201
!MESSAGE org.eclipse.lsp4j.jsonrpc.JsonRpcException: java.io.IOException: 파이프가 닫히는 중입니다
!STACK 0
java.util.concurrent.CompletionException: org.eclipse.lsp4j.jsonrpc.JsonRpcException: java.io.IOException: 파이프가 닫히는 중입니다
	at java.base/java.util.concurrent.CompletableFuture.wrapInCompletionException(CompletableFuture.java:323)
	at java.base/java.util.concurrent.CompletableFuture.encodeThrowable(CompletableFuture.java:376)
	at java.base/java.util.concurrent.CompletableFuture.uniApplyNow(CompletableFuture.java:718)
	at java.base/java.util.concurrent.CompletableFuture.uniApplyStage(CompletableFuture.java:706)
	at java.base/java.util.concurrent.CompletableFuture.thenApply(CompletableFuture.java:2244)
	at org.eclipse.lsp4e.operations.codelens.CodeLensProvider.lambda$1(CodeLensProvider.java:41)
	at org.eclipse.lsp4e.LanguageServers.lambda$24(LanguageServers.java:445)
	at org.eclipse.lsp4e.LanguageServerWrapper.lambda$17(LanguageServerWrapper.java:976)
	at java.base/java.util.concurrent.CompletableFuture$UniCompose.tryFire(CompletableFuture.java:1194)
	at java.base/java.util.concurrent.CompletableFuture$Completion.run(CompletableFuture.java:526)
	at java.base/java.util.concurrent.ThreadPoolExecutor.runWorker(ThreadPoolExecutor.java:1144)
	at java.base/java.util.concurrent.ThreadPoolExecutor$Worker.run(ThreadPoolExecutor.java:642)
	at java.base/java.lang.Thread.run(Thread.java:1575)
Caused by: org.eclipse.lsp4j.jsonrpc.JsonRpcException: java.io.IOException: 파이프가 닫히는 중입니다
	at org.eclipse.lsp4j.jsonrpc.json.StreamMessageConsumer.consume(StreamMessageConsumer.java:72)
	at org.eclipse.lsp4e.LanguageServerWrapper.lambda$3(LanguageServerWrapper.java:413)
	at org.eclipse.lsp4j.jsonrpc.RemoteEndpoint.request(RemoteEndpoint.java:171)
	at org.eclipse.lsp4j.jsonrpc.services.EndpointProxy.invoke(EndpointProxy.java:91)
	at jdk.proxy15/jdk.proxy15.$Proxy38.codeLens(Unknown Source)
	at org.eclipse.lsp4e.operations.codelens.CodeLensProvider.lambda$1(CodeLensProvider.java:40)
	... 7 more
Caused by: java.io.IOException: 파이프가 닫히는 중입니다
	at java.base/java.io.FileOutputStream.writeBytes(Native Method)
	at java.base/java.io.FileOutputStream.write(FileOutputStream.java:400)
	at java.base/java.lang.Process$PipeOutputStream.write(Process.java:907)
	at java.base/java.io.BufferedOutputStream.flushBuffer(BufferedOutputStream.java:125)
	at java.base/java.io.BufferedOutputStream.implWrite(BufferedOutputStream.java:222)
	at java.base/java.io.BufferedOutputStream.write(BufferedOutputStream.java:200)
	at java.base/java.io.FilterOutputStream.write(FilterOutputStream.java:110)
	at org.eclipse.lsp4j.jsonrpc.json.StreamMessageConsumer.consume(StreamMessageConsumer.java:67)
	... 12 more

!ENTRY org.eclipse.lsp4e 4 0 2025-09-16 14:54:47.201
!MESSAGE java.io.IOException: 파이프가 닫히는 중입니다
!STACK 0
org.eclipse.lsp4j.jsonrpc.JsonRpcException: java.io.IOException: 파이프가 닫히는 중입니다
	at org.eclipse.lsp4j.jsonrpc.json.StreamMessageConsumer.consume(StreamMessageConsumer.java:72)
	at org.eclipse.lsp4e.LanguageServerWrapper.lambda$3(LanguageServerWrapper.java:413)
	at org.eclipse.lsp4j.jsonrpc.RemoteEndpoint.request(RemoteEndpoint.java:171)
	at org.eclipse.lsp4j.jsonrpc.services.EndpointProxy.invoke(EndpointProxy.java:91)
	at jdk.proxy15/jdk.proxy15.$Proxy38.inlayHint(Unknown Source)
	at org.eclipse.lsp4e.operations.inlayhint.InlayHintProvider.lambda$1(InlayHintProvider.java:55)
	at org.eclipse.lsp4e.LanguageServers.lambda$24(LanguageServers.java:445)
	at org.eclipse.lsp4e.LanguageServerWrapper.lambda$17(LanguageServerWrapper.java:976)
	at java.base/java.util.concurrent.CompletableFuture$UniCompose.tryFire(CompletableFuture.java:1194)
	at java.base/java.util.concurrent.CompletableFuture$Completion.run(CompletableFuture.java:526)
	at java.base/java.util.concurrent.ThreadPoolExecutor.runWorker(ThreadPoolExecutor.java:1144)
	at java.base/java.util.concurrent.ThreadPoolExecutor$Worker.run(ThreadPoolExecutor.java:642)
	at java.base/java.lang.Thread.run(Thread.java:1575)
Caused by: java.io.IOException: 파이프가 닫히는 중입니다
	at java.base/java.io.FileOutputStream.writeBytes(Native Method)
	at java.base/java.io.FileOutputStream.write(FileOutputStream.java:400)
	at java.base/java.lang.Process$PipeOutputStream.write(Process.java:907)
	at java.base/java.io.BufferedOutputStream.flushBuffer(BufferedOutputStream.java:125)
	at java.base/java.io.BufferedOutputStream.implWrite(BufferedOutputStream.java:222)
	at java.base/java.io.BufferedOutputStream.write(BufferedOutputStream.java:200)
	at java.base/java.io.FilterOutputStream.write(FilterOutputStream.java:110)
	at org.eclipse.lsp4j.jsonrpc.json.StreamMessageConsumer.consume(StreamMessageConsumer.java:67)
	... 12 more

!ENTRY org.eclipse.jface.text 4 0 2025-09-16 14:54:47.202
!MESSAGE org.eclipse.lsp4j.jsonrpc.JsonRpcException: java.io.IOException: 파이프가 닫히는 중입니다
!STACK 0
java.util.concurrent.CompletionException: org.eclipse.lsp4j.jsonrpc.JsonRpcException: java.io.IOException: 파이프가 닫히는 중입니다
	at java.base/java.util.concurrent.CompletableFuture.wrapInCompletionException(CompletableFuture.java:323)
	at java.base/java.util.concurrent.CompletableFuture.encodeThrowable(CompletableFuture.java:376)
	at java.base/java.util.concurrent.CompletableFuture.uniApplyNow(CompletableFuture.java:718)
	at java.base/java.util.concurrent.CompletableFuture.uniApplyStage(CompletableFuture.java:706)
	at java.base/java.util.concurrent.CompletableFuture.thenApply(CompletableFuture.java:2244)
	at org.eclipse.lsp4e.operations.codelens.CodeLensProvider.lambda$1(CodeLensProvider.java:41)
	at org.eclipse.lsp4e.LanguageServers.lambda$24(LanguageServers.java:445)
	at org.eclipse.lsp4e.LanguageServerWrapper.lambda$17(LanguageServerWrapper.java:976)
	at java.base/java.util.concurrent.CompletableFuture$UniCompose.tryFire(CompletableFuture.java:1194)
	at java.base/java.util.concurrent.CompletableFuture$Completion.run(CompletableFuture.java:526)
	at java.base/java.util.concurrent.ThreadPoolExecutor.runWorker(ThreadPoolExecutor.java:1144)
	at java.base/java.util.concurrent.ThreadPoolExecutor$Worker.run(ThreadPoolExecutor.java:642)
	at java.base/java.lang.Thread.run(Thread.java:1575)
Caused by: org.eclipse.lsp4j.jsonrpc.JsonRpcException: java.io.IOException: 파이프가 닫히는 중입니다
	at org.eclipse.lsp4j.jsonrpc.json.StreamMessageConsumer.consume(StreamMessageConsumer.java:72)
	at org.eclipse.lsp4e.LanguageServerWrapper.lambda$3(LanguageServerWrapper.java:413)
	at org.eclipse.lsp4j.jsonrpc.RemoteEndpoint.request(RemoteEndpoint.java:171)
	at org.eclipse.lsp4j.jsonrpc.services.EndpointProxy.invoke(EndpointProxy.java:91)
	at jdk.proxy15/jdk.proxy15.$Proxy38.codeLens(Unknown Source)
	at org.eclipse.lsp4e.operations.codelens.CodeLensProvider.lambda$1(CodeLensProvider.java:40)
	... 7 more
Caused by: java.io.IOException: 파이프가 닫히는 중입니다
	at java.base/java.io.FileOutputStream.writeBytes(Native Method)
	at java.base/java.io.FileOutputStream.write(FileOutputStream.java:400)
	at java.base/java.lang.Process$PipeOutputStream.write(Process.java:907)
	at java.base/java.io.BufferedOutputStream.flushBuffer(BufferedOutputStream.java:125)
	at java.base/java.io.BufferedOutputStream.implWrite(BufferedOutputStream.java:222)
	at java.base/java.io.BufferedOutputStream.write(BufferedOutputStream.java:200)
	at java.base/java.io.FilterOutputStream.write(FilterOutputStream.java:110)
	at org.eclipse.lsp4j.jsonrpc.json.StreamMessageConsumer.consume(StreamMessageConsumer.java:67)
	... 12 more

!ENTRY org.eclipse.lsp4e 4 0 2025-09-16 14:54:47.202
!MESSAGE java.io.IOException: 파이프가 닫히는 중입니다
!STACK 0
org.eclipse.lsp4j.jsonrpc.JsonRpcException: java.io.IOException: 파이프가 닫히는 중입니다
	at org.eclipse.lsp4j.jsonrpc.json.StreamMessageConsumer.consume(StreamMessageConsumer.java:72)
	at org.eclipse.lsp4e.LanguageServerWrapper.lambda$3(LanguageServerWrapper.java:413)
	at org.eclipse.lsp4j.jsonrpc.RemoteEndpoint.request(RemoteEndpoint.java:171)
	at org.eclipse.lsp4j.jsonrpc.services.EndpointProxy.invoke(EndpointProxy.java:91)
	at jdk.proxy15/jdk.proxy15.$Proxy38.inlayHint(Unknown Source)
	at org.eclipse.lsp4e.operations.inlayhint.InlayHintProvider.lambda$1(InlayHintProvider.java:55)
	at org.eclipse.lsp4e.LanguageServers.lambda$24(LanguageServers.java:445)
	at org.eclipse.lsp4e.LanguageServerWrapper.lambda$17(LanguageServerWrapper.java:976)
	at java.base/java.util.concurrent.CompletableFuture$UniCompose.tryFire(CompletableFuture.java:1194)
	at java.base/java.util.concurrent.CompletableFuture$Completion.run(CompletableFuture.java:526)
	at java.base/java.util.concurrent.ThreadPoolExecutor.runWorker(ThreadPoolExecutor.java:1144)
	at java.base/java.util.concurrent.ThreadPoolExecutor$Worker.run(ThreadPoolExecutor.java:642)
	at java.base/java.lang.Thread.run(Thread.java:1575)
Caused by: java.io.IOException: 파이프가 닫히는 중입니다
	at java.base/java.io.FileOutputStream.writeBytes(Native Method)
	at java.base/java.io.FileOutputStream.write(FileOutputStream.java:400)
	at java.base/java.lang.Process$PipeOutputStream.write(Process.java:907)
	at java.base/java.io.BufferedOutputStream.flushBuffer(BufferedOutputStream.java:125)
	at java.base/java.io.BufferedOutputStream.implWrite(BufferedOutputStream.java:222)
	at java.base/java.io.BufferedOutputStream.write(BufferedOutputStream.java:200)
	at java.base/java.io.FilterOutputStream.write(FilterOutputStream.java:110)
	at org.eclipse.lsp4j.jsonrpc.json.StreamMessageConsumer.consume(StreamMessageConsumer.java:67)
	... 12 more

!ENTRY org.eclipse.jface.text 4 0 2025-09-16 14:54:47.202
!MESSAGE org.eclipse.lsp4j.jsonrpc.JsonRpcException: java.io.IOException: 파이프가 닫히는 중입니다
!STACK 0
java.util.concurrent.CompletionException: org.eclipse.lsp4j.jsonrpc.JsonRpcException: java.io.IOException: 파이프가 닫히는 중입니다
	at java.base/java.util.concurrent.CompletableFuture.wrapInCompletionException(CompletableFuture.java:323)
	at java.base/java.util.concurrent.CompletableFuture.encodeThrowable(CompletableFuture.java:376)
	at java.base/java.util.concurrent.CompletableFuture.uniApplyNow(CompletableFuture.java:718)
	at java.base/java.util.concurrent.CompletableFuture.uniApplyStage(CompletableFuture.java:706)
	at java.base/java.util.concurrent.CompletableFuture.thenApply(CompletableFuture.java:2244)
	at org.eclipse.lsp4e.operations.codelens.CodeLensProvider.lambda$1(CodeLensProvider.java:41)
	at org.eclipse.lsp4e.LanguageServers.lambda$24(LanguageServers.java:445)
	at org.eclipse.lsp4e.LanguageServerWrapper.lambda$17(LanguageServerWrapper.java:976)
	at java.base/java.util.concurrent.CompletableFuture$UniCompose.tryFire(CompletableFuture.java:1194)
	at java.base/java.util.concurrent.CompletableFuture$Completion.run(CompletableFuture.java:526)
	at java.base/java.util.concurrent.ThreadPoolExecutor.runWorker(ThreadPoolExecutor.java:1144)
	at java.base/java.util.concurrent.ThreadPoolExecutor$Worker.run(ThreadPoolExecutor.java:642)
	at java.base/java.lang.Thread.run(Thread.java:1575)
Caused by: org.eclipse.lsp4j.jsonrpc.JsonRpcException: java.io.IOException: 파이프가 닫히는 중입니다
	at org.eclipse.lsp4j.jsonrpc.json.StreamMessageConsumer.consume(StreamMessageConsumer.java:72)
	at org.eclipse.lsp4e.LanguageServerWrapper.lambda$3(LanguageServerWrapper.java:413)
	at org.eclipse.lsp4j.jsonrpc.RemoteEndpoint.request(RemoteEndpoint.java:171)
	at org.eclipse.lsp4j.jsonrpc.services.EndpointProxy.invoke(EndpointProxy.java:91)
	at jdk.proxy15/jdk.proxy15.$Proxy38.codeLens(Unknown Source)
	at org.eclipse.lsp4e.operations.codelens.CodeLensProvider.lambda$1(CodeLensProvider.java:40)
	... 7 more
Caused by: java.io.IOException: 파이프가 닫히는 중입니다
	at java.base/java.io.FileOutputStream.writeBytes(Native Method)
	at java.base/java.io.FileOutputStream.write(FileOutputStream.java:400)
	at java.base/java.lang.Process$PipeOutputStream.write(Process.java:907)
	at java.base/java.io.BufferedOutputStream.flushBuffer(BufferedOutputStream.java:125)
	at java.base/java.io.BufferedOutputStream.implWrite(BufferedOutputStream.java:222)
	at java.base/java.io.BufferedOutputStream.write(BufferedOutputStream.java:200)
	at java.base/java.io.FilterOutputStream.write(FilterOutputStream.java:110)
	at org.eclipse.lsp4j.jsonrpc.json.StreamMessageConsumer.consume(StreamMessageConsumer.java:67)
	... 12 more

!ENTRY org.eclipse.lsp4e 4 0 2025-09-16 14:54:47.202
!MESSAGE java.io.IOException: 파이프가 닫히는 중입니다
!STACK 0
org.eclipse.lsp4j.jsonrpc.JsonRpcException: java.io.IOException: 파이프가 닫히는 중입니다
	at org.eclipse.lsp4j.jsonrpc.json.StreamMessageConsumer.consume(StreamMessageConsumer.java:72)
	at org.eclipse.lsp4e.LanguageServerWrapper.lambda$3(LanguageServerWrapper.java:413)
	at org.eclipse.lsp4j.jsonrpc.RemoteEndpoint.request(RemoteEndpoint.java:171)
	at org.eclipse.lsp4j.jsonrpc.services.EndpointProxy.invoke(EndpointProxy.java:91)
	at jdk.proxy15/jdk.proxy15.$Proxy38.inlayHint(Unknown Source)
	at org.eclipse.lsp4e.operations.inlayhint.InlayHintProvider.lambda$1(InlayHintProvider.java:55)
	at org.eclipse.lsp4e.LanguageServers.lambda$24(LanguageServers.java:445)
	at org.eclipse.lsp4e.LanguageServerWrapper.lambda$17(LanguageServerWrapper.java:976)
	at java.base/java.util.concurrent.CompletableFuture$UniCompose.tryFire(CompletableFuture.java:1194)
	at java.base/java.util.concurrent.CompletableFuture$Completion.run(CompletableFuture.java:526)
	at java.base/java.util.concurrent.ThreadPoolExecutor.runWorker(ThreadPoolExecutor.java:1144)
	at java.base/java.util.concurrent.ThreadPoolExecutor$Worker.run(ThreadPoolExecutor.java:642)
	at java.base/java.lang.Thread.run(Thread.java:1575)
Caused by: java.io.IOException: 파이프가 닫히는 중입니다
	at java.base/java.io.FileOutputStream.writeBytes(Native Method)
	at java.base/java.io.FileOutputStream.write(FileOutputStream.java:400)
	at java.base/java.lang.Process$PipeOutputStream.write(Process.java:907)
	at java.base/java.io.BufferedOutputStream.flushBuffer(BufferedOutputStream.java:125)
	at java.base/java.io.BufferedOutputStream.implWrite(BufferedOutputStream.java:222)
	at java.base/java.io.BufferedOutputStream.write(BufferedOutputStream.java:200)
	at java.base/java.io.FilterOutputStream.write(FilterOutputStream.java:110)
	at org.eclipse.lsp4j.jsonrpc.json.StreamMessageConsumer.consume(StreamMessageConsumer.java:67)
	... 12 more

!ENTRY org.eclipse.jface.text 4 0 2025-09-16 14:54:47.203
!MESSAGE org.eclipse.lsp4j.jsonrpc.JsonRpcException: java.io.IOException: 파이프가 닫히는 중입니다
!STACK 0
java.util.concurrent.CompletionException: org.eclipse.lsp4j.jsonrpc.JsonRpcException: java.io.IOException: 파이프가 닫히는 중입니다
	at java.base/java.util.concurrent.CompletableFuture.wrapInCompletionException(CompletableFuture.java:323)
	at java.base/java.util.concurrent.CompletableFuture.encodeThrowable(CompletableFuture.java:376)
	at java.base/java.util.concurrent.CompletableFuture.uniApplyNow(CompletableFuture.java:718)
	at java.base/java.util.concurrent.CompletableFuture.uniApplyStage(CompletableFuture.java:706)
	at java.base/java.util.concurrent.CompletableFuture.thenApply(CompletableFuture.java:2244)
	at org.eclipse.lsp4e.operations.codelens.CodeLensProvider.lambda$1(CodeLensProvider.java:41)
	at org.eclipse.lsp4e.LanguageServers.lambda$24(LanguageServers.java:445)
	at org.eclipse.lsp4e.LanguageServerWrapper.lambda$17(LanguageServerWrapper.java:976)
	at java.base/java.util.concurrent.CompletableFuture$UniCompose.tryFire(CompletableFuture.java:1194)
	at java.base/java.util.concurrent.CompletableFuture$Completion.run(CompletableFuture.java:526)
	at java.base/java.util.concurrent.ThreadPoolExecutor.runWorker(ThreadPoolExecutor.java:1144)
	at java.base/java.util.concurrent.ThreadPoolExecutor$Worker.run(ThreadPoolExecutor.java:642)
	at java.base/java.lang.Thread.run(Thread.java:1575)
Caused by: org.eclipse.lsp4j.jsonrpc.JsonRpcException: java.io.IOException: 파이프가 닫히는 중입니다
	at org.eclipse.lsp4j.jsonrpc.json.StreamMessageConsumer.consume(StreamMessageConsumer.java:72)
	at org.eclipse.lsp4e.LanguageServerWrapper.lambda$3(LanguageServerWrapper.java:413)
	at org.eclipse.lsp4j.jsonrpc.RemoteEndpoint.request(RemoteEndpoint.java:171)
	at org.eclipse.lsp4j.jsonrpc.services.EndpointProxy.invoke(EndpointProxy.java:91)
	at jdk.proxy15/jdk.proxy15.$Proxy38.codeLens(Unknown Source)
	at org.eclipse.lsp4e.operations.codelens.CodeLensProvider.lambda$1(CodeLensProvider.java:40)
	... 7 more
Caused by: java.io.IOException: 파이프가 닫히는 중입니다
	at java.base/java.io.FileOutputStream.writeBytes(Native Method)
	at java.base/java.io.FileOutputStream.write(FileOutputStream.java:400)
	at java.base/java.lang.Process$PipeOutputStream.write(Process.java:907)
	at java.base/java.io.BufferedOutputStream.flushBuffer(BufferedOutputStream.java:125)
	at java.base/java.io.BufferedOutputStream.implWrite(BufferedOutputStream.java:222)
	at java.base/java.io.BufferedOutputStream.write(BufferedOutputStream.java:200)
	at java.base/java.io.FilterOutputStream.write(FilterOutputStream.java:110)
	at org.eclipse.lsp4j.jsonrpc.json.StreamMessageConsumer.consume(StreamMessageConsumer.java:67)
	... 12 more

!ENTRY org.eclipse.lsp4e 4 0 2025-09-16 14:54:47.203
!MESSAGE java.io.IOException: 파이프가 닫히는 중입니다
!STACK 0
org.eclipse.lsp4j.jsonrpc.JsonRpcException: java.io.IOException: 파이프가 닫히는 중입니다
	at org.eclipse.lsp4j.jsonrpc.json.StreamMessageConsumer.consume(StreamMessageConsumer.java:72)
	at org.eclipse.lsp4e.LanguageServerWrapper.lambda$3(LanguageServerWrapper.java:413)
	at org.eclipse.lsp4j.jsonrpc.RemoteEndpoint.request(RemoteEndpoint.java:171)
	at org.eclipse.lsp4j.jsonrpc.services.EndpointProxy.invoke(EndpointProxy.java:91)
	at jdk.proxy15/jdk.proxy15.$Proxy38.inlayHint(Unknown Source)
	at org.eclipse.lsp4e.operations.inlayhint.InlayHintProvider.lambda$1(InlayHintProvider.java:55)
	at org.eclipse.lsp4e.LanguageServers.lambda$24(LanguageServers.java:445)
	at org.eclipse.lsp4e.LanguageServerWrapper.lambda$17(LanguageServerWrapper.java:976)
	at java.base/java.util.concurrent.CompletableFuture$UniCompose.tryFire(CompletableFuture.java:1194)
	at java.base/java.util.concurrent.CompletableFuture$Completion.run(CompletableFuture.java:526)
	at java.base/java.util.concurrent.ThreadPoolExecutor.runWorker(ThreadPoolExecutor.java:1144)
	at java.base/java.util.concurrent.ThreadPoolExecutor$Worker.run(ThreadPoolExecutor.java:642)
	at java.base/java.lang.Thread.run(Thread.java:1575)
Caused by: java.io.IOException: 파이프가 닫히는 중입니다
	at java.base/java.io.FileOutputStream.writeBytes(Native Method)
	at java.base/java.io.FileOutputStream.write(FileOutputStream.java:400)
	at java.base/java.lang.Process$PipeOutputStream.write(Process.java:907)
	at java.base/java.io.BufferedOutputStream.flushBuffer(BufferedOutputStream.java:125)
	at java.base/java.io.BufferedOutputStream.implWrite(BufferedOutputStream.java:222)
	at java.base/java.io.BufferedOutputStream.write(BufferedOutputStream.java:200)
	at java.base/java.io.FilterOutputStream.write(FilterOutputStream.java:110)
	at org.eclipse.lsp4j.jsonrpc.json.StreamMessageConsumer.consume(StreamMessageConsumer.java:67)
	... 12 more

!ENTRY org.eclipse.jface.text 4 0 2025-09-16 14:54:47.204
!MESSAGE org.eclipse.lsp4j.jsonrpc.JsonRpcException: java.io.IOException: 파이프가 닫히는 중입니다
!STACK 0
java.util.concurrent.CompletionException: org.eclipse.lsp4j.jsonrpc.JsonRpcException: java.io.IOException: 파이프가 닫히는 중입니다
	at java.base/java.util.concurrent.CompletableFuture.wrapInCompletionException(CompletableFuture.java:323)
	at java.base/java.util.concurrent.CompletableFuture.encodeThrowable(CompletableFuture.java:376)
	at java.base/java.util.concurrent.CompletableFuture.uniApplyNow(CompletableFuture.java:718)
	at java.base/java.util.concurrent.CompletableFuture.uniApplyStage(CompletableFuture.java:706)
	at java.base/java.util.concurrent.CompletableFuture.thenApply(CompletableFuture.java:2244)
	at org.eclipse.lsp4e.operations.codelens.CodeLensProvider.lambda$1(CodeLensProvider.java:41)
	at org.eclipse.lsp4e.LanguageServers.lambda$24(LanguageServers.java:445)
	at org.eclipse.lsp4e.LanguageServerWrapper.lambda$17(LanguageServerWrapper.java:976)
	at java.base/java.util.concurrent.CompletableFuture$UniCompose.tryFire(CompletableFuture.java:1194)
	at java.base/java.util.concurrent.CompletableFuture$Completion.run(CompletableFuture.java:526)
	at java.base/java.util.concurrent.ThreadPoolExecutor.runWorker(ThreadPoolExecutor.java:1144)
	at java.base/java.util.concurrent.ThreadPoolExecutor$Worker.run(ThreadPoolExecutor.java:642)
	at java.base/java.lang.Thread.run(Thread.java:1575)
Caused by: org.eclipse.lsp4j.jsonrpc.JsonRpcException: java.io.IOException: 파이프가 닫히는 중입니다
	at org.eclipse.lsp4j.jsonrpc.json.StreamMessageConsumer.consume(StreamMessageConsumer.java:72)
	at org.eclipse.lsp4e.LanguageServerWrapper.lambda$3(LanguageServerWrapper.java:413)
	at org.eclipse.lsp4j.jsonrpc.RemoteEndpoint.request(RemoteEndpoint.java:171)
	at org.eclipse.lsp4j.jsonrpc.services.EndpointProxy.invoke(EndpointProxy.java:91)
	at jdk.proxy15/jdk.proxy15.$Proxy38.codeLens(Unknown Source)
	at org.eclipse.lsp4e.operations.codelens.CodeLensProvider.lambda$1(CodeLensProvider.java:40)
	... 7 more
Caused by: java.io.IOException: 파이프가 닫히는 중입니다
	at java.base/java.io.FileOutputStream.writeBytes(Native Method)
	at java.base/java.io.FileOutputStream.write(FileOutputStream.java:400)
	at java.base/java.lang.Process$PipeOutputStream.write(Process.java:907)
	at java.base/java.io.BufferedOutputStream.flushBuffer(BufferedOutputStream.java:125)
	at java.base/java.io.BufferedOutputStream.implWrite(BufferedOutputStream.java:222)
	at java.base/java.io.BufferedOutputStream.write(BufferedOutputStream.java:200)
	at java.base/java.io.FilterOutputStream.write(FilterOutputStream.java:110)
	at org.eclipse.lsp4j.jsonrpc.json.StreamMessageConsumer.consume(StreamMessageConsumer.java:67)
	... 12 more

!ENTRY org.eclipse.lsp4e 4 0 2025-09-16 14:54:47.204
!MESSAGE java.io.IOException: 파이프가 닫히는 중입니다
!STACK 0
org.eclipse.lsp4j.jsonrpc.JsonRpcException: java.io.IOException: 파이프가 닫히는 중입니다
	at org.eclipse.lsp4j.jsonrpc.json.StreamMessageConsumer.consume(StreamMessageConsumer.java:72)
	at org.eclipse.lsp4e.LanguageServerWrapper.lambda$3(LanguageServerWrapper.java:413)
	at org.eclipse.lsp4j.jsonrpc.RemoteEndpoint.request(RemoteEndpoint.java:171)
	at org.eclipse.lsp4j.jsonrpc.services.EndpointProxy.invoke(EndpointProxy.java:91)
	at jdk.proxy15/jdk.proxy15.$Proxy38.inlayHint(Unknown Source)
	at org.eclipse.lsp4e.operations.inlayhint.InlayHintProvider.lambda$1(InlayHintProvider.java:55)
	at org.eclipse.lsp4e.LanguageServers.lambda$24(LanguageServers.java:445)
	at org.eclipse.lsp4e.LanguageServerWrapper.lambda$17(LanguageServerWrapper.java:976)
	at java.base/java.util.concurrent.CompletableFuture$UniCompose.tryFire(CompletableFuture.java:1194)
	at java.base/java.util.concurrent.CompletableFuture$Completion.run(CompletableFuture.java:526)
	at java.base/java.util.concurrent.ThreadPoolExecutor.runWorker(ThreadPoolExecutor.java:1144)
	at java.base/java.util.concurrent.ThreadPoolExecutor$Worker.run(ThreadPoolExecutor.java:642)
	at java.base/java.lang.Thread.run(Thread.java:1575)
Caused by: java.io.IOException: 파이프가 닫히는 중입니다
	at java.base/java.io.FileOutputStream.writeBytes(Native Method)
	at java.base/java.io.FileOutputStream.write(FileOutputStream.java:400)
	at java.base/java.lang.Process$PipeOutputStream.write(Process.java:907)
	at java.base/java.io.BufferedOutputStream.flushBuffer(BufferedOutputStream.java:125)
	at java.base/java.io.BufferedOutputStream.implWrite(BufferedOutputStream.java:222)
	at java.base/java.io.BufferedOutputStream.write(BufferedOutputStream.java:200)
	at java.base/java.io.FilterOutputStream.write(FilterOutputStream.java:110)
	at org.eclipse.lsp4j.jsonrpc.json.StreamMessageConsumer.consume(StreamMessageConsumer.java:67)
	... 12 more

!ENTRY org.eclipse.jface.text 4 0 2025-09-16 14:54:47.204
!MESSAGE org.eclipse.lsp4j.jsonrpc.JsonRpcException: java.io.IOException: 파이프가 닫히는 중입니다
!STACK 0
java.util.concurrent.CompletionException: org.eclipse.lsp4j.jsonrpc.JsonRpcException: java.io.IOException: 파이프가 닫히는 중입니다
	at java.base/java.util.concurrent.CompletableFuture.wrapInCompletionException(CompletableFuture.java:323)
	at java.base/java.util.concurrent.CompletableFuture.encodeThrowable(CompletableFuture.java:376)
	at java.base/java.util.concurrent.CompletableFuture.uniApplyNow(CompletableFuture.java:718)
	at java.base/java.util.concurrent.CompletableFuture.uniApplyStage(CompletableFuture.java:706)
	at java.base/java.util.concurrent.CompletableFuture.thenApply(CompletableFuture.java:2244)
	at org.eclipse.lsp4e.operations.codelens.CodeLensProvider.lambda$1(CodeLensProvider.java:41)
	at org.eclipse.lsp4e.LanguageServers.lambda$24(LanguageServers.java:445)
	at org.eclipse.lsp4e.LanguageServerWrapper.lambda$17(LanguageServerWrapper.java:976)
	at java.base/java.util.concurrent.CompletableFuture$UniCompose.tryFire(CompletableFuture.java:1194)
	at java.base/java.util.concurrent.CompletableFuture$Completion.run(CompletableFuture.java:526)
	at java.base/java.util.concurrent.ThreadPoolExecutor.runWorker(ThreadPoolExecutor.java:1144)
	at java.base/java.util.concurrent.ThreadPoolExecutor$Worker.run(ThreadPoolExecutor.java:642)
	at java.base/java.lang.Thread.run(Thread.java:1575)
Caused by: org.eclipse.lsp4j.jsonrpc.JsonRpcException: java.io.IOException: 파이프가 닫히는 중입니다
	at org.eclipse.lsp4j.jsonrpc.json.StreamMessageConsumer.consume(StreamMessageConsumer.java:72)
	at org.eclipse.lsp4e.LanguageServerWrapper.lambda$3(LanguageServerWrapper.java:413)
	at org.eclipse.lsp4j.jsonrpc.RemoteEndpoint.request(RemoteEndpoint.java:171)
	at org.eclipse.lsp4j.jsonrpc.services.EndpointProxy.invoke(EndpointProxy.java:91)
	at jdk.proxy15/jdk.proxy15.$Proxy38.codeLens(Unknown Source)
	at org.eclipse.lsp4e.operations.codelens.CodeLensProvider.lambda$1(CodeLensProvider.java:40)
	... 7 more
Caused by: java.io.IOException: 파이프가 닫히는 중입니다
	at java.base/java.io.FileOutputStream.writeBytes(Native Method)
	at java.base/java.io.FileOutputStream.write(FileOutputStream.java:400)
	at java.base/java.lang.Process$PipeOutputStream.write(Process.java:907)
	at java.base/java.io.BufferedOutputStream.flushBuffer(BufferedOutputStream.java:125)
	at java.base/java.io.BufferedOutputStream.implWrite(BufferedOutputStream.java:222)
	at java.base/java.io.BufferedOutputStream.write(BufferedOutputStream.java:200)
	at java.base/java.io.FilterOutputStream.write(FilterOutputStream.java:110)
	at org.eclipse.lsp4j.jsonrpc.json.StreamMessageConsumer.consume(StreamMessageConsumer.java:67)
	... 12 more

!ENTRY org.eclipse.lsp4e 4 0 2025-09-16 14:54:47.205
!MESSAGE java.io.IOException: 파이프가 닫히는 중입니다
!STACK 0
org.eclipse.lsp4j.jsonrpc.JsonRpcException: java.io.IOException: 파이프가 닫히는 중입니다
	at org.eclipse.lsp4j.jsonrpc.json.StreamMessageConsumer.consume(StreamMessageConsumer.java:72)
	at org.eclipse.lsp4e.LanguageServerWrapper.lambda$3(LanguageServerWrapper.java:413)
	at org.eclipse.lsp4j.jsonrpc.RemoteEndpoint.request(RemoteEndpoint.java:171)
	at org.eclipse.lsp4j.jsonrpc.services.EndpointProxy.invoke(EndpointProxy.java:91)
	at jdk.proxy15/jdk.proxy15.$Proxy38.inlayHint(Unknown Source)
	at org.eclipse.lsp4e.operations.inlayhint.InlayHintProvider.lambda$1(InlayHintProvider.java:55)
	at org.eclipse.lsp4e.LanguageServers.lambda$24(LanguageServers.java:445)
	at org.eclipse.lsp4e.LanguageServerWrapper.lambda$17(LanguageServerWrapper.java:976)
	at java.base/java.util.concurrent.CompletableFuture$UniCompose.tryFire(CompletableFuture.java:1194)
	at java.base/java.util.concurrent.CompletableFuture$Completion.run(CompletableFuture.java:526)
	at java.base/java.util.concurrent.ThreadPoolExecutor.runWorker(ThreadPoolExecutor.java:1144)
	at java.base/java.util.concurrent.ThreadPoolExecutor$Worker.run(ThreadPoolExecutor.java:642)
	at java.base/java.lang.Thread.run(Thread.java:1575)
Caused by: java.io.IOException: 파이프가 닫히는 중입니다
	at java.base/java.io.FileOutputStream.writeBytes(Native Method)
	at java.base/java.io.FileOutputStream.write(FileOutputStream.java:400)
	at java.base/java.lang.Process$PipeOutputStream.write(Process.java:907)
	at java.base/java.io.BufferedOutputStream.flushBuffer(BufferedOutputStream.java:125)
	at java.base/java.io.BufferedOutputStream.implWrite(BufferedOutputStream.java:222)
	at java.base/java.io.BufferedOutputStream.write(BufferedOutputStream.java:200)
	at java.base/java.io.FilterOutputStream.write(FilterOutputStream.java:110)
	at org.eclipse.lsp4j.jsonrpc.json.StreamMessageConsumer.consume(StreamMessageConsumer.java:67)
	... 12 more

!ENTRY org.eclipse.jface.text 4 0 2025-09-16 14:54:47.205
!MESSAGE org.eclipse.lsp4j.jsonrpc.JsonRpcException: java.io.IOException: 파이프가 닫히는 중입니다
!STACK 0
java.util.concurrent.CompletionException: org.eclipse.lsp4j.jsonrpc.JsonRpcException: java.io.IOException: 파이프가 닫히는 중입니다
	at java.base/java.util.concurrent.CompletableFuture.wrapInCompletionException(CompletableFuture.java:323)
	at java.base/java.util.concurrent.CompletableFuture.encodeThrowable(CompletableFuture.java:376)
	at java.base/java.util.concurrent.CompletableFuture.uniApplyNow(CompletableFuture.java:718)
	at java.base/java.util.concurrent.CompletableFuture.uniApplyStage(CompletableFuture.java:706)
	at java.base/java.util.concurrent.CompletableFuture.thenApply(CompletableFuture.java:2244)
	at org.eclipse.lsp4e.operations.codelens.CodeLensProvider.lambda$1(CodeLensProvider.java:41)
	at org.eclipse.lsp4e.LanguageServers.lambda$24(LanguageServers.java:445)
	at org.eclipse.lsp4e.LanguageServerWrapper.lambda$17(LanguageServerWrapper.java:976)
	at java.base/java.util.concurrent.CompletableFuture$UniCompose.tryFire(CompletableFuture.java:1194)
	at java.base/java.util.concurrent.CompletableFuture$Completion.run(CompletableFuture.java:526)
	at java.base/java.util.concurrent.ThreadPoolExecutor.runWorker(ThreadPoolExecutor.java:1144)
	at java.base/java.util.concurrent.ThreadPoolExecutor$Worker.run(ThreadPoolExecutor.java:642)
	at java.base/java.lang.Thread.run(Thread.java:1575)
Caused by: org.eclipse.lsp4j.jsonrpc.JsonRpcException: java.io.IOException: 파이프가 닫히는 중입니다
	at org.eclipse.lsp4j.jsonrpc.json.StreamMessageConsumer.consume(StreamMessageConsumer.java:72)
	at org.eclipse.lsp4e.LanguageServerWrapper.lambda$3(LanguageServerWrapper.java:413)
	at org.eclipse.lsp4j.jsonrpc.RemoteEndpoint.request(RemoteEndpoint.java:171)
	at org.eclipse.lsp4j.jsonrpc.services.EndpointProxy.invoke(EndpointProxy.java:91)
	at jdk.proxy15/jdk.proxy15.$Proxy38.codeLens(Unknown Source)
	at org.eclipse.lsp4e.operations.codelens.CodeLensProvider.lambda$1(CodeLensProvider.java:40)
	... 7 more
Caused by: java.io.IOException: 파이프가 닫히는 중입니다
	at java.base/java.io.FileOutputStream.writeBytes(Native Method)
	at java.base/java.io.FileOutputStream.write(FileOutputStream.java:400)
	at java.base/java.lang.Process$PipeOutputStream.write(Process.java:907)
	at java.base/java.io.BufferedOutputStream.flushBuffer(BufferedOutputStream.java:125)
	at java.base/java.io.BufferedOutputStream.implWrite(BufferedOutputStream.java:222)
	at java.base/java.io.BufferedOutputStream.write(BufferedOutputStream.java:200)
	at java.base/java.io.FilterOutputStream.write(FilterOutputStream.java:110)
	at org.eclipse.lsp4j.jsonrpc.json.StreamMessageConsumer.consume(StreamMessageConsumer.java:67)
	... 12 more

!ENTRY org.eclipse.lsp4e 4 0 2025-09-16 14:54:47.205
!MESSAGE java.io.IOException: 파이프가 닫히는 중입니다
!STACK 0
org.eclipse.lsp4j.jsonrpc.JsonRpcException: java.io.IOException: 파이프가 닫히는 중입니다
	at org.eclipse.lsp4j.jsonrpc.json.StreamMessageConsumer.consume(StreamMessageConsumer.java:72)
	at org.eclipse.lsp4e.LanguageServerWrapper.lambda$3(LanguageServerWrapper.java:413)
	at org.eclipse.lsp4j.jsonrpc.RemoteEndpoint.request(RemoteEndpoint.java:171)
	at org.eclipse.lsp4j.jsonrpc.services.EndpointProxy.invoke(EndpointProxy.java:91)
	at jdk.proxy15/jdk.proxy15.$Proxy38.inlayHint(Unknown Source)
	at org.eclipse.lsp4e.operations.inlayhint.InlayHintProvider.lambda$1(InlayHintProvider.java:55)
	at org.eclipse.lsp4e.LanguageServers.lambda$24(LanguageServers.java:445)
	at org.eclipse.lsp4e.LanguageServerWrapper.lambda$17(LanguageServerWrapper.java:976)
	at java.base/java.util.concurrent.CompletableFuture$UniCompose.tryFire(CompletableFuture.java:1194)
	at java.base/java.util.concurrent.CompletableFuture$Completion.run(CompletableFuture.java:526)
	at java.base/java.util.concurrent.ThreadPoolExecutor.runWorker(ThreadPoolExecutor.java:1144)
	at java.base/java.util.concurrent.ThreadPoolExecutor$Worker.run(ThreadPoolExecutor.java:642)
	at java.base/java.lang.Thread.run(Thread.java:1575)
Caused by: java.io.IOException: 파이프가 닫히는 중입니다
	at java.base/java.io.FileOutputStream.writeBytes(Native Method)
	at java.base/java.io.FileOutputStream.write(FileOutputStream.java:400)
	at java.base/java.lang.Process$PipeOutputStream.write(Process.java:907)
	at java.base/java.io.BufferedOutputStream.flushBuffer(BufferedOutputStream.java:125)
	at java.base/java.io.BufferedOutputStream.implWrite(BufferedOutputStream.java:222)
	at java.base/java.io.BufferedOutputStream.write(BufferedOutputStream.java:200)
	at java.base/java.io.FilterOutputStream.write(FilterOutputStream.java:110)
	at org.eclipse.lsp4j.jsonrpc.json.StreamMessageConsumer.consume(StreamMessageConsumer.java:67)
	... 12 more

!ENTRY org.eclipse.jface.text 4 0 2025-09-16 14:54:47.206
!MESSAGE org.eclipse.lsp4j.jsonrpc.JsonRpcException: java.io.IOException: 파이프가 닫히는 중입니다
!STACK 0
java.util.concurrent.CompletionException: org.eclipse.lsp4j.jsonrpc.JsonRpcException: java.io.IOException: 파이프가 닫히는 중입니다
	at java.base/java.util.concurrent.CompletableFuture.wrapInCompletionException(CompletableFuture.java:323)
	at java.base/java.util.concurrent.CompletableFuture.encodeThrowable(CompletableFuture.java:376)
	at java.base/java.util.concurrent.CompletableFuture.uniApplyNow(CompletableFuture.java:718)
	at java.base/java.util.concurrent.CompletableFuture.uniApplyStage(CompletableFuture.java:706)
	at java.base/java.util.concurrent.CompletableFuture.thenApply(CompletableFuture.java:2244)
	at org.eclipse.lsp4e.operations.codelens.CodeLensProvider.lambda$1(CodeLensProvider.java:41)
	at org.eclipse.lsp4e.LanguageServers.lambda$24(LanguageServers.java:445)
	at org.eclipse.lsp4e.LanguageServerWrapper.lambda$17(LanguageServerWrapper.java:976)
	at java.base/java.util.concurrent.CompletableFuture$UniCompose.tryFire(CompletableFuture.java:1194)
	at java.base/java.util.concurrent.CompletableFuture$Completion.run(CompletableFuture.java:526)
	at java.base/java.util.concurrent.ThreadPoolExecutor.runWorker(ThreadPoolExecutor.java:1144)
	at java.base/java.util.concurrent.ThreadPoolExecutor$Worker.run(ThreadPoolExecutor.java:642)
	at java.base/java.lang.Thread.run(Thread.java:1575)
Caused by: org.eclipse.lsp4j.jsonrpc.JsonRpcException: java.io.IOException: 파이프가 닫히는 중입니다
	at org.eclipse.lsp4j.jsonrpc.json.StreamMessageConsumer.consume(StreamMessageConsumer.java:72)
	at org.eclipse.lsp4e.LanguageServerWrapper.lambda$3(LanguageServerWrapper.java:413)
	at org.eclipse.lsp4j.jsonrpc.RemoteEndpoint.request(RemoteEndpoint.java:171)
	at org.eclipse.lsp4j.jsonrpc.services.EndpointProxy.invoke(EndpointProxy.java:91)
	at jdk.proxy15/jdk.proxy15.$Proxy38.codeLens(Unknown Source)
	at org.eclipse.lsp4e.operations.codelens.CodeLensProvider.lambda$1(CodeLensProvider.java:40)
	... 7 more
Caused by: java.io.IOException: 파이프가 닫히는 중입니다
	at java.base/java.io.FileOutputStream.writeBytes(Native Method)
	at java.base/java.io.FileOutputStream.write(FileOutputStream.java:400)
	at java.base/java.lang.Process$PipeOutputStream.write(Process.java:907)
	at java.base/java.io.BufferedOutputStream.flushBuffer(BufferedOutputStream.java:125)
	at java.base/java.io.BufferedOutputStream.implWrite(BufferedOutputStream.java:222)
	at java.base/java.io.BufferedOutputStream.write(BufferedOutputStream.java:200)
	at java.base/java.io.FilterOutputStream.write(FilterOutputStream.java:110)
	at org.eclipse.lsp4j.jsonrpc.json.StreamMessageConsumer.consume(StreamMessageConsumer.java:67)
	... 12 more

!ENTRY org.eclipse.lsp4e 4 0 2025-09-16 14:54:47.206
!MESSAGE java.io.IOException: 파이프가 닫히는 중입니다
!STACK 0
org.eclipse.lsp4j.jsonrpc.JsonRpcException: java.io.IOException: 파이프가 닫히는 중입니다
	at org.eclipse.lsp4j.jsonrpc.json.StreamMessageConsumer.consume(StreamMessageConsumer.java:72)
	at org.eclipse.lsp4e.LanguageServerWrapper.lambda$3(LanguageServerWrapper.java:413)
	at org.eclipse.lsp4j.jsonrpc.RemoteEndpoint.request(RemoteEndpoint.java:171)
	at org.eclipse.lsp4j.jsonrpc.services.EndpointProxy.invoke(EndpointProxy.java:91)
	at jdk.proxy15/jdk.proxy15.$Proxy38.inlayHint(Unknown Source)
	at org.eclipse.lsp4e.operations.inlayhint.InlayHintProvider.lambda$1(InlayHintProvider.java:55)
	at org.eclipse.lsp4e.LanguageServers.lambda$24(LanguageServers.java:445)
	at org.eclipse.lsp4e.LanguageServerWrapper.lambda$17(LanguageServerWrapper.java:976)
	at java.base/java.util.concurrent.CompletableFuture$UniCompose.tryFire(CompletableFuture.java:1194)
	at java.base/java.util.concurrent.CompletableFuture$Completion.run(CompletableFuture.java:526)
	at java.base/java.util.concurrent.ThreadPoolExecutor.runWorker(ThreadPoolExecutor.java:1144)
	at java.base/java.util.concurrent.ThreadPoolExecutor$Worker.run(ThreadPoolExecutor.java:642)
	at java.base/java.lang.Thread.run(Thread.java:1575)
Caused by: java.io.IOException: 파이프가 닫히는 중입니다
	at java.base/java.io.FileOutputStream.writeBytes(Native Method)
	at java.base/java.io.FileOutputStream.write(FileOutputStream.java:400)
	at java.base/java.lang.Process$PipeOutputStream.write(Process.java:907)
	at java.base/java.io.BufferedOutputStream.flushBuffer(BufferedOutputStream.java:125)
	at java.base/java.io.BufferedOutputStream.implWrite(BufferedOutputStream.java:222)
	at java.base/java.io.BufferedOutputStream.write(BufferedOutputStream.java:200)
	at java.base/java.io.FilterOutputStream.write(FilterOutputStream.java:110)
	at org.eclipse.lsp4j.jsonrpc.json.StreamMessageConsumer.consume(StreamMessageConsumer.java:67)
	... 12 more

!ENTRY org.eclipse.jface.text 4 0 2025-09-16 14:54:47.206
!MESSAGE org.eclipse.lsp4j.jsonrpc.JsonRpcException: java.io.IOException: 파이프가 닫히는 중입니다
!STACK 0
java.util.concurrent.CompletionException: org.eclipse.lsp4j.jsonrpc.JsonRpcException: java.io.IOException: 파이프가 닫히는 중입니다
	at java.base/java.util.concurrent.CompletableFuture.wrapInCompletionException(CompletableFuture.java:323)
	at java.base/java.util.concurrent.CompletableFuture.encodeThrowable(CompletableFuture.java:376)
	at java.base/java.util.concurrent.CompletableFuture.uniApplyNow(CompletableFuture.java:718)
	at java.base/java.util.concurrent.CompletableFuture.uniApplyStage(CompletableFuture.java:706)
	at java.base/java.util.concurrent.CompletableFuture.thenApply(CompletableFuture.java:2244)
	at org.eclipse.lsp4e.operations.codelens.CodeLensProvider.lambda$1(CodeLensProvider.java:41)
	at org.eclipse.lsp4e.LanguageServers.lambda$24(LanguageServers.java:445)
	at org.eclipse.lsp4e.LanguageServerWrapper.lambda$17(LanguageServerWrapper.java:976)
	at java.base/java.util.concurrent.CompletableFuture$UniCompose.tryFire(CompletableFuture.java:1194)
	at java.base/java.util.concurrent.CompletableFuture$Completion.run(CompletableFuture.java:526)
	at java.base/java.util.concurrent.ThreadPoolExecutor.runWorker(ThreadPoolExecutor.java:1144)
	at java.base/java.util.concurrent.ThreadPoolExecutor$Worker.run(ThreadPoolExecutor.java:642)
	at java.base/java.lang.Thread.run(Thread.java:1575)
Caused by: org.eclipse.lsp4j.jsonrpc.JsonRpcException: java.io.IOException: 파이프가 닫히는 중입니다
	at org.eclipse.lsp4j.jsonrpc.json.StreamMessageConsumer.consume(StreamMessageConsumer.java:72)
	at org.eclipse.lsp4e.LanguageServerWrapper.lambda$3(LanguageServerWrapper.java:413)
	at org.eclipse.lsp4j.jsonrpc.RemoteEndpoint.request(RemoteEndpoint.java:171)
	at org.eclipse.lsp4j.jsonrpc.services.EndpointProxy.invoke(EndpointProxy.java:91)
	at jdk.proxy15/jdk.proxy15.$Proxy38.codeLens(Unknown Source)
	at org.eclipse.lsp4e.operations.codelens.CodeLensProvider.lambda$1(CodeLensProvider.java:40)
	... 7 more
Caused by: java.io.IOException: 파이프가 닫히는 중입니다
	at java.base/java.io.FileOutputStream.writeBytes(Native Method)
	at java.base/java.io.FileOutputStream.write(FileOutputStream.java:400)
	at java.base/java.lang.Process$PipeOutputStream.write(Process.java:907)
	at java.base/java.io.BufferedOutputStream.flushBuffer(BufferedOutputStream.java:125)
	at java.base/java.io.BufferedOutputStream.implWrite(BufferedOutputStream.java:222)
	at java.base/java.io.BufferedOutputStream.write(BufferedOutputStream.java:200)
	at java.base/java.io.FilterOutputStream.write(FilterOutputStream.java:110)
	at org.eclipse.lsp4j.jsonrpc.json.StreamMessageConsumer.consume(StreamMessageConsumer.java:67)
	... 12 more

!ENTRY org.eclipse.lsp4e 4 0 2025-09-16 14:54:47.206
!MESSAGE java.io.IOException: 파이프가 닫히는 중입니다
!STACK 0
org.eclipse.lsp4j.jsonrpc.JsonRpcException: java.io.IOException: 파이프가 닫히는 중입니다
	at org.eclipse.lsp4j.jsonrpc.json.StreamMessageConsumer.consume(StreamMessageConsumer.java:72)
	at org.eclipse.lsp4e.LanguageServerWrapper.lambda$3(LanguageServerWrapper.java:413)
	at org.eclipse.lsp4j.jsonrpc.RemoteEndpoint.request(RemoteEndpoint.java:171)
	at org.eclipse.lsp4j.jsonrpc.services.EndpointProxy.invoke(EndpointProxy.java:91)
	at jdk.proxy15/jdk.proxy15.$Proxy38.inlayHint(Unknown Source)
	at org.eclipse.lsp4e.operations.inlayhint.InlayHintProvider.lambda$1(InlayHintProvider.java:55)
	at org.eclipse.lsp4e.LanguageServers.lambda$24(LanguageServers.java:445)
	at org.eclipse.lsp4e.LanguageServerWrapper.lambda$17(LanguageServerWrapper.java:976)
	at java.base/java.util.concurrent.CompletableFuture$UniCompose.tryFire(CompletableFuture.java:1194)
	at java.base/java.util.concurrent.CompletableFuture$Completion.run(CompletableFuture.java:526)
	at java.base/java.util.concurrent.ThreadPoolExecutor.runWorker(ThreadPoolExecutor.java:1144)
	at java.base/java.util.concurrent.ThreadPoolExecutor$Worker.run(ThreadPoolExecutor.java:642)
	at java.base/java.lang.Thread.run(Thread.java:1575)
Caused by: java.io.IOException: 파이프가 닫히는 중입니다
	at java.base/java.io.FileOutputStream.writeBytes(Native Method)
	at java.base/java.io.FileOutputStream.write(FileOutputStream.java:400)
	at java.base/java.lang.Process$PipeOutputStream.write(Process.java:907)
	at java.base/java.io.BufferedOutputStream.flushBuffer(BufferedOutputStream.java:125)
	at java.base/java.io.BufferedOutputStream.implWrite(BufferedOutputStream.java:222)
	at java.base/java.io.BufferedOutputStream.write(BufferedOutputStream.java:200)
	at java.base/java.io.FilterOutputStream.write(FilterOutputStream.java:110)
	at org.eclipse.lsp4j.jsonrpc.json.StreamMessageConsumer.consume(StreamMessageConsumer.java:67)
	... 12 more

!ENTRY org.eclipse.jface.text 4 0 2025-09-16 14:54:47.207
!MESSAGE org.eclipse.lsp4j.jsonrpc.JsonRpcException: java.io.IOException: 파이프가 닫히는 중입니다
!STACK 0
java.util.concurrent.CompletionException: org.eclipse.lsp4j.jsonrpc.JsonRpcException: java.io.IOException: 파이프가 닫히는 중입니다
	at java.base/java.util.concurrent.CompletableFuture.wrapInCompletionException(CompletableFuture.java:323)
	at java.base/java.util.concurrent.CompletableFuture.encodeThrowable(CompletableFuture.java:376)
	at java.base/java.util.concurrent.CompletableFuture.uniApplyNow(CompletableFuture.java:718)
	at java.base/java.util.concurrent.CompletableFuture.uniApplyStage(CompletableFuture.java:706)
	at java.base/java.util.concurrent.CompletableFuture.thenApply(CompletableFuture.java:2244)
	at org.eclipse.lsp4e.operations.codelens.CodeLensProvider.lambda$1(CodeLensProvider.java:41)
	at org.eclipse.lsp4e.LanguageServers.lambda$24(LanguageServers.java:445)
	at org.eclipse.lsp4e.LanguageServerWrapper.lambda$17(LanguageServerWrapper.java:976)
	at java.base/java.util.concurrent.CompletableFuture$UniCompose.tryFire(CompletableFuture.java:1194)
	at java.base/java.util.concurrent.CompletableFuture$Completion.run(CompletableFuture.java:526)
	at java.base/java.util.concurrent.ThreadPoolExecutor.runWorker(ThreadPoolExecutor.java:1144)
	at java.base/java.util.concurrent.ThreadPoolExecutor$Worker.run(ThreadPoolExecutor.java:642)
	at java.base/java.lang.Thread.run(Thread.java:1575)
Caused by: org.eclipse.lsp4j.jsonrpc.JsonRpcException: java.io.IOException: 파이프가 닫히는 중입니다
	at org.eclipse.lsp4j.jsonrpc.json.StreamMessageConsumer.consume(StreamMessageConsumer.java:72)
	at org.eclipse.lsp4e.LanguageServerWrapper.lambda$3(LanguageServerWrapper.java:413)
	at org.eclipse.lsp4j.jsonrpc.RemoteEndpoint.request(RemoteEndpoint.java:171)
	at org.eclipse.lsp4j.jsonrpc.services.EndpointProxy.invoke(EndpointProxy.java:91)
	at jdk.proxy15/jdk.proxy15.$Proxy38.codeLens(Unknown Source)
	at org.eclipse.lsp4e.operations.codelens.CodeLensProvider.lambda$1(CodeLensProvider.java:40)
	... 7 more
Caused by: java.io.IOException: 파이프가 닫히는 중입니다
	at java.base/java.io.FileOutputStream.writeBytes(Native Method)
	at java.base/java.io.FileOutputStream.write(FileOutputStream.java:400)
	at java.base/java.lang.Process$PipeOutputStream.write(Process.java:907)
	at java.base/java.io.BufferedOutputStream.flushBuffer(BufferedOutputStream.java:125)
	at java.base/java.io.BufferedOutputStream.implWrite(BufferedOutputStream.java:222)
	at java.base/java.io.BufferedOutputStream.write(BufferedOutputStream.java:200)
	at java.base/java.io.FilterOutputStream.write(FilterOutputStream.java:110)
	at org.eclipse.lsp4j.jsonrpc.json.StreamMessageConsumer.consume(StreamMessageConsumer.java:67)
	... 12 more

!ENTRY org.eclipse.lsp4e 4 0 2025-09-16 14:54:47.207
!MESSAGE java.io.IOException: 파이프가 닫히는 중입니다
!STACK 0
org.eclipse.lsp4j.jsonrpc.JsonRpcException: java.io.IOException: 파이프가 닫히는 중입니다
	at org.eclipse.lsp4j.jsonrpc.json.StreamMessageConsumer.consume(StreamMessageConsumer.java:72)
	at org.eclipse.lsp4e.LanguageServerWrapper.lambda$3(LanguageServerWrapper.java:413)
	at org.eclipse.lsp4j.jsonrpc.RemoteEndpoint.request(RemoteEndpoint.java:171)
	at org.eclipse.lsp4j.jsonrpc.services.EndpointProxy.invoke(EndpointProxy.java:91)
	at jdk.proxy15/jdk.proxy15.$Proxy38.inlayHint(Unknown Source)
	at org.eclipse.lsp4e.operations.inlayhint.InlayHintProvider.lambda$1(InlayHintProvider.java:55)
	at org.eclipse.lsp4e.LanguageServers.lambda$24(LanguageServers.java:445)
	at org.eclipse.lsp4e.LanguageServerWrapper.lambda$17(LanguageServerWrapper.java:976)
	at java.base/java.util.concurrent.CompletableFuture$UniCompose.tryFire(CompletableFuture.java:1194)
	at java.base/java.util.concurrent.CompletableFuture$Completion.run(CompletableFuture.java:526)
	at java.base/java.util.concurrent.ThreadPoolExecutor.runWorker(ThreadPoolExecutor.java:1144)
	at java.base/java.util.concurrent.ThreadPoolExecutor$Worker.run(ThreadPoolExecutor.java:642)
	at java.base/java.lang.Thread.run(Thread.java:1575)
Caused by: java.io.IOException: 파이프가 닫히는 중입니다
	at java.base/java.io.FileOutputStream.writeBytes(Native Method)
	at java.base/java.io.FileOutputStream.write(FileOutputStream.java:400)
	at java.base/java.lang.Process$PipeOutputStream.write(Process.java:907)
	at java.base/java.io.BufferedOutputStream.flushBuffer(BufferedOutputStream.java:125)
	at java.base/java.io.BufferedOutputStream.implWrite(BufferedOutputStream.java:222)
	at java.base/java.io.BufferedOutputStream.write(BufferedOutputStream.java:200)
	at java.base/java.io.FilterOutputStream.write(FilterOutputStream.java:110)
	at org.eclipse.lsp4j.jsonrpc.json.StreamMessageConsumer.consume(StreamMessageConsumer.java:67)
	... 12 more

!ENTRY org.eclipse.jface.text 4 0 2025-09-16 14:54:47.207
!MESSAGE org.eclipse.lsp4j.jsonrpc.JsonRpcException: java.io.IOException: 파이프가 닫히는 중입니다
!STACK 0
java.util.concurrent.CompletionException: org.eclipse.lsp4j.jsonrpc.JsonRpcException: java.io.IOException: 파이프가 닫히는 중입니다
	at java.base/java.util.concurrent.CompletableFuture.wrapInCompletionException(CompletableFuture.java:323)
	at java.base/java.util.concurrent.CompletableFuture.encodeThrowable(CompletableFuture.java:376)
	at java.base/java.util.concurrent.CompletableFuture.uniApplyNow(CompletableFuture.java:718)
	at java.base/java.util.concurrent.CompletableFuture.uniApplyStage(CompletableFuture.java:706)
	at java.base/java.util.concurrent.CompletableFuture.thenApply(CompletableFuture.java:2244)
	at org.eclipse.lsp4e.operations.codelens.CodeLensProvider.lambda$1(CodeLensProvider.java:41)
	at org.eclipse.lsp4e.LanguageServers.lambda$24(LanguageServers.java:445)
	at org.eclipse.lsp4e.LanguageServerWrapper.lambda$17(LanguageServerWrapper.java:976)
	at java.base/java.util.concurrent.CompletableFuture$UniCompose.tryFire(CompletableFuture.java:1194)
	at java.base/java.util.concurrent.CompletableFuture$Completion.run(CompletableFuture.java:526)
	at java.base/java.util.concurrent.ThreadPoolExecutor.runWorker(ThreadPoolExecutor.java:1144)
	at java.base/java.util.concurrent.ThreadPoolExecutor$Worker.run(ThreadPoolExecutor.java:642)
	at java.base/java.lang.Thread.run(Thread.java:1575)
Caused by: org.eclipse.lsp4j.jsonrpc.JsonRpcException: java.io.IOException: 파이프가 닫히는 중입니다
	at org.eclipse.lsp4j.jsonrpc.json.StreamMessageConsumer.consume(StreamMessageConsumer.java:72)
	at org.eclipse.lsp4e.LanguageServerWrapper.lambda$3(LanguageServerWrapper.java:413)
	at org.eclipse.lsp4j.jsonrpc.RemoteEndpoint.request(RemoteEndpoint.java:171)
	at org.eclipse.lsp4j.jsonrpc.services.EndpointProxy.invoke(EndpointProxy.java:91)
	at jdk.proxy15/jdk.proxy15.$Proxy38.codeLens(Unknown Source)
	at org.eclipse.lsp4e.operations.codelens.CodeLensProvider.lambda$1(CodeLensProvider.java:40)
	... 7 more
Caused by: java.io.IOException: 파이프가 닫히는 중입니다
	at java.base/java.io.FileOutputStream.writeBytes(Native Method)
	at java.base/java.io.FileOutputStream.write(FileOutputStream.java:400)
	at java.base/java.lang.Process$PipeOutputStream.write(Process.java:907)
	at java.base/java.io.BufferedOutputStream.flushBuffer(BufferedOutputStream.java:125)
	at java.base/java.io.BufferedOutputStream.implWrite(BufferedOutputStream.java:222)
	at java.base/java.io.BufferedOutputStream.write(BufferedOutputStream.java:200)
	at java.base/java.io.FilterOutputStream.write(FilterOutputStream.java:110)
	at org.eclipse.lsp4j.jsonrpc.json.StreamMessageConsumer.consume(StreamMessageConsumer.java:67)
	... 12 more

!ENTRY org.eclipse.lsp4e 4 0 2025-09-16 14:54:47.208
!MESSAGE java.io.IOException: 파이프가 닫히는 중입니다
!STACK 0
org.eclipse.lsp4j.jsonrpc.JsonRpcException: java.io.IOException: 파이프가 닫히는 중입니다
	at org.eclipse.lsp4j.jsonrpc.json.StreamMessageConsumer.consume(StreamMessageConsumer.java:72)
	at org.eclipse.lsp4e.LanguageServerWrapper.lambda$3(LanguageServerWrapper.java:413)
	at org.eclipse.lsp4j.jsonrpc.RemoteEndpoint.request(RemoteEndpoint.java:171)
	at org.eclipse.lsp4j.jsonrpc.services.EndpointProxy.invoke(EndpointProxy.java:91)
	at jdk.proxy15/jdk.proxy15.$Proxy38.inlayHint(Unknown Source)
	at org.eclipse.lsp4e.operations.inlayhint.InlayHintProvider.lambda$1(InlayHintProvider.java:55)
	at org.eclipse.lsp4e.LanguageServers.lambda$24(LanguageServers.java:445)
	at org.eclipse.lsp4e.LanguageServerWrapper.lambda$17(LanguageServerWrapper.java:976)
	at java.base/java.util.concurrent.CompletableFuture$UniCompose.tryFire(CompletableFuture.java:1194)
	at java.base/java.util.concurrent.CompletableFuture$Completion.run(CompletableFuture.java:526)
	at java.base/java.util.concurrent.ThreadPoolExecutor.runWorker(ThreadPoolExecutor.java:1144)
	at java.base/java.util.concurrent.ThreadPoolExecutor$Worker.run(ThreadPoolExecutor.java:642)
	at java.base/java.lang.Thread.run(Thread.java:1575)
Caused by: java.io.IOException: 파이프가 닫히는 중입니다
	at java.base/java.io.FileOutputStream.writeBytes(Native Method)
	at java.base/java.io.FileOutputStream.write(FileOutputStream.java:400)
	at java.base/java.lang.Process$PipeOutputStream.write(Process.java:907)
	at java.base/java.io.BufferedOutputStream.flushBuffer(BufferedOutputStream.java:125)
	at java.base/java.io.BufferedOutputStream.implWrite(BufferedOutputStream.java:222)
	at java.base/java.io.BufferedOutputStream.write(BufferedOutputStream.java:200)
	at java.base/java.io.FilterOutputStream.write(FilterOutputStream.java:110)
	at org.eclipse.lsp4j.jsonrpc.json.StreamMessageConsumer.consume(StreamMessageConsumer.java:67)
	... 12 more

!ENTRY org.eclipse.jface.text 4 0 2025-09-16 14:54:47.208
!MESSAGE org.eclipse.lsp4j.jsonrpc.JsonRpcException: java.io.IOException: 파이프가 닫히는 중입니다
!STACK 0
java.util.concurrent.CompletionException: org.eclipse.lsp4j.jsonrpc.JsonRpcException: java.io.IOException: 파이프가 닫히는 중입니다
	at java.base/java.util.concurrent.CompletableFuture.wrapInCompletionException(CompletableFuture.java:323)
	at java.base/java.util.concurrent.CompletableFuture.encodeThrowable(CompletableFuture.java:376)
	at java.base/java.util.concurrent.CompletableFuture.uniApplyNow(CompletableFuture.java:718)
	at java.base/java.util.concurrent.CompletableFuture.uniApplyStage(CompletableFuture.java:706)
	at java.base/java.util.concurrent.CompletableFuture.thenApply(CompletableFuture.java:2244)
	at org.eclipse.lsp4e.operations.codelens.CodeLensProvider.lambda$1(CodeLensProvider.java:41)
	at org.eclipse.lsp4e.LanguageServers.lambda$24(LanguageServers.java:445)
	at org.eclipse.lsp4e.LanguageServerWrapper.lambda$17(LanguageServerWrapper.java:976)
	at java.base/java.util.concurrent.CompletableFuture$UniCompose.tryFire(CompletableFuture.java:1194)
	at java.base/java.util.concurrent.CompletableFuture$Completion.run(CompletableFuture.java:526)
	at java.base/java.util.concurrent.ThreadPoolExecutor.runWorker(ThreadPoolExecutor.java:1144)
	at java.base/java.util.concurrent.ThreadPoolExecutor$Worker.run(ThreadPoolExecutor.java:642)
	at java.base/java.lang.Thread.run(Thread.java:1575)
Caused by: org.eclipse.lsp4j.jsonrpc.JsonRpcException: java.io.IOException: 파이프가 닫히는 중입니다
	at org.eclipse.lsp4j.jsonrpc.json.StreamMessageConsumer.consume(StreamMessageConsumer.java:72)
	at org.eclipse.lsp4e.LanguageServerWrapper.lambda$3(LanguageServerWrapper.java:413)
	at org.eclipse.lsp4j.jsonrpc.RemoteEndpoint.request(RemoteEndpoint.java:171)
	at org.eclipse.lsp4j.jsonrpc.services.EndpointProxy.invoke(EndpointProxy.java:91)
	at jdk.proxy15/jdk.proxy15.$Proxy38.codeLens(Unknown Source)
	at org.eclipse.lsp4e.operations.codelens.CodeLensProvider.lambda$1(CodeLensProvider.java:40)
	... 7 more
Caused by: java.io.IOException: 파이프가 닫히는 중입니다
	at java.base/java.io.FileOutputStream.writeBytes(Native Method)
	at java.base/java.io.FileOutputStream.write(FileOutputStream.java:400)
	at java.base/java.lang.Process$PipeOutputStream.write(Process.java:907)
	at java.base/java.io.BufferedOutputStream.flushBuffer(BufferedOutputStream.java:125)
	at java.base/java.io.BufferedOutputStream.implWrite(BufferedOutputStream.java:222)
	at java.base/java.io.BufferedOutputStream.write(BufferedOutputStream.java:200)
	at java.base/java.io.FilterOutputStream.write(FilterOutputStream.java:110)
	at org.eclipse.lsp4j.jsonrpc.json.StreamMessageConsumer.consume(StreamMessageConsumer.java:67)
	... 12 more

!ENTRY org.eclipse.lsp4e 4 0 2025-09-16 14:54:47.208
!MESSAGE java.io.IOException: 파이프가 닫히는 중입니다
!STACK 0
org.eclipse.lsp4j.jsonrpc.JsonRpcException: java.io.IOException: 파이프가 닫히는 중입니다
	at org.eclipse.lsp4j.jsonrpc.json.StreamMessageConsumer.consume(StreamMessageConsumer.java:72)
	at org.eclipse.lsp4e.LanguageServerWrapper.lambda$3(LanguageServerWrapper.java:413)
	at org.eclipse.lsp4j.jsonrpc.RemoteEndpoint.request(RemoteEndpoint.java:171)
	at org.eclipse.lsp4j.jsonrpc.services.EndpointProxy.invoke(EndpointProxy.java:91)
	at jdk.proxy15/jdk.proxy15.$Proxy38.inlayHint(Unknown Source)
	at org.eclipse.lsp4e.operations.inlayhint.InlayHintProvider.lambda$1(InlayHintProvider.java:55)
	at org.eclipse.lsp4e.LanguageServers.lambda$24(LanguageServers.java:445)
	at org.eclipse.lsp4e.LanguageServerWrapper.lambda$17(LanguageServerWrapper.java:976)
	at java.base/java.util.concurrent.CompletableFuture$UniCompose.tryFire(CompletableFuture.java:1194)
	at java.base/java.util.concurrent.CompletableFuture$Completion.run(CompletableFuture.java:526)
	at java.base/java.util.concurrent.ThreadPoolExecutor.runWorker(ThreadPoolExecutor.java:1144)
	at java.base/java.util.concurrent.ThreadPoolExecutor$Worker.run(ThreadPoolExecutor.java:642)
	at java.base/java.lang.Thread.run(Thread.java:1575)
Caused by: java.io.IOException: 파이프가 닫히는 중입니다
	at java.base/java.io.FileOutputStream.writeBytes(Native Method)
	at java.base/java.io.FileOutputStream.write(FileOutputStream.java:400)
	at java.base/java.lang.Process$PipeOutputStream.write(Process.java:907)
	at java.base/java.io.BufferedOutputStream.flushBuffer(BufferedOutputStream.java:125)
	at java.base/java.io.BufferedOutputStream.implWrite(BufferedOutputStream.java:222)
	at java.base/java.io.BufferedOutputStream.write(BufferedOutputStream.java:200)
	at java.base/java.io.FilterOutputStream.write(FilterOutputStream.java:110)
	at org.eclipse.lsp4j.jsonrpc.json.StreamMessageConsumer.consume(StreamMessageConsumer.java:67)
	... 12 more

!ENTRY org.eclipse.jface.text 4 0 2025-09-16 14:54:47.209
!MESSAGE org.eclipse.lsp4j.jsonrpc.JsonRpcException: java.io.IOException: 파이프가 닫히는 중입니다
!STACK 0
java.util.concurrent.CompletionException: org.eclipse.lsp4j.jsonrpc.JsonRpcException: java.io.IOException: 파이프가 닫히는 중입니다
	at java.base/java.util.concurrent.CompletableFuture.wrapInCompletionException(CompletableFuture.java:323)
	at java.base/java.util.concurrent.CompletableFuture.encodeThrowable(CompletableFuture.java:376)
	at java.base/java.util.concurrent.CompletableFuture.uniApplyNow(CompletableFuture.java:718)
	at java.base/java.util.concurrent.CompletableFuture.uniApplyStage(CompletableFuture.java:706)
	at java.base/java.util.concurrent.CompletableFuture.thenApply(CompletableFuture.java:2244)
	at org.eclipse.lsp4e.operations.codelens.CodeLensProvider.lambda$1(CodeLensProvider.java:41)
	at org.eclipse.lsp4e.LanguageServers.lambda$24(LanguageServers.java:445)
	at org.eclipse.lsp4e.LanguageServerWrapper.lambda$17(LanguageServerWrapper.java:976)
	at java.base/java.util.concurrent.CompletableFuture$UniCompose.tryFire(CompletableFuture.java:1194)
	at java.base/java.util.concurrent.CompletableFuture$Completion.run(CompletableFuture.java:526)
	at java.base/java.util.concurrent.ThreadPoolExecutor.runWorker(ThreadPoolExecutor.java:1144)
	at java.base/java.util.concurrent.ThreadPoolExecutor$Worker.run(ThreadPoolExecutor.java:642)
	at java.base/java.lang.Thread.run(Thread.java:1575)
Caused by: org.eclipse.lsp4j.jsonrpc.JsonRpcException: java.io.IOException: 파이프가 닫히는 중입니다
	at org.eclipse.lsp4j.jsonrpc.json.StreamMessageConsumer.consume(StreamMessageConsumer.java:72)
	at org.eclipse.lsp4e.LanguageServerWrapper.lambda$3(LanguageServerWrapper.java:413)
	at org.eclipse.lsp4j.jsonrpc.RemoteEndpoint.request(RemoteEndpoint.java:171)
	at org.eclipse.lsp4j.jsonrpc.services.EndpointProxy.invoke(EndpointProxy.java:91)
	at jdk.proxy15/jdk.proxy15.$Proxy38.codeLens(Unknown Source)
	at org.eclipse.lsp4e.operations.codelens.CodeLensProvider.lambda$1(CodeLensProvider.java:40)
	... 7 more
Caused by: java.io.IOException: 파이프가 닫히는 중입니다
	at java.base/java.io.FileOutputStream.writeBytes(Native Method)
	at java.base/java.io.FileOutputStream.write(FileOutputStream.java:400)
	at java.base/java.lang.Process$PipeOutputStream.write(Process.java:907)
	at java.base/java.io.BufferedOutputStream.flushBuffer(BufferedOutputStream.java:125)
	at java.base/java.io.BufferedOutputStream.implWrite(BufferedOutputStream.java:222)
	at java.base/java.io.BufferedOutputStream.write(BufferedOutputStream.java:200)
	at java.base/java.io.FilterOutputStream.write(FilterOutputStream.java:110)
	at org.eclipse.lsp4j.jsonrpc.json.StreamMessageConsumer.consume(StreamMessageConsumer.java:67)
	... 12 more

!ENTRY org.eclipse.lsp4e 4 0 2025-09-16 14:54:47.209
!MESSAGE java.io.IOException: 파이프가 닫히는 중입니다
!STACK 0
org.eclipse.lsp4j.jsonrpc.JsonRpcException: java.io.IOException: 파이프가 닫히는 중입니다
	at org.eclipse.lsp4j.jsonrpc.json.StreamMessageConsumer.consume(StreamMessageConsumer.java:72)
	at org.eclipse.lsp4e.LanguageServerWrapper.lambda$3(LanguageServerWrapper.java:413)
	at org.eclipse.lsp4j.jsonrpc.RemoteEndpoint.request(RemoteEndpoint.java:171)
	at org.eclipse.lsp4j.jsonrpc.services.EndpointProxy.invoke(EndpointProxy.java:91)
	at jdk.proxy15/jdk.proxy15.$Proxy38.inlayHint(Unknown Source)
	at org.eclipse.lsp4e.operations.inlayhint.InlayHintProvider.lambda$1(InlayHintProvider.java:55)
	at org.eclipse.lsp4e.LanguageServers.lambda$24(LanguageServers.java:445)
	at org.eclipse.lsp4e.LanguageServerWrapper.lambda$17(LanguageServerWrapper.java:976)
	at java.base/java.util.concurrent.CompletableFuture$UniCompose.tryFire(CompletableFuture.java:1194)
	at java.base/java.util.concurrent.CompletableFuture$Completion.run(CompletableFuture.java:526)
	at java.base/java.util.concurrent.ThreadPoolExecutor.runWorker(ThreadPoolExecutor.java:1144)
	at java.base/java.util.concurrent.ThreadPoolExecutor$Worker.run(ThreadPoolExecutor.java:642)
	at java.base/java.lang.Thread.run(Thread.java:1575)
Caused by: java.io.IOException: 파이프가 닫히는 중입니다
	at java.base/java.io.FileOutputStream.writeBytes(Native Method)
	at java.base/java.io.FileOutputStream.write(FileOutputStream.java:400)
	at java.base/java.lang.Process$PipeOutputStream.write(Process.java:907)
	at java.base/java.io.BufferedOutputStream.flushBuffer(BufferedOutputStream.java:125)
	at java.base/java.io.BufferedOutputStream.implWrite(BufferedOutputStream.java:222)
	at java.base/java.io.BufferedOutputStream.write(BufferedOutputStream.java:200)
	at java.base/java.io.FilterOutputStream.write(FilterOutputStream.java:110)
	at org.eclipse.lsp4j.jsonrpc.json.StreamMessageConsumer.consume(StreamMessageConsumer.java:67)
	... 12 more

!ENTRY org.eclipse.jface.text 4 0 2025-09-16 14:54:47.209
!MESSAGE org.eclipse.lsp4j.jsonrpc.JsonRpcException: java.io.IOException: 파이프가 닫히는 중입니다
!STACK 0
java.util.concurrent.CompletionException: org.eclipse.lsp4j.jsonrpc.JsonRpcException: java.io.IOException: 파이프가 닫히는 중입니다
	at java.base/java.util.concurrent.CompletableFuture.wrapInCompletionException(CompletableFuture.java:323)
	at java.base/java.util.concurrent.CompletableFuture.encodeThrowable(CompletableFuture.java:376)
	at java.base/java.util.concurrent.CompletableFuture.uniApplyNow(CompletableFuture.java:718)
	at java.base/java.util.concurrent.CompletableFuture.uniApplyStage(CompletableFuture.java:706)
	at java.base/java.util.concurrent.CompletableFuture.thenApply(CompletableFuture.java:2244)
	at org.eclipse.lsp4e.operations.codelens.CodeLensProvider.lambda$1(CodeLensProvider.java:41)
	at org.eclipse.lsp4e.LanguageServers.lambda$24(LanguageServers.java:445)
	at org.eclipse.lsp4e.LanguageServerWrapper.lambda$17(LanguageServerWrapper.java:976)
	at java.base/java.util.concurrent.CompletableFuture$UniCompose.tryFire(CompletableFuture.java:1194)
	at java.base/java.util.concurrent.CompletableFuture$Completion.run(CompletableFuture.java:526)
	at java.base/java.util.concurrent.ThreadPoolExecutor.runWorker(ThreadPoolExecutor.java:1144)
	at java.base/java.util.concurrent.ThreadPoolExecutor$Worker.run(ThreadPoolExecutor.java:642)
	at java.base/java.lang.Thread.run(Thread.java:1575)
Caused by: org.eclipse.lsp4j.jsonrpc.JsonRpcException: java.io.IOException: 파이프가 닫히는 중입니다
	at org.eclipse.lsp4j.jsonrpc.json.StreamMessageConsumer.consume(StreamMessageConsumer.java:72)
	at org.eclipse.lsp4e.LanguageServerWrapper.lambda$3(LanguageServerWrapper.java:413)
	at org.eclipse.lsp4j.jsonrpc.RemoteEndpoint.request(RemoteEndpoint.java:171)
	at org.eclipse.lsp4j.jsonrpc.services.EndpointProxy.invoke(EndpointProxy.java:91)
	at jdk.proxy15/jdk.proxy15.$Proxy38.codeLens(Unknown Source)
	at org.eclipse.lsp4e.operations.codelens.CodeLensProvider.lambda$1(CodeLensProvider.java:40)
	... 7 more
Caused by: java.io.IOException: 파이프가 닫히는 중입니다
	at java.base/java.io.FileOutputStream.writeBytes(Native Method)
	at java.base/java.io.FileOutputStream.write(FileOutputStream.java:400)
	at java.base/java.lang.Process$PipeOutputStream.write(Process.java:907)
	at java.base/java.io.BufferedOutputStream.flushBuffer(BufferedOutputStream.java:125)
	at java.base/java.io.BufferedOutputStream.implWrite(BufferedOutputStream.java:222)
	at java.base/java.io.BufferedOutputStream.write(BufferedOutputStream.java:200)
	at java.base/java.io.FilterOutputStream.write(FilterOutputStream.java:110)
	at org.eclipse.lsp4j.jsonrpc.json.StreamMessageConsumer.consume(StreamMessageConsumer.java:67)
	... 12 more

!ENTRY org.eclipse.lsp4e 4 0 2025-09-16 14:54:47.209
!MESSAGE java.io.IOException: 파이프가 닫히는 중입니다
!STACK 0
org.eclipse.lsp4j.jsonrpc.JsonRpcException: java.io.IOException: 파이프가 닫히는 중입니다
	at org.eclipse.lsp4j.jsonrpc.json.StreamMessageConsumer.consume(StreamMessageConsumer.java:72)
	at org.eclipse.lsp4e.LanguageServerWrapper.lambda$3(LanguageServerWrapper.java:413)
	at org.eclipse.lsp4j.jsonrpc.RemoteEndpoint.request(RemoteEndpoint.java:171)
	at org.eclipse.lsp4j.jsonrpc.services.EndpointProxy.invoke(EndpointProxy.java:91)
	at jdk.proxy15/jdk.proxy15.$Proxy38.inlayHint(Unknown Source)
	at org.eclipse.lsp4e.operations.inlayhint.InlayHintProvider.lambda$1(InlayHintProvider.java:55)
	at org.eclipse.lsp4e.LanguageServers.lambda$24(LanguageServers.java:445)
	at org.eclipse.lsp4e.LanguageServerWrapper.lambda$17(LanguageServerWrapper.java:976)
	at java.base/java.util.concurrent.CompletableFuture$UniCompose.tryFire(CompletableFuture.java:1194)
	at java.base/java.util.concurrent.CompletableFuture$Completion.run(CompletableFuture.java:526)
	at java.base/java.util.concurrent.ThreadPoolExecutor.runWorker(ThreadPoolExecutor.java:1144)
	at java.base/java.util.concurrent.ThreadPoolExecutor$Worker.run(ThreadPoolExecutor.java:642)
	at java.base/java.lang.Thread.run(Thread.java:1575)
Caused by: java.io.IOException: 파이프가 닫히는 중입니다
	at java.base/java.io.FileOutputStream.writeBytes(Native Method)
	at java.base/java.io.FileOutputStream.write(FileOutputStream.java:400)
	at java.base/java.lang.Process$PipeOutputStream.write(Process.java:907)
	at java.base/java.io.BufferedOutputStream.flushBuffer(BufferedOutputStream.java:125)
	at java.base/java.io.BufferedOutputStream.implWrite(BufferedOutputStream.java:222)
	at java.base/java.io.BufferedOutputStream.write(BufferedOutputStream.java:200)
	at java.base/java.io.FilterOutputStream.write(FilterOutputStream.java:110)
	at org.eclipse.lsp4j.jsonrpc.json.StreamMessageConsumer.consume(StreamMessageConsumer.java:67)
	... 12 more

!ENTRY org.eclipse.jface.text 4 0 2025-09-16 14:54:47.210
!MESSAGE org.eclipse.lsp4j.jsonrpc.JsonRpcException: java.io.IOException: 파이프가 닫히는 중입니다
!STACK 0
java.util.concurrent.CompletionException: org.eclipse.lsp4j.jsonrpc.JsonRpcException: java.io.IOException: 파이프가 닫히는 중입니다
	at java.base/java.util.concurrent.CompletableFuture.wrapInCompletionException(CompletableFuture.java:323)
	at java.base/java.util.concurrent.CompletableFuture.encodeThrowable(CompletableFuture.java:376)
	at java.base/java.util.concurrent.CompletableFuture.uniApplyNow(CompletableFuture.java:718)
	at java.base/java.util.concurrent.CompletableFuture.uniApplyStage(CompletableFuture.java:706)
	at java.base/java.util.concurrent.CompletableFuture.thenApply(CompletableFuture.java:2244)
	at org.eclipse.lsp4e.operations.codelens.CodeLensProvider.lambda$1(CodeLensProvider.java:41)
	at org.eclipse.lsp4e.LanguageServers.lambda$24(LanguageServers.java:445)
	at org.eclipse.lsp4e.LanguageServerWrapper.lambda$17(LanguageServerWrapper.java:976)
	at java.base/java.util.concurrent.CompletableFuture$UniCompose.tryFire(CompletableFuture.java:1194)
	at java.base/java.util.concurrent.CompletableFuture$Completion.run(CompletableFuture.java:526)
	at java.base/java.util.concurrent.ThreadPoolExecutor.runWorker(ThreadPoolExecutor.java:1144)
	at java.base/java.util.concurrent.ThreadPoolExecutor$Worker.run(ThreadPoolExecutor.java:642)
	at java.base/java.lang.Thread.run(Thread.java:1575)
Caused by: org.eclipse.lsp4j.jsonrpc.JsonRpcException: java.io.IOException: 파이프가 닫히는 중입니다
	at org.eclipse.lsp4j.jsonrpc.json.StreamMessageConsumer.consume(StreamMessageConsumer.java:72)
	at org.eclipse.lsp4e.LanguageServerWrapper.lambda$3(LanguageServerWrapper.java:413)
	at org.eclipse.lsp4j.jsonrpc.RemoteEndpoint.request(RemoteEndpoint.java:171)
	at org.eclipse.lsp4j.jsonrpc.services.EndpointProxy.invoke(EndpointProxy.java:91)
	at jdk.proxy15/jdk.proxy15.$Proxy38.codeLens(Unknown Source)
	at org.eclipse.lsp4e.operations.codelens.CodeLensProvider.lambda$1(CodeLensProvider.java:40)
	... 7 more
Caused by: java.io.IOException: 파이프가 닫히는 중입니다
	at java.base/java.io.FileOutputStream.writeBytes(Native Method)
	at java.base/java.io.FileOutputStream.write(FileOutputStream.java:400)
	at java.base/java.lang.Process$PipeOutputStream.write(Process.java:907)
	at java.base/java.io.BufferedOutputStream.flushBuffer(BufferedOutputStream.java:125)
	at java.base/java.io.BufferedOutputStream.implWrite(BufferedOutputStream.java:222)
	at java.base/java.io.BufferedOutputStream.write(BufferedOutputStream.java:200)
	at java.base/java.io.FilterOutputStream.write(FilterOutputStream.java:110)
	at org.eclipse.lsp4j.jsonrpc.json.StreamMessageConsumer.consume(StreamMessageConsumer.java:67)
	... 12 more

!ENTRY org.eclipse.lsp4e 4 0 2025-09-16 14:54:47.210
!MESSAGE java.io.IOException: 파이프가 닫히는 중입니다
!STACK 0
org.eclipse.lsp4j.jsonrpc.JsonRpcException: java.io.IOException: 파이프가 닫히는 중입니다
	at org.eclipse.lsp4j.jsonrpc.json.StreamMessageConsumer.consume(StreamMessageConsumer.java:72)
	at org.eclipse.lsp4e.LanguageServerWrapper.lambda$3(LanguageServerWrapper.java:413)
	at org.eclipse.lsp4j.jsonrpc.RemoteEndpoint.request(RemoteEndpoint.java:171)
	at org.eclipse.lsp4j.jsonrpc.services.EndpointProxy.invoke(EndpointProxy.java:91)
	at jdk.proxy15/jdk.proxy15.$Proxy38.inlayHint(Unknown Source)
	at org.eclipse.lsp4e.operations.inlayhint.InlayHintProvider.lambda$1(InlayHintProvider.java:55)
	at org.eclipse.lsp4e.LanguageServers.lambda$24(LanguageServers.java:445)
	at org.eclipse.lsp4e.LanguageServerWrapper.lambda$17(LanguageServerWrapper.java:976)
	at java.base/java.util.concurrent.CompletableFuture$UniCompose.tryFire(CompletableFuture.java:1194)
	at java.base/java.util.concurrent.CompletableFuture$Completion.run(CompletableFuture.java:526)
	at java.base/java.util.concurrent.ThreadPoolExecutor.runWorker(ThreadPoolExecutor.java:1144)
	at java.base/java.util.concurrent.ThreadPoolExecutor$Worker.run(ThreadPoolExecutor.java:642)
	at java.base/java.lang.Thread.run(Thread.java:1575)
Caused by: java.io.IOException: 파이프가 닫히는 중입니다
	at java.base/java.io.FileOutputStream.writeBytes(Native Method)
	at java.base/java.io.FileOutputStream.write(FileOutputStream.java:400)
	at java.base/java.lang.Process$PipeOutputStream.write(Process.java:907)
	at java.base/java.io.BufferedOutputStream.flushBuffer(BufferedOutputStream.java:125)
	at java.base/java.io.BufferedOutputStream.implWrite(BufferedOutputStream.java:222)
	at java.base/java.io.BufferedOutputStream.write(BufferedOutputStream.java:200)
	at java.base/java.io.FilterOutputStream.write(FilterOutputStream.java:110)
	at org.eclipse.lsp4j.jsonrpc.json.StreamMessageConsumer.consume(StreamMessageConsumer.java:67)
	... 12 more

!ENTRY org.eclipse.jface.text 4 0 2025-09-16 14:54:47.210
!MESSAGE org.eclipse.lsp4j.jsonrpc.JsonRpcException: java.io.IOException: 파이프가 닫히는 중입니다
!STACK 0
java.util.concurrent.CompletionException: org.eclipse.lsp4j.jsonrpc.JsonRpcException: java.io.IOException: 파이프가 닫히는 중입니다
	at java.base/java.util.concurrent.CompletableFuture.wrapInCompletionException(CompletableFuture.java:323)
	at java.base/java.util.concurrent.CompletableFuture.encodeThrowable(CompletableFuture.java:376)
	at java.base/java.util.concurrent.CompletableFuture.uniApplyNow(CompletableFuture.java:718)
	at java.base/java.util.concurrent.CompletableFuture.uniApplyStage(CompletableFuture.java:706)
	at java.base/java.util.concurrent.CompletableFuture.thenApply(CompletableFuture.java:2244)
	at org.eclipse.lsp4e.operations.codelens.CodeLensProvider.lambda$1(CodeLensProvider.java:41)
	at org.eclipse.lsp4e.LanguageServers.lambda$24(LanguageServers.java:445)
	at org.eclipse.lsp4e.LanguageServerWrapper.lambda$17(LanguageServerWrapper.java:976)
	at java.base/java.util.concurrent.CompletableFuture$UniCompose.tryFire(CompletableFuture.java:1194)
	at java.base/java.util.concurrent.CompletableFuture$Completion.run(CompletableFuture.java:526)
	at java.base/java.util.concurrent.ThreadPoolExecutor.runWorker(ThreadPoolExecutor.java:1144)
	at java.base/java.util.concurrent.ThreadPoolExecutor$Worker.run(ThreadPoolExecutor.java:642)
	at java.base/java.lang.Thread.run(Thread.java:1575)
Caused by: org.eclipse.lsp4j.jsonrpc.JsonRpcException: java.io.IOException: 파이프가 닫히는 중입니다
	at org.eclipse.lsp4j.jsonrpc.json.StreamMessageConsumer.consume(StreamMessageConsumer.java:72)
	at org.eclipse.lsp4e.LanguageServerWrapper.lambda$3(LanguageServerWrapper.java:413)
	at org.eclipse.lsp4j.jsonrpc.RemoteEndpoint.request(RemoteEndpoint.java:171)
	at org.eclipse.lsp4j.jsonrpc.services.EndpointProxy.invoke(EndpointProxy.java:91)
	at jdk.proxy15/jdk.proxy15.$Proxy38.codeLens(Unknown Source)
	at org.eclipse.lsp4e.operations.codelens.CodeLensProvider.lambda$1(CodeLensProvider.java:40)
	... 7 more
Caused by: java.io.IOException: 파이프가 닫히는 중입니다
	at java.base/java.io.FileOutputStream.writeBytes(Native Method)
	at java.base/java.io.FileOutputStream.write(FileOutputStream.java:400)
	at java.base/java.lang.Process$PipeOutputStream.write(Process.java:907)
	at java.base/java.io.BufferedOutputStream.flushBuffer(BufferedOutputStream.java:125)
	at java.base/java.io.BufferedOutputStream.implWrite(BufferedOutputStream.java:222)
	at java.base/java.io.BufferedOutputStream.write(BufferedOutputStream.java:200)
	at java.base/java.io.FilterOutputStream.write(FilterOutputStream.java:110)
	at org.eclipse.lsp4j.jsonrpc.json.StreamMessageConsumer.consume(StreamMessageConsumer.java:67)
	... 12 more

!ENTRY org.eclipse.lsp4e 4 0 2025-09-16 14:54:47.211
!MESSAGE java.io.IOException: 파이프가 닫히는 중입니다
!STACK 0
org.eclipse.lsp4j.jsonrpc.JsonRpcException: java.io.IOException: 파이프가 닫히는 중입니다
	at org.eclipse.lsp4j.jsonrpc.json.StreamMessageConsumer.consume(StreamMessageConsumer.java:72)
	at org.eclipse.lsp4e.LanguageServerWrapper.lambda$3(LanguageServerWrapper.java:413)
	at org.eclipse.lsp4j.jsonrpc.RemoteEndpoint.request(RemoteEndpoint.java:171)
	at org.eclipse.lsp4j.jsonrpc.services.EndpointProxy.invoke(EndpointProxy.java:91)
	at jdk.proxy15/jdk.proxy15.$Proxy38.inlayHint(Unknown Source)
	at org.eclipse.lsp4e.operations.inlayhint.InlayHintProvider.lambda$1(InlayHintProvider.java:55)
	at org.eclipse.lsp4e.LanguageServers.lambda$24(LanguageServers.java:445)
	at org.eclipse.lsp4e.LanguageServerWrapper.lambda$17(LanguageServerWrapper.java:976)
	at java.base/java.util.concurrent.CompletableFuture$UniCompose.tryFire(CompletableFuture.java:1194)
	at java.base/java.util.concurrent.CompletableFuture$Completion.run(CompletableFuture.java:526)
	at java.base/java.util.concurrent.ThreadPoolExecutor.runWorker(ThreadPoolExecutor.java:1144)
	at java.base/java.util.concurrent.ThreadPoolExecutor$Worker.run(ThreadPoolExecutor.java:642)
	at java.base/java.lang.Thread.run(Thread.java:1575)
Caused by: java.io.IOException: 파이프가 닫히는 중입니다
	at java.base/java.io.FileOutputStream.writeBytes(Native Method)
	at java.base/java.io.FileOutputStream.write(FileOutputStream.java:400)
	at java.base/java.lang.Process$PipeOutputStream.write(Process.java:907)
	at java.base/java.io.BufferedOutputStream.flushBuffer(BufferedOutputStream.java:125)
	at java.base/java.io.BufferedOutputStream.implWrite(BufferedOutputStream.java:222)
	at java.base/java.io.BufferedOutputStream.write(BufferedOutputStream.java:200)
	at java.base/java.io.FilterOutputStream.write(FilterOutputStream.java:110)
	at org.eclipse.lsp4j.jsonrpc.json.StreamMessageConsumer.consume(StreamMessageConsumer.java:67)
	... 12 more

!ENTRY org.eclipse.jface.text 4 0 2025-09-16 14:54:47.211
!MESSAGE org.eclipse.lsp4j.jsonrpc.JsonRpcException: java.io.IOException: 파이프가 닫히는 중입니다
!STACK 0
java.util.concurrent.CompletionException: org.eclipse.lsp4j.jsonrpc.JsonRpcException: java.io.IOException: 파이프가 닫히는 중입니다
	at java.base/java.util.concurrent.CompletableFuture.wrapInCompletionException(CompletableFuture.java:323)
	at java.base/java.util.concurrent.CompletableFuture.encodeThrowable(CompletableFuture.java:376)
	at java.base/java.util.concurrent.CompletableFuture.uniApplyNow(CompletableFuture.java:718)
	at java.base/java.util.concurrent.CompletableFuture.uniApplyStage(CompletableFuture.java:706)
	at java.base/java.util.concurrent.CompletableFuture.thenApply(CompletableFuture.java:2244)
	at org.eclipse.lsp4e.operations.codelens.CodeLensProvider.lambda$1(CodeLensProvider.java:41)
	at org.eclipse.lsp4e.LanguageServers.lambda$24(LanguageServers.java:445)
	at org.eclipse.lsp4e.LanguageServerWrapper.lambda$17(LanguageServerWrapper.java:976)
	at java.base/java.util.concurrent.CompletableFuture$UniCompose.tryFire(CompletableFuture.java:1194)
	at java.base/java.util.concurrent.CompletableFuture$Completion.run(CompletableFuture.java:526)
	at java.base/java.util.concurrent.ThreadPoolExecutor.runWorker(ThreadPoolExecutor.java:1144)
	at java.base/java.util.concurrent.ThreadPoolExecutor$Worker.run(ThreadPoolExecutor.java:642)
	at java.base/java.lang.Thread.run(Thread.java:1575)
Caused by: org.eclipse.lsp4j.jsonrpc.JsonRpcException: java.io.IOException: 파이프가 닫히는 중입니다
	at org.eclipse.lsp4j.jsonrpc.json.StreamMessageConsumer.consume(StreamMessageConsumer.java:72)
	at org.eclipse.lsp4e.LanguageServerWrapper.lambda$3(LanguageServerWrapper.java:413)
	at org.eclipse.lsp4j.jsonrpc.RemoteEndpoint.request(RemoteEndpoint.java:171)
	at org.eclipse.lsp4j.jsonrpc.services.EndpointProxy.invoke(EndpointProxy.java:91)
	at jdk.proxy15/jdk.proxy15.$Proxy38.codeLens(Unknown Source)
	at org.eclipse.lsp4e.operations.codelens.CodeLensProvider.lambda$1(CodeLensProvider.java:40)
	... 7 more
Caused by: java.io.IOException: 파이프가 닫히는 중입니다
	at java.base/java.io.FileOutputStream.writeBytes(Native Method)
	at java.base/java.io.FileOutputStream.write(FileOutputStream.java:400)
	at java.base/java.lang.Process$PipeOutputStream.write(Process.java:907)
	at java.base/java.io.BufferedOutputStream.flushBuffer(BufferedOutputStream.java:125)
	at java.base/java.io.BufferedOutputStream.implWrite(BufferedOutputStream.java:222)
	at java.base/java.io.BufferedOutputStream.write(BufferedOutputStream.java:200)
	at java.base/java.io.FilterOutputStream.write(FilterOutputStream.java:110)
	at org.eclipse.lsp4j.jsonrpc.json.StreamMessageConsumer.consume(StreamMessageConsumer.java:67)
	... 12 more

!ENTRY org.eclipse.lsp4e 4 0 2025-09-16 14:54:47.211
!MESSAGE java.io.IOException: 파이프가 닫히는 중입니다
!STACK 0
org.eclipse.lsp4j.jsonrpc.JsonRpcException: java.io.IOException: 파이프가 닫히는 중입니다
	at org.eclipse.lsp4j.jsonrpc.json.StreamMessageConsumer.consume(StreamMessageConsumer.java:72)
	at org.eclipse.lsp4e.LanguageServerWrapper.lambda$3(LanguageServerWrapper.java:413)
	at org.eclipse.lsp4j.jsonrpc.RemoteEndpoint.request(RemoteEndpoint.java:171)
	at org.eclipse.lsp4j.jsonrpc.services.EndpointProxy.invoke(EndpointProxy.java:91)
	at jdk.proxy15/jdk.proxy15.$Proxy38.inlayHint(Unknown Source)
	at org.eclipse.lsp4e.operations.inlayhint.InlayHintProvider.lambda$1(InlayHintProvider.java:55)
	at org.eclipse.lsp4e.LanguageServers.lambda$24(LanguageServers.java:445)
	at org.eclipse.lsp4e.LanguageServerWrapper.lambda$17(LanguageServerWrapper.java:976)
	at java.base/java.util.concurrent.CompletableFuture$UniCompose.tryFire(CompletableFuture.java:1194)
	at java.base/java.util.concurrent.CompletableFuture$Completion.run(CompletableFuture.java:526)
	at java.base/java.util.concurrent.ThreadPoolExecutor.runWorker(ThreadPoolExecutor.java:1144)
	at java.base/java.util.concurrent.ThreadPoolExecutor$Worker.run(ThreadPoolExecutor.java:642)
	at java.base/java.lang.Thread.run(Thread.java:1575)
Caused by: java.io.IOException: 파이프가 닫히는 중입니다
	at java.base/java.io.FileOutputStream.writeBytes(Native Method)
	at java.base/java.io.FileOutputStream.write(FileOutputStream.java:400)
	at java.base/java.lang.Process$PipeOutputStream.write(Process.java:907)
	at java.base/java.io.BufferedOutputStream.flushBuffer(BufferedOutputStream.java:125)
	at java.base/java.io.BufferedOutputStream.implWrite(BufferedOutputStream.java:222)
	at java.base/java.io.BufferedOutputStream.write(BufferedOutputStream.java:200)
	at java.base/java.io.FilterOutputStream.write(FilterOutputStream.java:110)
	at org.eclipse.lsp4j.jsonrpc.json.StreamMessageConsumer.consume(StreamMessageConsumer.java:67)
	... 12 more

!ENTRY org.eclipse.jface.text 4 0 2025-09-16 14:54:47.212
!MESSAGE org.eclipse.lsp4j.jsonrpc.JsonRpcException: java.io.IOException: 파이프가 닫히는 중입니다
!STACK 0
java.util.concurrent.CompletionException: org.eclipse.lsp4j.jsonrpc.JsonRpcException: java.io.IOException: 파이프가 닫히는 중입니다
	at java.base/java.util.concurrent.CompletableFuture.wrapInCompletionException(CompletableFuture.java:323)
	at java.base/java.util.concurrent.CompletableFuture.encodeThrowable(CompletableFuture.java:376)
	at java.base/java.util.concurrent.CompletableFuture.uniApplyNow(CompletableFuture.java:718)
	at java.base/java.util.concurrent.CompletableFuture.uniApplyStage(CompletableFuture.java:706)
	at java.base/java.util.concurrent.CompletableFuture.thenApply(CompletableFuture.java:2244)
	at org.eclipse.lsp4e.operations.codelens.CodeLensProvider.lambda$1(CodeLensProvider.java:41)
	at org.eclipse.lsp4e.LanguageServers.lambda$24(LanguageServers.java:445)
	at org.eclipse.lsp4e.LanguageServerWrapper.lambda$17(LanguageServerWrapper.java:976)
	at java.base/java.util.concurrent.CompletableFuture$UniCompose.tryFire(CompletableFuture.java:1194)
	at java.base/java.util.concurrent.CompletableFuture$Completion.run(CompletableFuture.java:526)
	at java.base/java.util.concurrent.ThreadPoolExecutor.runWorker(ThreadPoolExecutor.java:1144)
	at java.base/java.util.concurrent.ThreadPoolExecutor$Worker.run(ThreadPoolExecutor.java:642)
	at java.base/java.lang.Thread.run(Thread.java:1575)
Caused by: org.eclipse.lsp4j.jsonrpc.JsonRpcException: java.io.IOException: 파이프가 닫히는 중입니다
	at org.eclipse.lsp4j.jsonrpc.json.StreamMessageConsumer.consume(StreamMessageConsumer.java:72)
	at org.eclipse.lsp4e.LanguageServerWrapper.lambda$3(LanguageServerWrapper.java:413)
	at org.eclipse.lsp4j.jsonrpc.RemoteEndpoint.request(RemoteEndpoint.java:171)
	at org.eclipse.lsp4j.jsonrpc.services.EndpointProxy.invoke(EndpointProxy.java:91)
	at jdk.proxy15/jdk.proxy15.$Proxy38.codeLens(Unknown Source)
	at org.eclipse.lsp4e.operations.codelens.CodeLensProvider.lambda$1(CodeLensProvider.java:40)
	... 7 more
Caused by: java.io.IOException: 파이프가 닫히는 중입니다
	at java.base/java.io.FileOutputStream.writeBytes(Native Method)
	at java.base/java.io.FileOutputStream.write(FileOutputStream.java:400)
	at java.base/java.lang.Process$PipeOutputStream.write(Process.java:907)
	at java.base/java.io.BufferedOutputStream.flushBuffer(BufferedOutputStream.java:125)
	at java.base/java.io.BufferedOutputStream.implWrite(BufferedOutputStream.java:222)
	at java.base/java.io.BufferedOutputStream.write(BufferedOutputStream.java:200)
	at java.base/java.io.FilterOutputStream.write(FilterOutputStream.java:110)
	at org.eclipse.lsp4j.jsonrpc.json.StreamMessageConsumer.consume(StreamMessageConsumer.java:67)
	... 12 more

!ENTRY org.eclipse.lsp4e 4 0 2025-09-16 14:54:47.212
!MESSAGE java.io.IOException: 파이프가 닫히는 중입니다
!STACK 0
org.eclipse.lsp4j.jsonrpc.JsonRpcException: java.io.IOException: 파이프가 닫히는 중입니다
	at org.eclipse.lsp4j.jsonrpc.json.StreamMessageConsumer.consume(StreamMessageConsumer.java:72)
	at org.eclipse.lsp4e.LanguageServerWrapper.lambda$3(LanguageServerWrapper.java:413)
	at org.eclipse.lsp4j.jsonrpc.RemoteEndpoint.request(RemoteEndpoint.java:171)
	at org.eclipse.lsp4j.jsonrpc.services.EndpointProxy.invoke(EndpointProxy.java:91)
	at jdk.proxy15/jdk.proxy15.$Proxy38.inlayHint(Unknown Source)
	at org.eclipse.lsp4e.operations.inlayhint.InlayHintProvider.lambda$1(InlayHintProvider.java:55)
	at org.eclipse.lsp4e.LanguageServers.lambda$24(LanguageServers.java:445)
	at org.eclipse.lsp4e.LanguageServerWrapper.lambda$17(LanguageServerWrapper.java:976)
	at java.base/java.util.concurrent.CompletableFuture$UniCompose.tryFire(CompletableFuture.java:1194)
	at java.base/java.util.concurrent.CompletableFuture$Completion.run(CompletableFuture.java:526)
	at java.base/java.util.concurrent.ThreadPoolExecutor.runWorker(ThreadPoolExecutor.java:1144)
	at java.base/java.util.concurrent.ThreadPoolExecutor$Worker.run(ThreadPoolExecutor.java:642)
	at java.base/java.lang.Thread.run(Thread.java:1575)
Caused by: java.io.IOException: 파이프가 닫히는 중입니다
	at java.base/java.io.FileOutputStream.writeBytes(Native Method)
	at java.base/java.io.FileOutputStream.write(FileOutputStream.java:400)
	at java.base/java.lang.Process$PipeOutputStream.write(Process.java:907)
	at java.base/java.io.BufferedOutputStream.flushBuffer(BufferedOutputStream.java:125)
	at java.base/java.io.BufferedOutputStream.implWrite(BufferedOutputStream.java:222)
	at java.base/java.io.BufferedOutputStream.write(BufferedOutputStream.java:200)
	at java.base/java.io.FilterOutputStream.write(FilterOutputStream.java:110)
	at org.eclipse.lsp4j.jsonrpc.json.StreamMessageConsumer.consume(StreamMessageConsumer.java:67)
	... 12 more

!ENTRY org.eclipse.jface.text 4 0 2025-09-16 14:54:47.212
!MESSAGE org.eclipse.lsp4j.jsonrpc.JsonRpcException: java.io.IOException: 파이프가 닫히는 중입니다
!STACK 0
java.util.concurrent.CompletionException: org.eclipse.lsp4j.jsonrpc.JsonRpcException: java.io.IOException: 파이프가 닫히는 중입니다
	at java.base/java.util.concurrent.CompletableFuture.wrapInCompletionException(CompletableFuture.java:323)
	at java.base/java.util.concurrent.CompletableFuture.encodeThrowable(CompletableFuture.java:376)
	at java.base/java.util.concurrent.CompletableFuture.uniApplyNow(CompletableFuture.java:718)
	at java.base/java.util.concurrent.CompletableFuture.uniApplyStage(CompletableFuture.java:706)
	at java.base/java.util.concurrent.CompletableFuture.thenApply(CompletableFuture.java:2244)
	at org.eclipse.lsp4e.operations.codelens.CodeLensProvider.lambda$1(CodeLensProvider.java:41)
	at org.eclipse.lsp4e.LanguageServers.lambda$24(LanguageServers.java:445)
	at org.eclipse.lsp4e.LanguageServerWrapper.lambda$17(LanguageServerWrapper.java:976)
	at java.base/java.util.concurrent.CompletableFuture$UniCompose.tryFire(CompletableFuture.java:1194)
	at java.base/java.util.concurrent.CompletableFuture$Completion.run(CompletableFuture.java:526)
	at java.base/java.util.concurrent.ThreadPoolExecutor.runWorker(ThreadPoolExecutor.java:1144)
	at java.base/java.util.concurrent.ThreadPoolExecutor$Worker.run(ThreadPoolExecutor.java:642)
	at java.base/java.lang.Thread.run(Thread.java:1575)
Caused by: org.eclipse.lsp4j.jsonrpc.JsonRpcException: java.io.IOException: 파이프가 닫히는 중입니다
	at org.eclipse.lsp4j.jsonrpc.json.StreamMessageConsumer.consume(StreamMessageConsumer.java:72)
	at org.eclipse.lsp4e.LanguageServerWrapper.lambda$3(LanguageServerWrapper.java:413)
	at org.eclipse.lsp4j.jsonrpc.RemoteEndpoint.request(RemoteEndpoint.java:171)
	at org.eclipse.lsp4j.jsonrpc.services.EndpointProxy.invoke(EndpointProxy.java:91)
	at jdk.proxy15/jdk.proxy15.$Proxy38.codeLens(Unknown Source)
	at org.eclipse.lsp4e.operations.codelens.CodeLensProvider.lambda$1(CodeLensProvider.java:40)
	... 7 more
Caused by: java.io.IOException: 파이프가 닫히는 중입니다
	at java.base/java.io.FileOutputStream.writeBytes(Native Method)
	at java.base/java.io.FileOutputStream.write(FileOutputStream.java:400)
	at java.base/java.lang.Process$PipeOutputStream.write(Process.java:907)
	at java.base/java.io.BufferedOutputStream.flushBuffer(BufferedOutputStream.java:125)
	at java.base/java.io.BufferedOutputStream.implWrite(BufferedOutputStream.java:222)
	at java.base/java.io.BufferedOutputStream.write(BufferedOutputStream.java:200)
	at java.base/java.io.FilterOutputStream.write(FilterOutputStream.java:110)
	at org.eclipse.lsp4j.jsonrpc.json.StreamMessageConsumer.consume(StreamMessageConsumer.java:67)
	... 12 more

!ENTRY org.eclipse.lsp4e 4 0 2025-09-16 14:54:47.212
!MESSAGE java.io.IOException: 파이프가 닫히는 중입니다
!STACK 0
org.eclipse.lsp4j.jsonrpc.JsonRpcException: java.io.IOException: 파이프가 닫히는 중입니다
	at org.eclipse.lsp4j.jsonrpc.json.StreamMessageConsumer.consume(StreamMessageConsumer.java:72)
	at org.eclipse.lsp4e.LanguageServerWrapper.lambda$3(LanguageServerWrapper.java:413)
	at org.eclipse.lsp4j.jsonrpc.RemoteEndpoint.request(RemoteEndpoint.java:171)
	at org.eclipse.lsp4j.jsonrpc.services.EndpointProxy.invoke(EndpointProxy.java:91)
	at jdk.proxy15/jdk.proxy15.$Proxy38.inlayHint(Unknown Source)
	at org.eclipse.lsp4e.operations.inlayhint.InlayHintProvider.lambda$1(InlayHintProvider.java:55)
	at org.eclipse.lsp4e.LanguageServers.lambda$24(LanguageServers.java:445)
	at org.eclipse.lsp4e.LanguageServerWrapper.lambda$17(LanguageServerWrapper.java:976)
	at java.base/java.util.concurrent.CompletableFuture$UniCompose.tryFire(CompletableFuture.java:1194)
	at java.base/java.util.concurrent.CompletableFuture$Completion.run(CompletableFuture.java:526)
	at java.base/java.util.concurrent.ThreadPoolExecutor.runWorker(ThreadPoolExecutor.java:1144)
	at java.base/java.util.concurrent.ThreadPoolExecutor$Worker.run(ThreadPoolExecutor.java:642)
	at java.base/java.lang.Thread.run(Thread.java:1575)
Caused by: java.io.IOException: 파이프가 닫히는 중입니다
	at java.base/java.io.FileOutputStream.writeBytes(Native Method)
	at java.base/java.io.FileOutputStream.write(FileOutputStream.java:400)
	at java.base/java.lang.Process$PipeOutputStream.write(Process.java:907)
	at java.base/java.io.BufferedOutputStream.flushBuffer(BufferedOutputStream.java:125)
	at java.base/java.io.BufferedOutputStream.implWrite(BufferedOutputStream.java:222)
	at java.base/java.io.BufferedOutputStream.write(BufferedOutputStream.java:200)
	at java.base/java.io.FilterOutputStream.write(FilterOutputStream.java:110)
	at org.eclipse.lsp4j.jsonrpc.json.StreamMessageConsumer.consume(StreamMessageConsumer.java:67)
	... 12 more

!ENTRY org.eclipse.jface.text 4 0 2025-09-16 14:54:47.213
!MESSAGE org.eclipse.lsp4j.jsonrpc.JsonRpcException: java.io.IOException: 파이프가 닫히는 중입니다
!STACK 0
java.util.concurrent.CompletionException: org.eclipse.lsp4j.jsonrpc.JsonRpcException: java.io.IOException: 파이프가 닫히는 중입니다
	at java.base/java.util.concurrent.CompletableFuture.wrapInCompletionException(CompletableFuture.java:323)
	at java.base/java.util.concurrent.CompletableFuture.encodeThrowable(CompletableFuture.java:376)
	at java.base/java.util.concurrent.CompletableFuture.uniApplyNow(CompletableFuture.java:718)
	at java.base/java.util.concurrent.CompletableFuture.uniApplyStage(CompletableFuture.java:706)
	at java.base/java.util.concurrent.CompletableFuture.thenApply(CompletableFuture.java:2244)
	at org.eclipse.lsp4e.operations.codelens.CodeLensProvider.lambda$1(CodeLensProvider.java:41)
	at org.eclipse.lsp4e.LanguageServers.lambda$24(LanguageServers.java:445)
	at org.eclipse.lsp4e.LanguageServerWrapper.lambda$17(LanguageServerWrapper.java:976)
	at java.base/java.util.concurrent.CompletableFuture$UniCompose.tryFire(CompletableFuture.java:1194)
	at java.base/java.util.concurrent.CompletableFuture$Completion.run(CompletableFuture.java:526)
	at java.base/java.util.concurrent.ThreadPoolExecutor.runWorker(ThreadPoolExecutor.java:1144)
	at java.base/java.util.concurrent.ThreadPoolExecutor$Worker.run(ThreadPoolExecutor.java:642)
	at java.base/java.lang.Thread.run(Thread.java:1575)
Caused by: org.eclipse.lsp4j.jsonrpc.JsonRpcException: java.io.IOException: 파이프가 닫히는 중입니다
	at org.eclipse.lsp4j.jsonrpc.json.StreamMessageConsumer.consume(StreamMessageConsumer.java:72)
	at org.eclipse.lsp4e.LanguageServerWrapper.lambda$3(LanguageServerWrapper.java:413)
	at org.eclipse.lsp4j.jsonrpc.RemoteEndpoint.request(RemoteEndpoint.java:171)
	at org.eclipse.lsp4j.jsonrpc.services.EndpointProxy.invoke(EndpointProxy.java:91)
	at jdk.proxy15/jdk.proxy15.$Proxy38.codeLens(Unknown Source)
	at org.eclipse.lsp4e.operations.codelens.CodeLensProvider.lambda$1(CodeLensProvider.java:40)
	... 7 more
Caused by: java.io.IOException: 파이프가 닫히는 중입니다
	at java.base/java.io.FileOutputStream.writeBytes(Native Method)
	at java.base/java.io.FileOutputStream.write(FileOutputStream.java:400)
	at java.base/java.lang.Process$PipeOutputStream.write(Process.java:907)
	at java.base/java.io.BufferedOutputStream.flushBuffer(BufferedOutputStream.java:125)
	at java.base/java.io.BufferedOutputStream.implWrite(BufferedOutputStream.java:222)
	at java.base/java.io.BufferedOutputStream.write(BufferedOutputStream.java:200)
	at java.base/java.io.FilterOutputStream.write(FilterOutputStream.java:110)
	at org.eclipse.lsp4j.jsonrpc.json.StreamMessageConsumer.consume(StreamMessageConsumer.java:67)
	... 12 more

!ENTRY org.eclipse.lsp4e 4 0 2025-09-16 14:54:47.213
!MESSAGE java.io.IOException: 파이프가 닫히는 중입니다
!STACK 0
org.eclipse.lsp4j.jsonrpc.JsonRpcException: java.io.IOException: 파이프가 닫히는 중입니다
	at org.eclipse.lsp4j.jsonrpc.json.StreamMessageConsumer.consume(StreamMessageConsumer.java:72)
	at org.eclipse.lsp4e.LanguageServerWrapper.lambda$3(LanguageServerWrapper.java:413)
	at org.eclipse.lsp4j.jsonrpc.RemoteEndpoint.request(RemoteEndpoint.java:171)
	at org.eclipse.lsp4j.jsonrpc.services.EndpointProxy.invoke(EndpointProxy.java:91)
	at jdk.proxy15/jdk.proxy15.$Proxy38.inlayHint(Unknown Source)
	at org.eclipse.lsp4e.operations.inlayhint.InlayHintProvider.lambda$1(InlayHintProvider.java:55)
	at org.eclipse.lsp4e.LanguageServers.lambda$24(LanguageServers.java:445)
	at org.eclipse.lsp4e.LanguageServerWrapper.lambda$17(LanguageServerWrapper.java:976)
	at java.base/java.util.concurrent.CompletableFuture$UniCompose.tryFire(CompletableFuture.java:1194)
	at java.base/java.util.concurrent.CompletableFuture$Completion.run(CompletableFuture.java:526)
	at java.base/java.util.concurrent.ThreadPoolExecutor.runWorker(ThreadPoolExecutor.java:1144)
	at java.base/java.util.concurrent.ThreadPoolExecutor$Worker.run(ThreadPoolExecutor.java:642)
	at java.base/java.lang.Thread.run(Thread.java:1575)
Caused by: java.io.IOException: 파이프가 닫히는 중입니다
	at java.base/java.io.FileOutputStream.writeBytes(Native Method)
	at java.base/java.io.FileOutputStream.write(FileOutputStream.java:400)
	at java.base/java.lang.Process$PipeOutputStream.write(Process.java:907)
	at java.base/java.io.BufferedOutputStream.flushBuffer(BufferedOutputStream.java:125)
	at java.base/java.io.BufferedOutputStream.implWrite(BufferedOutputStream.java:222)
	at java.base/java.io.BufferedOutputStream.write(BufferedOutputStream.java:200)
	at java.base/java.io.FilterOutputStream.write(FilterOutputStream.java:110)
	at org.eclipse.lsp4j.jsonrpc.json.StreamMessageConsumer.consume(StreamMessageConsumer.java:67)
	... 12 more

!ENTRY org.eclipse.jface.text 4 0 2025-09-16 14:54:47.214
!MESSAGE org.eclipse.lsp4j.jsonrpc.JsonRpcException: java.io.IOException: 파이프가 닫히는 중입니다
!STACK 0
java.util.concurrent.CompletionException: org.eclipse.lsp4j.jsonrpc.JsonRpcException: java.io.IOException: 파이프가 닫히는 중입니다
	at java.base/java.util.concurrent.CompletableFuture.wrapInCompletionException(CompletableFuture.java:323)
	at java.base/java.util.concurrent.CompletableFuture.encodeThrowable(CompletableFuture.java:376)
	at java.base/java.util.concurrent.CompletableFuture.uniApplyNow(CompletableFuture.java:718)
	at java.base/java.util.concurrent.CompletableFuture.uniApplyStage(CompletableFuture.java:706)
	at java.base/java.util.concurrent.CompletableFuture.thenApply(CompletableFuture.java:2244)
	at org.eclipse.lsp4e.operations.codelens.CodeLensProvider.lambda$1(CodeLensProvider.java:41)
	at org.eclipse.lsp4e.LanguageServers.lambda$24(LanguageServers.java:445)
	at org.eclipse.lsp4e.LanguageServerWrapper.lambda$17(LanguageServerWrapper.java:976)
	at java.base/java.util.concurrent.CompletableFuture$UniCompose.tryFire(CompletableFuture.java:1194)
	at java.base/java.util.concurrent.CompletableFuture$Completion.run(CompletableFuture.java:526)
	at java.base/java.util.concurrent.ThreadPoolExecutor.runWorker(ThreadPoolExecutor.java:1144)
	at java.base/java.util.concurrent.ThreadPoolExecutor$Worker.run(ThreadPoolExecutor.java:642)
	at java.base/java.lang.Thread.run(Thread.java:1575)
Caused by: org.eclipse.lsp4j.jsonrpc.JsonRpcException: java.io.IOException: 파이프가 닫히는 중입니다
	at org.eclipse.lsp4j.jsonrpc.json.StreamMessageConsumer.consume(StreamMessageConsumer.java:72)
	at org.eclipse.lsp4e.LanguageServerWrapper.lambda$3(LanguageServerWrapper.java:413)
	at org.eclipse.lsp4j.jsonrpc.RemoteEndpoint.request(RemoteEndpoint.java:171)
	at org.eclipse.lsp4j.jsonrpc.services.EndpointProxy.invoke(EndpointProxy.java:91)
	at jdk.proxy15/jdk.proxy15.$Proxy38.codeLens(Unknown Source)
	at org.eclipse.lsp4e.operations.codelens.CodeLensProvider.lambda$1(CodeLensProvider.java:40)
	... 7 more
Caused by: java.io.IOException: 파이프가 닫히는 중입니다
	at java.base/java.io.FileOutputStream.writeBytes(Native Method)
	at java.base/java.io.FileOutputStream.write(FileOutputStream.java:400)
	at java.base/java.lang.Process$PipeOutputStream.write(Process.java:907)
	at java.base/java.io.BufferedOutputStream.flushBuffer(BufferedOutputStream.java:125)
	at java.base/java.io.BufferedOutputStream.implWrite(BufferedOutputStream.java:222)
	at java.base/java.io.BufferedOutputStream.write(BufferedOutputStream.java:200)
	at java.base/java.io.FilterOutputStream.write(FilterOutputStream.java:110)
	at org.eclipse.lsp4j.jsonrpc.json.StreamMessageConsumer.consume(StreamMessageConsumer.java:67)
	... 12 more

!ENTRY org.eclipse.lsp4e 4 0 2025-09-16 14:54:47.214
!MESSAGE java.io.IOException: 파이프가 닫히는 중입니다
!STACK 0
org.eclipse.lsp4j.jsonrpc.JsonRpcException: java.io.IOException: 파이프가 닫히는 중입니다
	at org.eclipse.lsp4j.jsonrpc.json.StreamMessageConsumer.consume(StreamMessageConsumer.java:72)
	at org.eclipse.lsp4e.LanguageServerWrapper.lambda$3(LanguageServerWrapper.java:413)
	at org.eclipse.lsp4j.jsonrpc.RemoteEndpoint.request(RemoteEndpoint.java:171)
	at org.eclipse.lsp4j.jsonrpc.services.EndpointProxy.invoke(EndpointProxy.java:91)
	at jdk.proxy15/jdk.proxy15.$Proxy38.inlayHint(Unknown Source)
	at org.eclipse.lsp4e.operations.inlayhint.InlayHintProvider.lambda$1(InlayHintProvider.java:55)
	at org.eclipse.lsp4e.LanguageServers.lambda$24(LanguageServers.java:445)
	at org.eclipse.lsp4e.LanguageServerWrapper.lambda$17(LanguageServerWrapper.java:976)
	at java.base/java.util.concurrent.CompletableFuture$UniCompose.tryFire(CompletableFuture.java:1194)
	at java.base/java.util.concurrent.CompletableFuture$Completion.run(CompletableFuture.java:526)
	at java.base/java.util.concurrent.ThreadPoolExecutor.runWorker(ThreadPoolExecutor.java:1144)
	at java.base/java.util.concurrent.ThreadPoolExecutor$Worker.run(ThreadPoolExecutor.java:642)
	at java.base/java.lang.Thread.run(Thread.java:1575)
Caused by: java.io.IOException: 파이프가 닫히는 중입니다
	at java.base/java.io.FileOutputStream.writeBytes(Native Method)
	at java.base/java.io.FileOutputStream.write(FileOutputStream.java:400)
	at java.base/java.lang.Process$PipeOutputStream.write(Process.java:907)
	at java.base/java.io.BufferedOutputStream.flushBuffer(BufferedOutputStream.java:125)
	at java.base/java.io.BufferedOutputStream.implWrite(BufferedOutputStream.java:222)
	at java.base/java.io.BufferedOutputStream.write(BufferedOutputStream.java:200)
	at java.base/java.io.FilterOutputStream.write(FilterOutputStream.java:110)
	at org.eclipse.lsp4j.jsonrpc.json.StreamMessageConsumer.consume(StreamMessageConsumer.java:67)
	... 12 more

!ENTRY org.eclipse.jface.text 4 0 2025-09-16 14:54:47.214
!MESSAGE org.eclipse.lsp4j.jsonrpc.JsonRpcException: java.io.IOException: 파이프가 닫히는 중입니다
!STACK 0
java.util.concurrent.CompletionException: org.eclipse.lsp4j.jsonrpc.JsonRpcException: java.io.IOException: 파이프가 닫히는 중입니다
	at java.base/java.util.concurrent.CompletableFuture.wrapInCompletionException(CompletableFuture.java:323)
	at java.base/java.util.concurrent.CompletableFuture.encodeThrowable(CompletableFuture.java:376)
	at java.base/java.util.concurrent.CompletableFuture.uniApplyNow(CompletableFuture.java:718)
	at java.base/java.util.concurrent.CompletableFuture.uniApplyStage(CompletableFuture.java:706)
	at java.base/java.util.concurrent.CompletableFuture.thenApply(CompletableFuture.java:2244)
	at org.eclipse.lsp4e.operations.codelens.CodeLensProvider.lambda$1(CodeLensProvider.java:41)
	at org.eclipse.lsp4e.LanguageServers.lambda$24(LanguageServers.java:445)
	at org.eclipse.lsp4e.LanguageServerWrapper.lambda$17(LanguageServerWrapper.java:976)
	at java.base/java.util.concurrent.CompletableFuture$UniCompose.tryFire(CompletableFuture.java:1194)
	at java.base/java.util.concurrent.CompletableFuture$Completion.run(CompletableFuture.java:526)
	at java.base/java.util.concurrent.ThreadPoolExecutor.runWorker(ThreadPoolExecutor.java:1144)
	at java.base/java.util.concurrent.ThreadPoolExecutor$Worker.run(ThreadPoolExecutor.java:642)
	at java.base/java.lang.Thread.run(Thread.java:1575)
Caused by: org.eclipse.lsp4j.jsonrpc.JsonRpcException: java.io.IOException: 파이프가 닫히는 중입니다
	at org.eclipse.lsp4j.jsonrpc.json.StreamMessageConsumer.consume(StreamMessageConsumer.java:72)
	at org.eclipse.lsp4e.LanguageServerWrapper.lambda$3(LanguageServerWrapper.java:413)
	at org.eclipse.lsp4j.jsonrpc.RemoteEndpoint.request(RemoteEndpoint.java:171)
	at org.eclipse.lsp4j.jsonrpc.services.EndpointProxy.invoke(EndpointProxy.java:91)
	at jdk.proxy15/jdk.proxy15.$Proxy38.codeLens(Unknown Source)
	at org.eclipse.lsp4e.operations.codelens.CodeLensProvider.lambda$1(CodeLensProvider.java:40)
	... 7 more
Caused by: java.io.IOException: 파이프가 닫히는 중입니다
	at java.base/java.io.FileOutputStream.writeBytes(Native Method)
	at java.base/java.io.FileOutputStream.write(FileOutputStream.java:400)
	at java.base/java.lang.Process$PipeOutputStream.write(Process.java:907)
	at java.base/java.io.BufferedOutputStream.flushBuffer(BufferedOutputStream.java:125)
	at java.base/java.io.BufferedOutputStream.implWrite(BufferedOutputStream.java:222)
	at java.base/java.io.BufferedOutputStream.write(BufferedOutputStream.java:200)
	at java.base/java.io.FilterOutputStream.write(FilterOutputStream.java:110)
	at org.eclipse.lsp4j.jsonrpc.json.StreamMessageConsumer.consume(StreamMessageConsumer.java:67)
	... 12 more

!ENTRY org.eclipse.lsp4e 4 0 2025-09-16 14:54:47.215
!MESSAGE java.io.IOException: 파이프가 닫히는 중입니다
!STACK 0
org.eclipse.lsp4j.jsonrpc.JsonRpcException: java.io.IOException: 파이프가 닫히는 중입니다
	at org.eclipse.lsp4j.jsonrpc.json.StreamMessageConsumer.consume(StreamMessageConsumer.java:72)
	at org.eclipse.lsp4e.LanguageServerWrapper.lambda$3(LanguageServerWrapper.java:413)
	at org.eclipse.lsp4j.jsonrpc.RemoteEndpoint.request(RemoteEndpoint.java:171)
	at org.eclipse.lsp4j.jsonrpc.services.EndpointProxy.invoke(EndpointProxy.java:91)
	at jdk.proxy15/jdk.proxy15.$Proxy38.inlayHint(Unknown Source)
	at org.eclipse.lsp4e.operations.inlayhint.InlayHintProvider.lambda$1(InlayHintProvider.java:55)
	at org.eclipse.lsp4e.LanguageServers.lambda$24(LanguageServers.java:445)
	at org.eclipse.lsp4e.LanguageServerWrapper.lambda$17(LanguageServerWrapper.java:976)
	at java.base/java.util.concurrent.CompletableFuture$UniCompose.tryFire(CompletableFuture.java:1194)
	at java.base/java.util.concurrent.CompletableFuture$Completion.run(CompletableFuture.java:526)
	at java.base/java.util.concurrent.ThreadPoolExecutor.runWorker(ThreadPoolExecutor.java:1144)
	at java.base/java.util.concurrent.ThreadPoolExecutor$Worker.run(ThreadPoolExecutor.java:642)
	at java.base/java.lang.Thread.run(Thread.java:1575)
Caused by: java.io.IOException: 파이프가 닫히는 중입니다
	at java.base/java.io.FileOutputStream.writeBytes(Native Method)
	at java.base/java.io.FileOutputStream.write(FileOutputStream.java:400)
	at java.base/java.lang.Process$PipeOutputStream.write(Process.java:907)
	at java.base/java.io.BufferedOutputStream.flushBuffer(BufferedOutputStream.java:125)
	at java.base/java.io.BufferedOutputStream.implWrite(BufferedOutputStream.java:222)
	at java.base/java.io.BufferedOutputStream.write(BufferedOutputStream.java:200)
	at java.base/java.io.FilterOutputStream.write(FilterOutputStream.java:110)
	at org.eclipse.lsp4j.jsonrpc.json.StreamMessageConsumer.consume(StreamMessageConsumer.java:67)
	... 12 more

!ENTRY org.eclipse.jface.text 4 0 2025-09-16 14:54:47.215
!MESSAGE org.eclipse.lsp4j.jsonrpc.JsonRpcException: java.io.IOException: 파이프가 닫히는 중입니다
!STACK 0
java.util.concurrent.CompletionException: org.eclipse.lsp4j.jsonrpc.JsonRpcException: java.io.IOException: 파이프가 닫히는 중입니다
	at java.base/java.util.concurrent.CompletableFuture.wrapInCompletionException(CompletableFuture.java:323)
	at java.base/java.util.concurrent.CompletableFuture.encodeThrowable(CompletableFuture.java:376)
	at java.base/java.util.concurrent.CompletableFuture.uniApplyNow(CompletableFuture.java:718)
	at java.base/java.util.concurrent.CompletableFuture.uniApplyStage(CompletableFuture.java:706)
	at java.base/java.util.concurrent.CompletableFuture.thenApply(CompletableFuture.java:2244)
	at org.eclipse.lsp4e.operations.codelens.CodeLensProvider.lambda$1(CodeLensProvider.java:41)
	at org.eclipse.lsp4e.LanguageServers.lambda$24(LanguageServers.java:445)
	at org.eclipse.lsp4e.LanguageServerWrapper.lambda$17(LanguageServerWrapper.java:976)
	at java.base/java.util.concurrent.CompletableFuture$UniCompose.tryFire(CompletableFuture.java:1194)
	at java.base/java.util.concurrent.CompletableFuture$Completion.run(CompletableFuture.java:526)
	at java.base/java.util.concurrent.ThreadPoolExecutor.runWorker(ThreadPoolExecutor.java:1144)
	at java.base/java.util.concurrent.ThreadPoolExecutor$Worker.run(ThreadPoolExecutor.java:642)
	at java.base/java.lang.Thread.run(Thread.java:1575)
Caused by: org.eclipse.lsp4j.jsonrpc.JsonRpcException: java.io.IOException: 파이프가 닫히는 중입니다
	at org.eclipse.lsp4j.jsonrpc.json.StreamMessageConsumer.consume(StreamMessageConsumer.java:72)
	at org.eclipse.lsp4e.LanguageServerWrapper.lambda$3(LanguageServerWrapper.java:413)
	at org.eclipse.lsp4j.jsonrpc.RemoteEndpoint.request(RemoteEndpoint.java:171)
	at org.eclipse.lsp4j.jsonrpc.services.EndpointProxy.invoke(EndpointProxy.java:91)
	at jdk.proxy15/jdk.proxy15.$Proxy38.codeLens(Unknown Source)
	at org.eclipse.lsp4e.operations.codelens.CodeLensProvider.lambda$1(CodeLensProvider.java:40)
	... 7 more
Caused by: java.io.IOException: 파이프가 닫히는 중입니다
	at java.base/java.io.FileOutputStream.writeBytes(Native Method)
	at java.base/java.io.FileOutputStream.write(FileOutputStream.java:400)
	at java.base/java.lang.Process$PipeOutputStream.write(Process.java:907)
	at java.base/java.io.BufferedOutputStream.flushBuffer(BufferedOutputStream.java:125)
	at java.base/java.io.BufferedOutputStream.implWrite(BufferedOutputStream.java:222)
	at java.base/java.io.BufferedOutputStream.write(BufferedOutputStream.java:200)
	at java.base/java.io.FilterOutputStream.write(FilterOutputStream.java:110)
	at org.eclipse.lsp4j.jsonrpc.json.StreamMessageConsumer.consume(StreamMessageConsumer.java:67)
	... 12 more

!ENTRY org.eclipse.lsp4e 4 0 2025-09-16 14:54:47.215
!MESSAGE java.io.IOException: 파이프가 닫히는 중입니다
!STACK 0
org.eclipse.lsp4j.jsonrpc.JsonRpcException: java.io.IOException: 파이프가 닫히는 중입니다
	at org.eclipse.lsp4j.jsonrpc.json.StreamMessageConsumer.consume(StreamMessageConsumer.java:72)
	at org.eclipse.lsp4e.LanguageServerWrapper.lambda$3(LanguageServerWrapper.java:413)
	at org.eclipse.lsp4j.jsonrpc.RemoteEndpoint.request(RemoteEndpoint.java:171)
	at org.eclipse.lsp4j.jsonrpc.services.EndpointProxy.invoke(EndpointProxy.java:91)
	at jdk.proxy15/jdk.proxy15.$Proxy38.inlayHint(Unknown Source)
	at org.eclipse.lsp4e.operations.inlayhint.InlayHintProvider.lambda$1(InlayHintProvider.java:55)
	at org.eclipse.lsp4e.LanguageServers.lambda$24(LanguageServers.java:445)
	at org.eclipse.lsp4e.LanguageServerWrapper.lambda$17(LanguageServerWrapper.java:976)
	at java.base/java.util.concurrent.CompletableFuture$UniCompose.tryFire(CompletableFuture.java:1194)
	at java.base/java.util.concurrent.CompletableFuture$Completion.run(CompletableFuture.java:526)
	at java.base/java.util.concurrent.ThreadPoolExecutor.runWorker(ThreadPoolExecutor.java:1144)
	at java.base/java.util.concurrent.ThreadPoolExecutor$Worker.run(ThreadPoolExecutor.java:642)
	at java.base/java.lang.Thread.run(Thread.java:1575)
Caused by: java.io.IOException: 파이프가 닫히는 중입니다
	at java.base/java.io.FileOutputStream.writeBytes(Native Method)
	at java.base/java.io.FileOutputStream.write(FileOutputStream.java:400)
	at java.base/java.lang.Process$PipeOutputStream.write(Process.java:907)
	at java.base/java.io.BufferedOutputStream.flushBuffer(BufferedOutputStream.java:125)
	at java.base/java.io.BufferedOutputStream.implWrite(BufferedOutputStream.java:222)
	at java.base/java.io.BufferedOutputStream.write(BufferedOutputStream.java:200)
	at java.base/java.io.FilterOutputStream.write(FilterOutputStream.java:110)
	at org.eclipse.lsp4j.jsonrpc.json.StreamMessageConsumer.consume(StreamMessageConsumer.java:67)
	... 12 more

!ENTRY org.eclipse.jface.text 4 0 2025-09-16 14:54:47.216
!MESSAGE org.eclipse.lsp4j.jsonrpc.JsonRpcException: java.io.IOException: 파이프가 닫히는 중입니다
!STACK 0
java.util.concurrent.CompletionException: org.eclipse.lsp4j.jsonrpc.JsonRpcException: java.io.IOException: 파이프가 닫히는 중입니다
	at java.base/java.util.concurrent.CompletableFuture.wrapInCompletionException(CompletableFuture.java:323)
	at java.base/java.util.concurrent.CompletableFuture.encodeThrowable(CompletableFuture.java:376)
	at java.base/java.util.concurrent.CompletableFuture.uniApplyNow(CompletableFuture.java:718)
	at java.base/java.util.concurrent.CompletableFuture.uniApplyStage(CompletableFuture.java:706)
	at java.base/java.util.concurrent.CompletableFuture.thenApply(CompletableFuture.java:2244)
	at org.eclipse.lsp4e.operations.codelens.CodeLensProvider.lambda$1(CodeLensProvider.java:41)
	at org.eclipse.lsp4e.LanguageServers.lambda$24(LanguageServers.java:445)
	at org.eclipse.lsp4e.LanguageServerWrapper.lambda$17(LanguageServerWrapper.java:976)
	at java.base/java.util.concurrent.CompletableFuture$UniCompose.tryFire(CompletableFuture.java:1194)
	at java.base/java.util.concurrent.CompletableFuture$Completion.run(CompletableFuture.java:526)
	at java.base/java.util.concurrent.ThreadPoolExecutor.runWorker(ThreadPoolExecutor.java:1144)
	at java.base/java.util.concurrent.ThreadPoolExecutor$Worker.run(ThreadPoolExecutor.java:642)
	at java.base/java.lang.Thread.run(Thread.java:1575)
Caused by: org.eclipse.lsp4j.jsonrpc.JsonRpcException: java.io.IOException: 파이프가 닫히는 중입니다
	at org.eclipse.lsp4j.jsonrpc.json.StreamMessageConsumer.consume(StreamMessageConsumer.java:72)
	at org.eclipse.lsp4e.LanguageServerWrapper.lambda$3(LanguageServerWrapper.java:413)
	at org.eclipse.lsp4j.jsonrpc.RemoteEndpoint.request(RemoteEndpoint.java:171)
	at org.eclipse.lsp4j.jsonrpc.services.EndpointProxy.invoke(EndpointProxy.java:91)
	at jdk.proxy15/jdk.proxy15.$Proxy38.codeLens(Unknown Source)
	at org.eclipse.lsp4e.operations.codelens.CodeLensProvider.lambda$1(CodeLensProvider.java:40)
	... 7 more
Caused by: java.io.IOException: 파이프가 닫히는 중입니다
	at java.base/java.io.FileOutputStream.writeBytes(Native Method)
	at java.base/java.io.FileOutputStream.write(FileOutputStream.java:400)
	at java.base/java.lang.Process$PipeOutputStream.write(Process.java:907)
	at java.base/java.io.BufferedOutputStream.flushBuffer(BufferedOutputStream.java:125)
	at java.base/java.io.BufferedOutputStream.implWrite(BufferedOutputStream.java:222)
	at java.base/java.io.BufferedOutputStream.write(BufferedOutputStream.java:200)
	at java.base/java.io.FilterOutputStream.write(FilterOutputStream.java:110)
	at org.eclipse.lsp4j.jsonrpc.json.StreamMessageConsumer.consume(StreamMessageConsumer.java:67)
	... 12 more

!ENTRY org.eclipse.lsp4e 4 0 2025-09-16 14:54:47.216
!MESSAGE java.io.IOException: 파이프가 닫히는 중입니다
!STACK 0
org.eclipse.lsp4j.jsonrpc.JsonRpcException: java.io.IOException: 파이프가 닫히는 중입니다
	at org.eclipse.lsp4j.jsonrpc.json.StreamMessageConsumer.consume(StreamMessageConsumer.java:72)
	at org.eclipse.lsp4e.LanguageServerWrapper.lambda$3(LanguageServerWrapper.java:413)
	at org.eclipse.lsp4j.jsonrpc.RemoteEndpoint.request(RemoteEndpoint.java:171)
	at org.eclipse.lsp4j.jsonrpc.services.EndpointProxy.invoke(EndpointProxy.java:91)
	at jdk.proxy15/jdk.proxy15.$Proxy38.inlayHint(Unknown Source)
	at org.eclipse.lsp4e.operations.inlayhint.InlayHintProvider.lambda$1(InlayHintProvider.java:55)
	at org.eclipse.lsp4e.LanguageServers.lambda$24(LanguageServers.java:445)
	at org.eclipse.lsp4e.LanguageServerWrapper.lambda$17(LanguageServerWrapper.java:976)
	at java.base/java.util.concurrent.CompletableFuture$UniCompose.tryFire(CompletableFuture.java:1194)
	at java.base/java.util.concurrent.CompletableFuture$Completion.run(CompletableFuture.java:526)
	at java.base/java.util.concurrent.ThreadPoolExecutor.runWorker(ThreadPoolExecutor.java:1144)
	at java.base/java.util.concurrent.ThreadPoolExecutor$Worker.run(ThreadPoolExecutor.java:642)
	at java.base/java.lang.Thread.run(Thread.java:1575)
Caused by: java.io.IOException: 파이프가 닫히는 중입니다
	at java.base/java.io.FileOutputStream.writeBytes(Native Method)
	at java.base/java.io.FileOutputStream.write(FileOutputStream.java:400)
	at java.base/java.lang.Process$PipeOutputStream.write(Process.java:907)
	at java.base/java.io.BufferedOutputStream.flushBuffer(BufferedOutputStream.java:125)
	at java.base/java.io.BufferedOutputStream.implWrite(BufferedOutputStream.java:222)
	at java.base/java.io.BufferedOutputStream.write(BufferedOutputStream.java:200)
	at java.base/java.io.FilterOutputStream.write(FilterOutputStream.java:110)
	at org.eclipse.lsp4j.jsonrpc.json.StreamMessageConsumer.consume(StreamMessageConsumer.java:67)
	... 12 more

!ENTRY org.eclipse.jface.text 4 0 2025-09-16 14:54:47.216
!MESSAGE org.eclipse.lsp4j.jsonrpc.JsonRpcException: java.io.IOException: 파이프가 닫히는 중입니다
!STACK 0
java.util.concurrent.CompletionException: org.eclipse.lsp4j.jsonrpc.JsonRpcException: java.io.IOException: 파이프가 닫히는 중입니다
	at java.base/java.util.concurrent.CompletableFuture.wrapInCompletionException(CompletableFuture.java:323)
	at java.base/java.util.concurrent.CompletableFuture.encodeThrowable(CompletableFuture.java:376)
	at java.base/java.util.concurrent.CompletableFuture.uniApplyNow(CompletableFuture.java:718)
	at java.base/java.util.concurrent.CompletableFuture.uniApplyStage(CompletableFuture.java:706)
	at java.base/java.util.concurrent.CompletableFuture.thenApply(CompletableFuture.java:2244)
	at org.eclipse.lsp4e.operations.codelens.CodeLensProvider.lambda$1(CodeLensProvider.java:41)
	at org.eclipse.lsp4e.LanguageServers.lambda$24(LanguageServers.java:445)
	at org.eclipse.lsp4e.LanguageServerWrapper.lambda$17(LanguageServerWrapper.java:976)
	at java.base/java.util.concurrent.CompletableFuture$UniCompose.tryFire(CompletableFuture.java:1194)
	at java.base/java.util.concurrent.CompletableFuture$Completion.run(CompletableFuture.java:526)
	at java.base/java.util.concurrent.ThreadPoolExecutor.runWorker(ThreadPoolExecutor.java:1144)
	at java.base/java.util.concurrent.ThreadPoolExecutor$Worker.run(ThreadPoolExecutor.java:642)
	at java.base/java.lang.Thread.run(Thread.java:1575)
Caused by: org.eclipse.lsp4j.jsonrpc.JsonRpcException: java.io.IOException: 파이프가 닫히는 중입니다
	at org.eclipse.lsp4j.jsonrpc.json.StreamMessageConsumer.consume(StreamMessageConsumer.java:72)
	at org.eclipse.lsp4e.LanguageServerWrapper.lambda$3(LanguageServerWrapper.java:413)
	at org.eclipse.lsp4j.jsonrpc.RemoteEndpoint.request(RemoteEndpoint.java:171)
	at org.eclipse.lsp4j.jsonrpc.services.EndpointProxy.invoke(EndpointProxy.java:91)
	at jdk.proxy15/jdk.proxy15.$Proxy38.codeLens(Unknown Source)
	at org.eclipse.lsp4e.operations.codelens.CodeLensProvider.lambda$1(CodeLensProvider.java:40)
	... 7 more
Caused by: java.io.IOException: 파이프가 닫히는 중입니다
	at java.base/java.io.FileOutputStream.writeBytes(Native Method)
	at java.base/java.io.FileOutputStream.write(FileOutputStream.java:400)
	at java.base/java.lang.Process$PipeOutputStream.write(Process.java:907)
	at java.base/java.io.BufferedOutputStream.flushBuffer(BufferedOutputStream.java:125)
	at java.base/java.io.BufferedOutputStream.implWrite(BufferedOutputStream.java:222)
	at java.base/java.io.BufferedOutputStream.write(BufferedOutputStream.java:200)
	at java.base/java.io.FilterOutputStream.write(FilterOutputStream.java:110)
	at org.eclipse.lsp4j.jsonrpc.json.StreamMessageConsumer.consume(StreamMessageConsumer.java:67)
	... 12 more

!ENTRY org.eclipse.lsp4e 4 0 2025-09-16 14:54:47.217
!MESSAGE java.io.IOException: 파이프가 닫히는 중입니다
!STACK 0
org.eclipse.lsp4j.jsonrpc.JsonRpcException: java.io.IOException: 파이프가 닫히는 중입니다
	at org.eclipse.lsp4j.jsonrpc.json.StreamMessageConsumer.consume(StreamMessageConsumer.java:72)
	at org.eclipse.lsp4e.LanguageServerWrapper.lambda$3(LanguageServerWrapper.java:413)
	at org.eclipse.lsp4j.jsonrpc.RemoteEndpoint.request(RemoteEndpoint.java:171)
	at org.eclipse.lsp4j.jsonrpc.services.EndpointProxy.invoke(EndpointProxy.java:91)
	at jdk.proxy15/jdk.proxy15.$Proxy38.inlayHint(Unknown Source)
	at org.eclipse.lsp4e.operations.inlayhint.InlayHintProvider.lambda$1(InlayHintProvider.java:55)
	at org.eclipse.lsp4e.LanguageServers.lambda$24(LanguageServers.java:445)
	at org.eclipse.lsp4e.LanguageServerWrapper.lambda$17(LanguageServerWrapper.java:976)
	at java.base/java.util.concurrent.CompletableFuture$UniCompose.tryFire(CompletableFuture.java:1194)
	at java.base/java.util.concurrent.CompletableFuture$Completion.run(CompletableFuture.java:526)
	at java.base/java.util.concurrent.ThreadPoolExecutor.runWorker(ThreadPoolExecutor.java:1144)
	at java.base/java.util.concurrent.ThreadPoolExecutor$Worker.run(ThreadPoolExecutor.java:642)
	at java.base/java.lang.Thread.run(Thread.java:1575)
Caused by: java.io.IOException: 파이프가 닫히는 중입니다
	at java.base/java.io.FileOutputStream.writeBytes(Native Method)
	at java.base/java.io.FileOutputStream.write(FileOutputStream.java:400)
	at java.base/java.lang.Process$PipeOutputStream.write(Process.java:907)
	at java.base/java.io.BufferedOutputStream.flushBuffer(BufferedOutputStream.java:125)
	at java.base/java.io.BufferedOutputStream.implWrite(BufferedOutputStream.java:222)
	at java.base/java.io.BufferedOutputStream.write(BufferedOutputStream.java:200)
	at java.base/java.io.FilterOutputStream.write(FilterOutputStream.java:110)
	at org.eclipse.lsp4j.jsonrpc.json.StreamMessageConsumer.consume(StreamMessageConsumer.java:67)
	... 12 more

!ENTRY org.eclipse.jface.text 4 0 2025-09-16 14:54:47.217
!MESSAGE org.eclipse.lsp4j.jsonrpc.JsonRpcException: java.io.IOException: 파이프가 닫히는 중입니다
!STACK 0
java.util.concurrent.CompletionException: org.eclipse.lsp4j.jsonrpc.JsonRpcException: java.io.IOException: 파이프가 닫히는 중입니다
	at java.base/java.util.concurrent.CompletableFuture.wrapInCompletionException(CompletableFuture.java:323)
	at java.base/java.util.concurrent.CompletableFuture.encodeThrowable(CompletableFuture.java:376)
	at java.base/java.util.concurrent.CompletableFuture.uniApplyNow(CompletableFuture.java:718)
	at java.base/java.util.concurrent.CompletableFuture.uniApplyStage(CompletableFuture.java:706)
	at java.base/java.util.concurrent.CompletableFuture.thenApply(CompletableFuture.java:2244)
	at org.eclipse.lsp4e.operations.codelens.CodeLensProvider.lambda$1(CodeLensProvider.java:41)
	at org.eclipse.lsp4e.LanguageServers.lambda$24(LanguageServers.java:445)
	at org.eclipse.lsp4e.LanguageServerWrapper.lambda$17(LanguageServerWrapper.java:976)
	at java.base/java.util.concurrent.CompletableFuture$UniCompose.tryFire(CompletableFuture.java:1194)
	at java.base/java.util.concurrent.CompletableFuture$Completion.run(CompletableFuture.java:526)
	at java.base/java.util.concurrent.ThreadPoolExecutor.runWorker(ThreadPoolExecutor.java:1144)
	at java.base/java.util.concurrent.ThreadPoolExecutor$Worker.run(ThreadPoolExecutor.java:642)
	at java.base/java.lang.Thread.run(Thread.java:1575)
Caused by: org.eclipse.lsp4j.jsonrpc.JsonRpcException: java.io.IOException: 파이프가 닫히는 중입니다
	at org.eclipse.lsp4j.jsonrpc.json.StreamMessageConsumer.consume(StreamMessageConsumer.java:72)
	at org.eclipse.lsp4e.LanguageServerWrapper.lambda$3(LanguageServerWrapper.java:413)
	at org.eclipse.lsp4j.jsonrpc.RemoteEndpoint.request(RemoteEndpoint.java:171)
	at org.eclipse.lsp4j.jsonrpc.services.EndpointProxy.invoke(EndpointProxy.java:91)
	at jdk.proxy15/jdk.proxy15.$Proxy38.codeLens(Unknown Source)
	at org.eclipse.lsp4e.operations.codelens.CodeLensProvider.lambda$1(CodeLensProvider.java:40)
	... 7 more
Caused by: java.io.IOException: 파이프가 닫히는 중입니다
	at java.base/java.io.FileOutputStream.writeBytes(Native Method)
	at java.base/java.io.FileOutputStream.write(FileOutputStream.java:400)
	at java.base/java.lang.Process$PipeOutputStream.write(Process.java:907)
	at java.base/java.io.BufferedOutputStream.flushBuffer(BufferedOutputStream.java:125)
	at java.base/java.io.BufferedOutputStream.implWrite(BufferedOutputStream.java:222)
	at java.base/java.io.BufferedOutputStream.write(BufferedOutputStream.java:200)
	at java.base/java.io.FilterOutputStream.write(FilterOutputStream.java:110)
	at org.eclipse.lsp4j.jsonrpc.json.StreamMessageConsumer.consume(StreamMessageConsumer.java:67)
	... 12 more

!ENTRY org.eclipse.lsp4e 4 0 2025-09-16 14:54:47.217
!MESSAGE java.io.IOException: 파이프가 닫히는 중입니다
!STACK 0
org.eclipse.lsp4j.jsonrpc.JsonRpcException: java.io.IOException: 파이프가 닫히는 중입니다
	at org.eclipse.lsp4j.jsonrpc.json.StreamMessageConsumer.consume(StreamMessageConsumer.java:72)
	at org.eclipse.lsp4e.LanguageServerWrapper.lambda$3(LanguageServerWrapper.java:413)
	at org.eclipse.lsp4j.jsonrpc.RemoteEndpoint.request(RemoteEndpoint.java:171)
	at org.eclipse.lsp4j.jsonrpc.services.EndpointProxy.invoke(EndpointProxy.java:91)
	at jdk.proxy15/jdk.proxy15.$Proxy38.inlayHint(Unknown Source)
	at org.eclipse.lsp4e.operations.inlayhint.InlayHintProvider.lambda$1(InlayHintProvider.java:55)
	at org.eclipse.lsp4e.LanguageServers.lambda$24(LanguageServers.java:445)
	at org.eclipse.lsp4e.LanguageServerWrapper.lambda$17(LanguageServerWrapper.java:976)
	at java.base/java.util.concurrent.CompletableFuture$UniCompose.tryFire(CompletableFuture.java:1194)
	at java.base/java.util.concurrent.CompletableFuture$Completion.run(CompletableFuture.java:526)
	at java.base/java.util.concurrent.ThreadPoolExecutor.runWorker(ThreadPoolExecutor.java:1144)
	at java.base/java.util.concurrent.ThreadPoolExecutor$Worker.run(ThreadPoolExecutor.java:642)
	at java.base/java.lang.Thread.run(Thread.java:1575)
Caused by: java.io.IOException: 파이프가 닫히는 중입니다
	at java.base/java.io.FileOutputStream.writeBytes(Native Method)
	at java.base/java.io.FileOutputStream.write(FileOutputStream.java:400)
	at java.base/java.lang.Process$PipeOutputStream.write(Process.java:907)
	at java.base/java.io.BufferedOutputStream.flushBuffer(BufferedOutputStream.java:125)
	at java.base/java.io.BufferedOutputStream.implWrite(BufferedOutputStream.java:222)
	at java.base/java.io.BufferedOutputStream.write(BufferedOutputStream.java:200)
	at java.base/java.io.FilterOutputStream.write(FilterOutputStream.java:110)
	at org.eclipse.lsp4j.jsonrpc.json.StreamMessageConsumer.consume(StreamMessageConsumer.java:67)
	... 12 more

!ENTRY org.eclipse.jface.text 4 0 2025-09-16 14:54:47.218
!MESSAGE org.eclipse.lsp4j.jsonrpc.JsonRpcException: java.io.IOException: 파이프가 닫히는 중입니다
!STACK 0
java.util.concurrent.CompletionException: org.eclipse.lsp4j.jsonrpc.JsonRpcException: java.io.IOException: 파이프가 닫히는 중입니다
	at java.base/java.util.concurrent.CompletableFuture.wrapInCompletionException(CompletableFuture.java:323)
	at java.base/java.util.concurrent.CompletableFuture.encodeThrowable(CompletableFuture.java:376)
	at java.base/java.util.concurrent.CompletableFuture.uniApplyNow(CompletableFuture.java:718)
	at java.base/java.util.concurrent.CompletableFuture.uniApplyStage(CompletableFuture.java:706)
	at java.base/java.util.concurrent.CompletableFuture.thenApply(CompletableFuture.java:2244)
	at org.eclipse.lsp4e.operations.codelens.CodeLensProvider.lambda$1(CodeLensProvider.java:41)
	at org.eclipse.lsp4e.LanguageServers.lambda$24(LanguageServers.java:445)
	at org.eclipse.lsp4e.LanguageServerWrapper.lambda$17(LanguageServerWrapper.java:976)
	at java.base/java.util.concurrent.CompletableFuture$UniCompose.tryFire(CompletableFuture.java:1194)
	at java.base/java.util.concurrent.CompletableFuture$Completion.run(CompletableFuture.java:526)
	at java.base/java.util.concurrent.ThreadPoolExecutor.runWorker(ThreadPoolExecutor.java:1144)
	at java.base/java.util.concurrent.ThreadPoolExecutor$Worker.run(ThreadPoolExecutor.java:642)
	at java.base/java.lang.Thread.run(Thread.java:1575)
Caused by: org.eclipse.lsp4j.jsonrpc.JsonRpcException: java.io.IOException: 파이프가 닫히는 중입니다
	at org.eclipse.lsp4j.jsonrpc.json.StreamMessageConsumer.consume(StreamMessageConsumer.java:72)
	at org.eclipse.lsp4e.LanguageServerWrapper.lambda$3(LanguageServerWrapper.java:413)
	at org.eclipse.lsp4j.jsonrpc.RemoteEndpoint.request(RemoteEndpoint.java:171)
	at org.eclipse.lsp4j.jsonrpc.services.EndpointProxy.invoke(EndpointProxy.java:91)
	at jdk.proxy15/jdk.proxy15.$Proxy38.codeLens(Unknown Source)
	at org.eclipse.lsp4e.operations.codelens.CodeLensProvider.lambda$1(CodeLensProvider.java:40)
	... 7 more
Caused by: java.io.IOException: 파이프가 닫히는 중입니다
	at java.base/java.io.FileOutputStream.writeBytes(Native Method)
	at java.base/java.io.FileOutputStream.write(FileOutputStream.java:400)
	at java.base/java.lang.Process$PipeOutputStream.write(Process.java:907)
	at java.base/java.io.BufferedOutputStream.flushBuffer(BufferedOutputStream.java:125)
	at java.base/java.io.BufferedOutputStream.implWrite(BufferedOutputStream.java:222)
	at java.base/java.io.BufferedOutputStream.write(BufferedOutputStream.java:200)
	at java.base/java.io.FilterOutputStream.write(FilterOutputStream.java:110)
	at org.eclipse.lsp4j.jsonrpc.json.StreamMessageConsumer.consume(StreamMessageConsumer.java:67)
	... 12 more

!ENTRY org.eclipse.lsp4e 4 0 2025-09-16 14:54:47.218
!MESSAGE java.io.IOException: 파이프가 닫히는 중입니다
!STACK 0
org.eclipse.lsp4j.jsonrpc.JsonRpcException: java.io.IOException: 파이프가 닫히는 중입니다
	at org.eclipse.lsp4j.jsonrpc.json.StreamMessageConsumer.consume(StreamMessageConsumer.java:72)
	at org.eclipse.lsp4e.LanguageServerWrapper.lambda$3(LanguageServerWrapper.java:413)
	at org.eclipse.lsp4j.jsonrpc.RemoteEndpoint.request(RemoteEndpoint.java:171)
	at org.eclipse.lsp4j.jsonrpc.services.EndpointProxy.invoke(EndpointProxy.java:91)
	at jdk.proxy15/jdk.proxy15.$Proxy38.inlayHint(Unknown Source)
	at org.eclipse.lsp4e.operations.inlayhint.InlayHintProvider.lambda$1(InlayHintProvider.java:55)
	at org.eclipse.lsp4e.LanguageServers.lambda$24(LanguageServers.java:445)
	at org.eclipse.lsp4e.LanguageServerWrapper.lambda$17(LanguageServerWrapper.java:976)
	at java.base/java.util.concurrent.CompletableFuture$UniCompose.tryFire(CompletableFuture.java:1194)
	at java.base/java.util.concurrent.CompletableFuture$Completion.run(CompletableFuture.java:526)
	at java.base/java.util.concurrent.ThreadPoolExecutor.runWorker(ThreadPoolExecutor.java:1144)
	at java.base/java.util.concurrent.ThreadPoolExecutor$Worker.run(ThreadPoolExecutor.java:642)
	at java.base/java.lang.Thread.run(Thread.java:1575)
Caused by: java.io.IOException: 파이프가 닫히는 중입니다
	at java.base/java.io.FileOutputStream.writeBytes(Native Method)
	at java.base/java.io.FileOutputStream.write(FileOutputStream.java:400)
	at java.base/java.lang.Process$PipeOutputStream.write(Process.java:907)
	at java.base/java.io.BufferedOutputStream.flushBuffer(BufferedOutputStream.java:125)
	at java.base/java.io.BufferedOutputStream.implWrite(BufferedOutputStream.java:222)
	at java.base/java.io.BufferedOutputStream.write(BufferedOutputStream.java:200)
	at java.base/java.io.FilterOutputStream.write(FilterOutputStream.java:110)
	at org.eclipse.lsp4j.jsonrpc.json.StreamMessageConsumer.consume(StreamMessageConsumer.java:67)
	... 12 more

!ENTRY org.eclipse.jface.text 4 0 2025-09-16 14:54:47.218
!MESSAGE org.eclipse.lsp4j.jsonrpc.JsonRpcException: java.io.IOException: 파이프가 닫히는 중입니다
!STACK 0
java.util.concurrent.CompletionException: org.eclipse.lsp4j.jsonrpc.JsonRpcException: java.io.IOException: 파이프가 닫히는 중입니다
	at java.base/java.util.concurrent.CompletableFuture.wrapInCompletionException(CompletableFuture.java:323)
	at java.base/java.util.concurrent.CompletableFuture.encodeThrowable(CompletableFuture.java:376)
	at java.base/java.util.concurrent.CompletableFuture.uniApplyNow(CompletableFuture.java:718)
	at java.base/java.util.concurrent.CompletableFuture.uniApplyStage(CompletableFuture.java:706)
	at java.base/java.util.concurrent.CompletableFuture.thenApply(CompletableFuture.java:2244)
	at org.eclipse.lsp4e.operations.codelens.CodeLensProvider.lambda$1(CodeLensProvider.java:41)
	at org.eclipse.lsp4e.LanguageServers.lambda$24(LanguageServers.java:445)
	at org.eclipse.lsp4e.LanguageServerWrapper.lambda$17(LanguageServerWrapper.java:976)
	at java.base/java.util.concurrent.CompletableFuture$UniCompose.tryFire(CompletableFuture.java:1194)
	at java.base/java.util.concurrent.CompletableFuture$Completion.run(CompletableFuture.java:526)
	at java.base/java.util.concurrent.ThreadPoolExecutor.runWorker(ThreadPoolExecutor.java:1144)
	at java.base/java.util.concurrent.ThreadPoolExecutor$Worker.run(ThreadPoolExecutor.java:642)
	at java.base/java.lang.Thread.run(Thread.java:1575)
Caused by: org.eclipse.lsp4j.jsonrpc.JsonRpcException: java.io.IOException: 파이프가 닫히는 중입니다
	at org.eclipse.lsp4j.jsonrpc.json.StreamMessageConsumer.consume(StreamMessageConsumer.java:72)
	at org.eclipse.lsp4e.LanguageServerWrapper.lambda$3(LanguageServerWrapper.java:413)
	at org.eclipse.lsp4j.jsonrpc.RemoteEndpoint.request(RemoteEndpoint.java:171)
	at org.eclipse.lsp4j.jsonrpc.services.EndpointProxy.invoke(EndpointProxy.java:91)
	at jdk.proxy15/jdk.proxy15.$Proxy38.codeLens(Unknown Source)
	at org.eclipse.lsp4e.operations.codelens.CodeLensProvider.lambda$1(CodeLensProvider.java:40)
	... 7 more
Caused by: java.io.IOException: 파이프가 닫히는 중입니다
	at java.base/java.io.FileOutputStream.writeBytes(Native Method)
	at java.base/java.io.FileOutputStream.write(FileOutputStream.java:400)
	at java.base/java.lang.Process$PipeOutputStream.write(Process.java:907)
	at java.base/java.io.BufferedOutputStream.flushBuffer(BufferedOutputStream.java:125)
	at java.base/java.io.BufferedOutputStream.implWrite(BufferedOutputStream.java:222)
	at java.base/java.io.BufferedOutputStream.write(BufferedOutputStream.java:200)
	at java.base/java.io.FilterOutputStream.write(FilterOutputStream.java:110)
	at org.eclipse.lsp4j.jsonrpc.json.StreamMessageConsumer.consume(StreamMessageConsumer.java:67)
	... 12 more

!ENTRY org.eclipse.lsp4e 4 0 2025-09-16 14:54:47.219
!MESSAGE java.io.IOException: 파이프가 닫히는 중입니다
!STACK 0
org.eclipse.lsp4j.jsonrpc.JsonRpcException: java.io.IOException: 파이프가 닫히는 중입니다
	at org.eclipse.lsp4j.jsonrpc.json.StreamMessageConsumer.consume(StreamMessageConsumer.java:72)
	at org.eclipse.lsp4e.LanguageServerWrapper.lambda$3(LanguageServerWrapper.java:413)
	at org.eclipse.lsp4j.jsonrpc.RemoteEndpoint.request(RemoteEndpoint.java:171)
	at org.eclipse.lsp4j.jsonrpc.services.EndpointProxy.invoke(EndpointProxy.java:91)
	at jdk.proxy15/jdk.proxy15.$Proxy38.inlayHint(Unknown Source)
	at org.eclipse.lsp4e.operations.inlayhint.InlayHintProvider.lambda$1(InlayHintProvider.java:55)
	at org.eclipse.lsp4e.LanguageServers.lambda$24(LanguageServers.java:445)
	at org.eclipse.lsp4e.LanguageServerWrapper.lambda$17(LanguageServerWrapper.java:976)
	at java.base/java.util.concurrent.CompletableFuture$UniCompose.tryFire(CompletableFuture.java:1194)
	at java.base/java.util.concurrent.CompletableFuture$Completion.run(CompletableFuture.java:526)
	at java.base/java.util.concurrent.ThreadPoolExecutor.runWorker(ThreadPoolExecutor.java:1144)
	at java.base/java.util.concurrent.ThreadPoolExecutor$Worker.run(ThreadPoolExecutor.java:642)
	at java.base/java.lang.Thread.run(Thread.java:1575)
Caused by: java.io.IOException: 파이프가 닫히는 중입니다
	at java.base/java.io.FileOutputStream.writeBytes(Native Method)
	at java.base/java.io.FileOutputStream.write(FileOutputStream.java:400)
	at java.base/java.lang.Process$PipeOutputStream.write(Process.java:907)
	at java.base/java.io.BufferedOutputStream.flushBuffer(BufferedOutputStream.java:125)
	at java.base/java.io.BufferedOutputStream.implWrite(BufferedOutputStream.java:222)
	at java.base/java.io.BufferedOutputStream.write(BufferedOutputStream.java:200)
	at java.base/java.io.FilterOutputStream.write(FilterOutputStream.java:110)
	at org.eclipse.lsp4j.jsonrpc.json.StreamMessageConsumer.consume(StreamMessageConsumer.java:67)
	... 12 more

!ENTRY org.eclipse.jface.text 4 0 2025-09-16 14:54:47.219
!MESSAGE org.eclipse.lsp4j.jsonrpc.JsonRpcException: java.io.IOException: 파이프가 닫히는 중입니다
!STACK 0
java.util.concurrent.CompletionException: org.eclipse.lsp4j.jsonrpc.JsonRpcException: java.io.IOException: 파이프가 닫히는 중입니다
	at java.base/java.util.concurrent.CompletableFuture.wrapInCompletionException(CompletableFuture.java:323)
	at java.base/java.util.concurrent.CompletableFuture.encodeThrowable(CompletableFuture.java:376)
	at java.base/java.util.concurrent.CompletableFuture.uniApplyNow(CompletableFuture.java:718)
	at java.base/java.util.concurrent.CompletableFuture.uniApplyStage(CompletableFuture.java:706)
	at java.base/java.util.concurrent.CompletableFuture.thenApply(CompletableFuture.java:2244)
	at org.eclipse.lsp4e.operations.codelens.CodeLensProvider.lambda$1(CodeLensProvider.java:41)
	at org.eclipse.lsp4e.LanguageServers.lambda$24(LanguageServers.java:445)
	at org.eclipse.lsp4e.LanguageServerWrapper.lambda$17(LanguageServerWrapper.java:976)
	at java.base/java.util.concurrent.CompletableFuture$UniCompose.tryFire(CompletableFuture.java:1194)
	at java.base/java.util.concurrent.CompletableFuture$Completion.run(CompletableFuture.java:526)
	at java.base/java.util.concurrent.ThreadPoolExecutor.runWorker(ThreadPoolExecutor.java:1144)
	at java.base/java.util.concurrent.ThreadPoolExecutor$Worker.run(ThreadPoolExecutor.java:642)
	at java.base/java.lang.Thread.run(Thread.java:1575)
Caused by: org.eclipse.lsp4j.jsonrpc.JsonRpcException: java.io.IOException: 파이프가 닫히는 중입니다
	at org.eclipse.lsp4j.jsonrpc.json.StreamMessageConsumer.consume(StreamMessageConsumer.java:72)
	at org.eclipse.lsp4e.LanguageServerWrapper.lambda$3(LanguageServerWrapper.java:413)
	at org.eclipse.lsp4j.jsonrpc.RemoteEndpoint.request(RemoteEndpoint.java:171)
	at org.eclipse.lsp4j.jsonrpc.services.EndpointProxy.invoke(EndpointProxy.java:91)
	at jdk.proxy15/jdk.proxy15.$Proxy38.codeLens(Unknown Source)
	at org.eclipse.lsp4e.operations.codelens.CodeLensProvider.lambda$1(CodeLensProvider.java:40)
	... 7 more
Caused by: java.io.IOException: 파이프가 닫히는 중입니다
	at java.base/java.io.FileOutputStream.writeBytes(Native Method)
	at java.base/java.io.FileOutputStream.write(FileOutputStream.java:400)
	at java.base/java.lang.Process$PipeOutputStream.write(Process.java:907)
	at java.base/java.io.BufferedOutputStream.flushBuffer(BufferedOutputStream.java:125)
	at java.base/java.io.BufferedOutputStream.implWrite(BufferedOutputStream.java:222)
	at java.base/java.io.BufferedOutputStream.write(BufferedOutputStream.java:200)
	at java.base/java.io.FilterOutputStream.write(FilterOutputStream.java:110)
	at org.eclipse.lsp4j.jsonrpc.json.StreamMessageConsumer.consume(StreamMessageConsumer.java:67)
	... 12 more

!ENTRY org.eclipse.lsp4e 4 0 2025-09-16 14:54:47.219
!MESSAGE java.io.IOException: 파이프가 닫히는 중입니다
!STACK 0
org.eclipse.lsp4j.jsonrpc.JsonRpcException: java.io.IOException: 파이프가 닫히는 중입니다
	at org.eclipse.lsp4j.jsonrpc.json.StreamMessageConsumer.consume(StreamMessageConsumer.java:72)
	at org.eclipse.lsp4e.LanguageServerWrapper.lambda$3(LanguageServerWrapper.java:413)
	at org.eclipse.lsp4j.jsonrpc.RemoteEndpoint.request(RemoteEndpoint.java:171)
	at org.eclipse.lsp4j.jsonrpc.services.EndpointProxy.invoke(EndpointProxy.java:91)
	at jdk.proxy15/jdk.proxy15.$Proxy38.inlayHint(Unknown Source)
	at org.eclipse.lsp4e.operations.inlayhint.InlayHintProvider.lambda$1(InlayHintProvider.java:55)
	at org.eclipse.lsp4e.LanguageServers.lambda$24(LanguageServers.java:445)
	at org.eclipse.lsp4e.LanguageServerWrapper.lambda$17(LanguageServerWrapper.java:976)
	at java.base/java.util.concurrent.CompletableFuture$UniCompose.tryFire(CompletableFuture.java:1194)
	at java.base/java.util.concurrent.CompletableFuture$Completion.run(CompletableFuture.java:526)
	at java.base/java.util.concurrent.ThreadPoolExecutor.runWorker(ThreadPoolExecutor.java:1144)
	at java.base/java.util.concurrent.ThreadPoolExecutor$Worker.run(ThreadPoolExecutor.java:642)
	at java.base/java.lang.Thread.run(Thread.java:1575)
Caused by: java.io.IOException: 파이프가 닫히는 중입니다
	at java.base/java.io.FileOutputStream.writeBytes(Native Method)
	at java.base/java.io.FileOutputStream.write(FileOutputStream.java:400)
	at java.base/java.lang.Process$PipeOutputStream.write(Process.java:907)
	at java.base/java.io.BufferedOutputStream.flushBuffer(BufferedOutputStream.java:125)
	at java.base/java.io.BufferedOutputStream.implWrite(BufferedOutputStream.java:222)
	at java.base/java.io.BufferedOutputStream.write(BufferedOutputStream.java:200)
	at java.base/java.io.FilterOutputStream.write(FilterOutputStream.java:110)
	at org.eclipse.lsp4j.jsonrpc.json.StreamMessageConsumer.consume(StreamMessageConsumer.java:67)
	... 12 more

!ENTRY org.eclipse.jface.text 4 0 2025-09-16 14:54:47.219
!MESSAGE org.eclipse.lsp4j.jsonrpc.JsonRpcException: java.io.IOException: 파이프가 닫히는 중입니다
!STACK 0
java.util.concurrent.CompletionException: org.eclipse.lsp4j.jsonrpc.JsonRpcException: java.io.IOException: 파이프가 닫히는 중입니다
	at java.base/java.util.concurrent.CompletableFuture.wrapInCompletionException(CompletableFuture.java:323)
	at java.base/java.util.concurrent.CompletableFuture.encodeThrowable(CompletableFuture.java:376)
	at java.base/java.util.concurrent.CompletableFuture.uniApplyNow(CompletableFuture.java:718)
	at java.base/java.util.concurrent.CompletableFuture.uniApplyStage(CompletableFuture.java:706)
	at java.base/java.util.concurrent.CompletableFuture.thenApply(CompletableFuture.java:2244)
	at org.eclipse.lsp4e.operations.codelens.CodeLensProvider.lambda$1(CodeLensProvider.java:41)
	at org.eclipse.lsp4e.LanguageServers.lambda$24(LanguageServers.java:445)
	at org.eclipse.lsp4e.LanguageServerWrapper.lambda$17(LanguageServerWrapper.java:976)
	at java.base/java.util.concurrent.CompletableFuture$UniCompose.tryFire(CompletableFuture.java:1194)
	at java.base/java.util.concurrent.CompletableFuture$Completion.run(CompletableFuture.java:526)
	at java.base/java.util.concurrent.ThreadPoolExecutor.runWorker(ThreadPoolExecutor.java:1144)
	at java.base/java.util.concurrent.ThreadPoolExecutor$Worker.run(ThreadPoolExecutor.java:642)
	at java.base/java.lang.Thread.run(Thread.java:1575)
Caused by: org.eclipse.lsp4j.jsonrpc.JsonRpcException: java.io.IOException: 파이프가 닫히는 중입니다
	at org.eclipse.lsp4j.jsonrpc.json.StreamMessageConsumer.consume(StreamMessageConsumer.java:72)
	at org.eclipse.lsp4e.LanguageServerWrapper.lambda$3(LanguageServerWrapper.java:413)
	at org.eclipse.lsp4j.jsonrpc.RemoteEndpoint.request(RemoteEndpoint.java:171)
	at org.eclipse.lsp4j.jsonrpc.services.EndpointProxy.invoke(EndpointProxy.java:91)
	at jdk.proxy15/jdk.proxy15.$Proxy38.codeLens(Unknown Source)
	at org.eclipse.lsp4e.operations.codelens.CodeLensProvider.lambda$1(CodeLensProvider.java:40)
	... 7 more
Caused by: java.io.IOException: 파이프가 닫히는 중입니다
	at java.base/java.io.FileOutputStream.writeBytes(Native Method)
	at java.base/java.io.FileOutputStream.write(FileOutputStream.java:400)
	at java.base/java.lang.Process$PipeOutputStream.write(Process.java:907)
	at java.base/java.io.BufferedOutputStream.flushBuffer(BufferedOutputStream.java:125)
	at java.base/java.io.BufferedOutputStream.implWrite(BufferedOutputStream.java:222)
	at java.base/java.io.BufferedOutputStream.write(BufferedOutputStream.java:200)
	at java.base/java.io.FilterOutputStream.write(FilterOutputStream.java:110)
	at org.eclipse.lsp4j.jsonrpc.json.StreamMessageConsumer.consume(StreamMessageConsumer.java:67)
	... 12 more

!ENTRY org.eclipse.lsp4e 4 0 2025-09-16 14:54:47.220
!MESSAGE java.io.IOException: 파이프가 닫히는 중입니다
!STACK 0
org.eclipse.lsp4j.jsonrpc.JsonRpcException: java.io.IOException: 파이프가 닫히는 중입니다
	at org.eclipse.lsp4j.jsonrpc.json.StreamMessageConsumer.consume(StreamMessageConsumer.java:72)
	at org.eclipse.lsp4e.LanguageServerWrapper.lambda$3(LanguageServerWrapper.java:413)
	at org.eclipse.lsp4j.jsonrpc.RemoteEndpoint.request(RemoteEndpoint.java:171)
	at org.eclipse.lsp4j.jsonrpc.services.EndpointProxy.invoke(EndpointProxy.java:91)
	at jdk.proxy15/jdk.proxy15.$Proxy38.inlayHint(Unknown Source)
	at org.eclipse.lsp4e.operations.inlayhint.InlayHintProvider.lambda$1(InlayHintProvider.java:55)
	at org.eclipse.lsp4e.LanguageServers.lambda$24(LanguageServers.java:445)
	at org.eclipse.lsp4e.LanguageServerWrapper.lambda$17(LanguageServerWrapper.java:976)
	at java.base/java.util.concurrent.CompletableFuture$UniCompose.tryFire(CompletableFuture.java:1194)
	at java.base/java.util.concurrent.CompletableFuture$Completion.run(CompletableFuture.java:526)
	at java.base/java.util.concurrent.ThreadPoolExecutor.runWorker(ThreadPoolExecutor.java:1144)
	at java.base/java.util.concurrent.ThreadPoolExecutor$Worker.run(ThreadPoolExecutor.java:642)
	at java.base/java.lang.Thread.run(Thread.java:1575)
Caused by: java.io.IOException: 파이프가 닫히는 중입니다
	at java.base/java.io.FileOutputStream.writeBytes(Native Method)
	at java.base/java.io.FileOutputStream.write(FileOutputStream.java:400)
	at java.base/java.lang.Process$PipeOutputStream.write(Process.java:907)
	at java.base/java.io.BufferedOutputStream.flushBuffer(BufferedOutputStream.java:125)
	at java.base/java.io.BufferedOutputStream.implWrite(BufferedOutputStream.java:222)
	at java.base/java.io.BufferedOutputStream.write(BufferedOutputStream.java:200)
	at java.base/java.io.FilterOutputStream.write(FilterOutputStream.java:110)
	at org.eclipse.lsp4j.jsonrpc.json.StreamMessageConsumer.consume(StreamMessageConsumer.java:67)
	... 12 more

!ENTRY org.eclipse.jface.text 4 0 2025-09-16 14:54:47.220
!MESSAGE org.eclipse.lsp4j.jsonrpc.JsonRpcException: java.io.IOException: 파이프가 닫히는 중입니다
!STACK 0
java.util.concurrent.CompletionException: org.eclipse.lsp4j.jsonrpc.JsonRpcException: java.io.IOException: 파이프가 닫히는 중입니다
	at java.base/java.util.concurrent.CompletableFuture.wrapInCompletionException(CompletableFuture.java:323)
	at java.base/java.util.concurrent.CompletableFuture.encodeThrowable(CompletableFuture.java:376)
	at java.base/java.util.concurrent.CompletableFuture.uniApplyNow(CompletableFuture.java:718)
	at java.base/java.util.concurrent.CompletableFuture.uniApplyStage(CompletableFuture.java:706)
	at java.base/java.util.concurrent.CompletableFuture.thenApply(CompletableFuture.java:2244)
	at org.eclipse.lsp4e.operations.codelens.CodeLensProvider.lambda$1(CodeLensProvider.java:41)
	at org.eclipse.lsp4e.LanguageServers.lambda$24(LanguageServers.java:445)
	at org.eclipse.lsp4e.LanguageServerWrapper.lambda$17(LanguageServerWrapper.java:976)
	at java.base/java.util.concurrent.CompletableFuture$UniCompose.tryFire(CompletableFuture.java:1194)
	at java.base/java.util.concurrent.CompletableFuture$Completion.run(CompletableFuture.java:526)
	at java.base/java.util.concurrent.ThreadPoolExecutor.runWorker(ThreadPoolExecutor.java:1144)
	at java.base/java.util.concurrent.ThreadPoolExecutor$Worker.run(ThreadPoolExecutor.java:642)
	at java.base/java.lang.Thread.run(Thread.java:1575)
Caused by: org.eclipse.lsp4j.jsonrpc.JsonRpcException: java.io.IOException: 파이프가 닫히는 중입니다
	at org.eclipse.lsp4j.jsonrpc.json.StreamMessageConsumer.consume(StreamMessageConsumer.java:72)
	at org.eclipse.lsp4e.LanguageServerWrapper.lambda$3(LanguageServerWrapper.java:413)
	at org.eclipse.lsp4j.jsonrpc.RemoteEndpoint.request(RemoteEndpoint.java:171)
	at org.eclipse.lsp4j.jsonrpc.services.EndpointProxy.invoke(EndpointProxy.java:91)
	at jdk.proxy15/jdk.proxy15.$Proxy38.codeLens(Unknown Source)
	at org.eclipse.lsp4e.operations.codelens.CodeLensProvider.lambda$1(CodeLensProvider.java:40)
	... 7 more
Caused by: java.io.IOException: 파이프가 닫히는 중입니다
	at java.base/java.io.FileOutputStream.writeBytes(Native Method)
	at java.base/java.io.FileOutputStream.write(FileOutputStream.java:400)
	at java.base/java.lang.Process$PipeOutputStream.write(Process.java:907)
	at java.base/java.io.BufferedOutputStream.flushBuffer(BufferedOutputStream.java:125)
	at java.base/java.io.BufferedOutputStream.implWrite(BufferedOutputStream.java:222)
	at java.base/java.io.BufferedOutputStream.write(BufferedOutputStream.java:200)
	at java.base/java.io.FilterOutputStream.write(FilterOutputStream.java:110)
	at org.eclipse.lsp4j.jsonrpc.json.StreamMessageConsumer.consume(StreamMessageConsumer.java:67)
	... 12 more

!ENTRY org.eclipse.lsp4e 4 0 2025-09-16 14:54:47.220
!MESSAGE java.io.IOException: 파이프가 닫히는 중입니다
!STACK 0
org.eclipse.lsp4j.jsonrpc.JsonRpcException: java.io.IOException: 파이프가 닫히는 중입니다
	at org.eclipse.lsp4j.jsonrpc.json.StreamMessageConsumer.consume(StreamMessageConsumer.java:72)
	at org.eclipse.lsp4e.LanguageServerWrapper.lambda$3(LanguageServerWrapper.java:413)
	at org.eclipse.lsp4j.jsonrpc.RemoteEndpoint.request(RemoteEndpoint.java:171)
	at org.eclipse.lsp4j.jsonrpc.services.EndpointProxy.invoke(EndpointProxy.java:91)
	at jdk.proxy15/jdk.proxy15.$Proxy38.inlayHint(Unknown Source)
	at org.eclipse.lsp4e.operations.inlayhint.InlayHintProvider.lambda$1(InlayHintProvider.java:55)
	at org.eclipse.lsp4e.LanguageServers.lambda$24(LanguageServers.java:445)
	at org.eclipse.lsp4e.LanguageServerWrapper.lambda$17(LanguageServerWrapper.java:976)
	at java.base/java.util.concurrent.CompletableFuture$UniCompose.tryFire(CompletableFuture.java:1194)
	at java.base/java.util.concurrent.CompletableFuture$Completion.run(CompletableFuture.java:526)
	at java.base/java.util.concurrent.ThreadPoolExecutor.runWorker(ThreadPoolExecutor.java:1144)
	at java.base/java.util.concurrent.ThreadPoolExecutor$Worker.run(ThreadPoolExecutor.java:642)
	at java.base/java.lang.Thread.run(Thread.java:1575)
Caused by: java.io.IOException: 파이프가 닫히는 중입니다
	at java.base/java.io.FileOutputStream.writeBytes(Native Method)
	at java.base/java.io.FileOutputStream.write(FileOutputStream.java:400)
	at java.base/java.lang.Process$PipeOutputStream.write(Process.java:907)
	at java.base/java.io.BufferedOutputStream.flushBuffer(BufferedOutputStream.java:125)
	at java.base/java.io.BufferedOutputStream.implWrite(BufferedOutputStream.java:222)
	at java.base/java.io.BufferedOutputStream.write(BufferedOutputStream.java:200)
	at java.base/java.io.FilterOutputStream.write(FilterOutputStream.java:110)
	at org.eclipse.lsp4j.jsonrpc.json.StreamMessageConsumer.consume(StreamMessageConsumer.java:67)
	... 12 more

!ENTRY org.eclipse.jface.text 4 0 2025-09-16 14:54:47.221
!MESSAGE org.eclipse.lsp4j.jsonrpc.JsonRpcException: java.io.IOException: 파이프가 닫히는 중입니다
!STACK 0
java.util.concurrent.CompletionException: org.eclipse.lsp4j.jsonrpc.JsonRpcException: java.io.IOException: 파이프가 닫히는 중입니다
	at java.base/java.util.concurrent.CompletableFuture.wrapInCompletionException(CompletableFuture.java:323)
	at java.base/java.util.concurrent.CompletableFuture.encodeThrowable(CompletableFuture.java:376)
	at java.base/java.util.concurrent.CompletableFuture.uniApplyNow(CompletableFuture.java:718)
	at java.base/java.util.concurrent.CompletableFuture.uniApplyStage(CompletableFuture.java:706)
	at java.base/java.util.concurrent.CompletableFuture.thenApply(CompletableFuture.java:2244)
	at org.eclipse.lsp4e.operations.codelens.CodeLensProvider.lambda$1(CodeLensProvider.java:41)
	at org.eclipse.lsp4e.LanguageServers.lambda$24(LanguageServers.java:445)
	at org.eclipse.lsp4e.LanguageServerWrapper.lambda$17(LanguageServerWrapper.java:976)
	at java.base/java.util.concurrent.CompletableFuture$UniCompose.tryFire(CompletableFuture.java:1194)
	at java.base/java.util.concurrent.CompletableFuture$Completion.run(CompletableFuture.java:526)
	at java.base/java.util.concurrent.ThreadPoolExecutor.runWorker(ThreadPoolExecutor.java:1144)
	at java.base/java.util.concurrent.ThreadPoolExecutor$Worker.run(ThreadPoolExecutor.java:642)
	at java.base/java.lang.Thread.run(Thread.java:1575)
Caused by: org.eclipse.lsp4j.jsonrpc.JsonRpcException: java.io.IOException: 파이프가 닫히는 중입니다
	at org.eclipse.lsp4j.jsonrpc.json.StreamMessageConsumer.consume(StreamMessageConsumer.java:72)
	at org.eclipse.lsp4e.LanguageServerWrapper.lambda$3(LanguageServerWrapper.java:413)
	at org.eclipse.lsp4j.jsonrpc.RemoteEndpoint.request(RemoteEndpoint.java:171)
	at org.eclipse.lsp4j.jsonrpc.services.EndpointProxy.invoke(EndpointProxy.java:91)
	at jdk.proxy15/jdk.proxy15.$Proxy38.codeLens(Unknown Source)
	at org.eclipse.lsp4e.operations.codelens.CodeLensProvider.lambda$1(CodeLensProvider.java:40)
	... 7 more
Caused by: java.io.IOException: 파이프가 닫히는 중입니다
	at java.base/java.io.FileOutputStream.writeBytes(Native Method)
	at java.base/java.io.FileOutputStream.write(FileOutputStream.java:400)
	at java.base/java.lang.Process$PipeOutputStream.write(Process.java:907)
	at java.base/java.io.BufferedOutputStream.flushBuffer(BufferedOutputStream.java:125)
	at java.base/java.io.BufferedOutputStream.implWrite(BufferedOutputStream.java:222)
	at java.base/java.io.BufferedOutputStream.write(BufferedOutputStream.java:200)
	at java.base/java.io.FilterOutputStream.write(FilterOutputStream.java:110)
	at org.eclipse.lsp4j.jsonrpc.json.StreamMessageConsumer.consume(StreamMessageConsumer.java:67)
	... 12 more

!ENTRY org.eclipse.lsp4e 4 0 2025-09-16 14:54:47.221
!MESSAGE java.io.IOException: 파이프가 닫히는 중입니다
!STACK 0
org.eclipse.lsp4j.jsonrpc.JsonRpcException: java.io.IOException: 파이프가 닫히는 중입니다
	at org.eclipse.lsp4j.jsonrpc.json.StreamMessageConsumer.consume(StreamMessageConsumer.java:72)
	at org.eclipse.lsp4e.LanguageServerWrapper.lambda$3(LanguageServerWrapper.java:413)
	at org.eclipse.lsp4j.jsonrpc.RemoteEndpoint.request(RemoteEndpoint.java:171)
	at org.eclipse.lsp4j.jsonrpc.services.EndpointProxy.invoke(EndpointProxy.java:91)
	at jdk.proxy15/jdk.proxy15.$Proxy38.inlayHint(Unknown Source)
	at org.eclipse.lsp4e.operations.inlayhint.InlayHintProvider.lambda$1(InlayHintProvider.java:55)
	at org.eclipse.lsp4e.LanguageServers.lambda$24(LanguageServers.java:445)
	at org.eclipse.lsp4e.LanguageServerWrapper.lambda$17(LanguageServerWrapper.java:976)
	at java.base/java.util.concurrent.CompletableFuture$UniCompose.tryFire(CompletableFuture.java:1194)
	at java.base/java.util.concurrent.CompletableFuture$Completion.run(CompletableFuture.java:526)
	at java.base/java.util.concurrent.ThreadPoolExecutor.runWorker(ThreadPoolExecutor.java:1144)
	at java.base/java.util.concurrent.ThreadPoolExecutor$Worker.run(ThreadPoolExecutor.java:642)
	at java.base/java.lang.Thread.run(Thread.java:1575)
Caused by: java.io.IOException: 파이프가 닫히는 중입니다
	at java.base/java.io.FileOutputStream.writeBytes(Native Method)
	at java.base/java.io.FileOutputStream.write(FileOutputStream.java:400)
	at java.base/java.lang.Process$PipeOutputStream.write(Process.java:907)
	at java.base/java.io.BufferedOutputStream.flushBuffer(BufferedOutputStream.java:125)
	at java.base/java.io.BufferedOutputStream.implWrite(BufferedOutputStream.java:222)
	at java.base/java.io.BufferedOutputStream.write(BufferedOutputStream.java:200)
	at java.base/java.io.FilterOutputStream.write(FilterOutputStream.java:110)
	at org.eclipse.lsp4j.jsonrpc.json.StreamMessageConsumer.consume(StreamMessageConsumer.java:67)
	... 12 more

!ENTRY org.eclipse.jface.text 4 0 2025-09-16 14:54:47.221
!MESSAGE org.eclipse.lsp4j.jsonrpc.JsonRpcException: java.io.IOException: 파이프가 닫히는 중입니다
!STACK 0
java.util.concurrent.CompletionException: org.eclipse.lsp4j.jsonrpc.JsonRpcException: java.io.IOException: 파이프가 닫히는 중입니다
	at java.base/java.util.concurrent.CompletableFuture.wrapInCompletionException(CompletableFuture.java:323)
	at java.base/java.util.concurrent.CompletableFuture.encodeThrowable(CompletableFuture.java:376)
	at java.base/java.util.concurrent.CompletableFuture.uniApplyNow(CompletableFuture.java:718)
	at java.base/java.util.concurrent.CompletableFuture.uniApplyStage(CompletableFuture.java:706)
	at java.base/java.util.concurrent.CompletableFuture.thenApply(CompletableFuture.java:2244)
	at org.eclipse.lsp4e.operations.codelens.CodeLensProvider.lambda$1(CodeLensProvider.java:41)
	at org.eclipse.lsp4e.LanguageServers.lambda$24(LanguageServers.java:445)
	at org.eclipse.lsp4e.LanguageServerWrapper.lambda$17(LanguageServerWrapper.java:976)
	at java.base/java.util.concurrent.CompletableFuture$UniCompose.tryFire(CompletableFuture.java:1194)
	at java.base/java.util.concurrent.CompletableFuture$Completion.run(CompletableFuture.java:526)
	at java.base/java.util.concurrent.ThreadPoolExecutor.runWorker(ThreadPoolExecutor.java:1144)
	at java.base/java.util.concurrent.ThreadPoolExecutor$Worker.run(ThreadPoolExecutor.java:642)
	at java.base/java.lang.Thread.run(Thread.java:1575)
Caused by: org.eclipse.lsp4j.jsonrpc.JsonRpcException: java.io.IOException: 파이프가 닫히는 중입니다
	at org.eclipse.lsp4j.jsonrpc.json.StreamMessageConsumer.consume(StreamMessageConsumer.java:72)
	at org.eclipse.lsp4e.LanguageServerWrapper.lambda$3(LanguageServerWrapper.java:413)
	at org.eclipse.lsp4j.jsonrpc.RemoteEndpoint.request(RemoteEndpoint.java:171)
	at org.eclipse.lsp4j.jsonrpc.services.EndpointProxy.invoke(EndpointProxy.java:91)
	at jdk.proxy15/jdk.proxy15.$Proxy38.codeLens(Unknown Source)
	at org.eclipse.lsp4e.operations.codelens.CodeLensProvider.lambda$1(CodeLensProvider.java:40)
	... 7 more
Caused by: java.io.IOException: 파이프가 닫히는 중입니다
	at java.base/java.io.FileOutputStream.writeBytes(Native Method)
	at java.base/java.io.FileOutputStream.write(FileOutputStream.java:400)
	at java.base/java.lang.Process$PipeOutputStream.write(Process.java:907)
	at java.base/java.io.BufferedOutputStream.flushBuffer(BufferedOutputStream.java:125)
	at java.base/java.io.BufferedOutputStream.implWrite(BufferedOutputStream.java:222)
	at java.base/java.io.BufferedOutputStream.write(BufferedOutputStream.java:200)
	at java.base/java.io.FilterOutputStream.write(FilterOutputStream.java:110)
	at org.eclipse.lsp4j.jsonrpc.json.StreamMessageConsumer.consume(StreamMessageConsumer.java:67)
	... 12 more

!ENTRY org.eclipse.lsp4e 4 0 2025-09-16 14:54:47.222
!MESSAGE java.io.IOException: 파이프가 닫히는 중입니다
!STACK 0
org.eclipse.lsp4j.jsonrpc.JsonRpcException: java.io.IOException: 파이프가 닫히는 중입니다
	at org.eclipse.lsp4j.jsonrpc.json.StreamMessageConsumer.consume(StreamMessageConsumer.java:72)
	at org.eclipse.lsp4e.LanguageServerWrapper.lambda$3(LanguageServerWrapper.java:413)
	at org.eclipse.lsp4j.jsonrpc.RemoteEndpoint.request(RemoteEndpoint.java:171)
	at org.eclipse.lsp4j.jsonrpc.services.EndpointProxy.invoke(EndpointProxy.java:91)
	at jdk.proxy15/jdk.proxy15.$Proxy38.inlayHint(Unknown Source)
	at org.eclipse.lsp4e.operations.inlayhint.InlayHintProvider.lambda$1(InlayHintProvider.java:55)
	at org.eclipse.lsp4e.LanguageServers.lambda$24(LanguageServers.java:445)
	at org.eclipse.lsp4e.LanguageServerWrapper.lambda$17(LanguageServerWrapper.java:976)
	at java.base/java.util.concurrent.CompletableFuture$UniCompose.tryFire(CompletableFuture.java:1194)
	at java.base/java.util.concurrent.CompletableFuture$Completion.run(CompletableFuture.java:526)
	at java.base/java.util.concurrent.ThreadPoolExecutor.runWorker(ThreadPoolExecutor.java:1144)
	at java.base/java.util.concurrent.ThreadPoolExecutor$Worker.run(ThreadPoolExecutor.java:642)
	at java.base/java.lang.Thread.run(Thread.java:1575)
Caused by: java.io.IOException: 파이프가 닫히는 중입니다
	at java.base/java.io.FileOutputStream.writeBytes(Native Method)
	at java.base/java.io.FileOutputStream.write(FileOutputStream.java:400)
	at java.base/java.lang.Process$PipeOutputStream.write(Process.java:907)
	at java.base/java.io.BufferedOutputStream.flushBuffer(BufferedOutputStream.java:125)
	at java.base/java.io.BufferedOutputStream.implWrite(BufferedOutputStream.java:222)
	at java.base/java.io.BufferedOutputStream.write(BufferedOutputStream.java:200)
	at java.base/java.io.FilterOutputStream.write(FilterOutputStream.java:110)
	at org.eclipse.lsp4j.jsonrpc.json.StreamMessageConsumer.consume(StreamMessageConsumer.java:67)
	... 12 more

!ENTRY org.eclipse.jface.text 4 0 2025-09-16 14:54:47.222
!MESSAGE org.eclipse.lsp4j.jsonrpc.JsonRpcException: java.io.IOException: 파이프가 닫히는 중입니다
!STACK 0
java.util.concurrent.CompletionException: org.eclipse.lsp4j.jsonrpc.JsonRpcException: java.io.IOException: 파이프가 닫히는 중입니다
	at java.base/java.util.concurrent.CompletableFuture.wrapInCompletionException(CompletableFuture.java:323)
	at java.base/java.util.concurrent.CompletableFuture.encodeThrowable(CompletableFuture.java:376)
	at java.base/java.util.concurrent.CompletableFuture.uniApplyNow(CompletableFuture.java:718)
	at java.base/java.util.concurrent.CompletableFuture.uniApplyStage(CompletableFuture.java:706)
	at java.base/java.util.concurrent.CompletableFuture.thenApply(CompletableFuture.java:2244)
	at org.eclipse.lsp4e.operations.codelens.CodeLensProvider.lambda$1(CodeLensProvider.java:41)
	at org.eclipse.lsp4e.LanguageServers.lambda$24(LanguageServers.java:445)
	at org.eclipse.lsp4e.LanguageServerWrapper.lambda$17(LanguageServerWrapper.java:976)
	at java.base/java.util.concurrent.CompletableFuture$UniCompose.tryFire(CompletableFuture.java:1194)
	at java.base/java.util.concurrent.CompletableFuture$Completion.run(CompletableFuture.java:526)
	at java.base/java.util.concurrent.ThreadPoolExecutor.runWorker(ThreadPoolExecutor.java:1144)
	at java.base/java.util.concurrent.ThreadPoolExecutor$Worker.run(ThreadPoolExecutor.java:642)
	at java.base/java.lang.Thread.run(Thread.java:1575)
Caused by: org.eclipse.lsp4j.jsonrpc.JsonRpcException: java.io.IOException: 파이프가 닫히는 중입니다
	at org.eclipse.lsp4j.jsonrpc.json.StreamMessageConsumer.consume(StreamMessageConsumer.java:72)
	at org.eclipse.lsp4e.LanguageServerWrapper.lambda$3(LanguageServerWrapper.java:413)
	at org.eclipse.lsp4j.jsonrpc.RemoteEndpoint.request(RemoteEndpoint.java:171)
	at org.eclipse.lsp4j.jsonrpc.services.EndpointProxy.invoke(EndpointProxy.java:91)
	at jdk.proxy15/jdk.proxy15.$Proxy38.codeLens(Unknown Source)
	at org.eclipse.lsp4e.operations.codelens.CodeLensProvider.lambda$1(CodeLensProvider.java:40)
	... 7 more
Caused by: java.io.IOException: 파이프가 닫히는 중입니다
	at java.base/java.io.FileOutputStream.writeBytes(Native Method)
	at java.base/java.io.FileOutputStream.write(FileOutputStream.java:400)
	at java.base/java.lang.Process$PipeOutputStream.write(Process.java:907)
	at java.base/java.io.BufferedOutputStream.flushBuffer(BufferedOutputStream.java:125)
	at java.base/java.io.BufferedOutputStream.implWrite(BufferedOutputStream.java:222)
	at java.base/java.io.BufferedOutputStream.write(BufferedOutputStream.java:200)
	at java.base/java.io.FilterOutputStream.write(FilterOutputStream.java:110)
	at org.eclipse.lsp4j.jsonrpc.json.StreamMessageConsumer.consume(StreamMessageConsumer.java:67)
	... 12 more

!ENTRY org.eclipse.lsp4e 4 0 2025-09-16 14:54:47.222
!MESSAGE java.io.IOException: 파이프가 닫히는 중입니다
!STACK 0
org.eclipse.lsp4j.jsonrpc.JsonRpcException: java.io.IOException: 파이프가 닫히는 중입니다
	at org.eclipse.lsp4j.jsonrpc.json.StreamMessageConsumer.consume(StreamMessageConsumer.java:72)
	at org.eclipse.lsp4e.LanguageServerWrapper.lambda$3(LanguageServerWrapper.java:413)
	at org.eclipse.lsp4j.jsonrpc.RemoteEndpoint.request(RemoteEndpoint.java:171)
	at org.eclipse.lsp4j.jsonrpc.services.EndpointProxy.invoke(EndpointProxy.java:91)
	at jdk.proxy15/jdk.proxy15.$Proxy38.inlayHint(Unknown Source)
	at org.eclipse.lsp4e.operations.inlayhint.InlayHintProvider.lambda$1(InlayHintProvider.java:55)
	at org.eclipse.lsp4e.LanguageServers.lambda$24(LanguageServers.java:445)
	at org.eclipse.lsp4e.LanguageServerWrapper.lambda$17(LanguageServerWrapper.java:976)
	at java.base/java.util.concurrent.CompletableFuture$UniCompose.tryFire(CompletableFuture.java:1194)
	at java.base/java.util.concurrent.CompletableFuture$Completion.run(CompletableFuture.java:526)
	at java.base/java.util.concurrent.ThreadPoolExecutor.runWorker(ThreadPoolExecutor.java:1144)
	at java.base/java.util.concurrent.ThreadPoolExecutor$Worker.run(ThreadPoolExecutor.java:642)
	at java.base/java.lang.Thread.run(Thread.java:1575)
Caused by: java.io.IOException: 파이프가 닫히는 중입니다
	at java.base/java.io.FileOutputStream.writeBytes(Native Method)
	at java.base/java.io.FileOutputStream.write(FileOutputStream.java:400)
	at java.base/java.lang.Process$PipeOutputStream.write(Process.java:907)
	at java.base/java.io.BufferedOutputStream.flushBuffer(BufferedOutputStream.java:125)
	at java.base/java.io.BufferedOutputStream.implWrite(BufferedOutputStream.java:222)
	at java.base/java.io.BufferedOutputStream.write(BufferedOutputStream.java:200)
	at java.base/java.io.FilterOutputStream.write(FilterOutputStream.java:110)
	at org.eclipse.lsp4j.jsonrpc.json.StreamMessageConsumer.consume(StreamMessageConsumer.java:67)
	... 12 more

!ENTRY org.eclipse.jface.text 4 0 2025-09-16 14:54:47.222
!MESSAGE org.eclipse.lsp4j.jsonrpc.JsonRpcException: java.io.IOException: 파이프가 닫히는 중입니다
!STACK 0
java.util.concurrent.CompletionException: org.eclipse.lsp4j.jsonrpc.JsonRpcException: java.io.IOException: 파이프가 닫히는 중입니다
	at java.base/java.util.concurrent.CompletableFuture.wrapInCompletionException(CompletableFuture.java:323)
	at java.base/java.util.concurrent.CompletableFuture.encodeThrowable(CompletableFuture.java:376)
	at java.base/java.util.concurrent.CompletableFuture.uniApplyNow(CompletableFuture.java:718)
	at java.base/java.util.concurrent.CompletableFuture.uniApplyStage(CompletableFuture.java:706)
	at java.base/java.util.concurrent.CompletableFuture.thenApply(CompletableFuture.java:2244)
	at org.eclipse.lsp4e.operations.codelens.CodeLensProvider.lambda$1(CodeLensProvider.java:41)
	at org.eclipse.lsp4e.LanguageServers.lambda$24(LanguageServers.java:445)
	at org.eclipse.lsp4e.LanguageServerWrapper.lambda$17(LanguageServerWrapper.java:976)
	at java.base/java.util.concurrent.CompletableFuture$UniCompose.tryFire(CompletableFuture.java:1194)
	at java.base/java.util.concurrent.CompletableFuture$Completion.run(CompletableFuture.java:526)
	at java.base/java.util.concurrent.ThreadPoolExecutor.runWorker(ThreadPoolExecutor.java:1144)
	at java.base/java.util.concurrent.ThreadPoolExecutor$Worker.run(ThreadPoolExecutor.java:642)
	at java.base/java.lang.Thread.run(Thread.java:1575)
Caused by: org.eclipse.lsp4j.jsonrpc.JsonRpcException: java.io.IOException: 파이프가 닫히는 중입니다
	at org.eclipse.lsp4j.jsonrpc.json.StreamMessageConsumer.consume(StreamMessageConsumer.java:72)
	at org.eclipse.lsp4e.LanguageServerWrapper.lambda$3(LanguageServerWrapper.java:413)
	at org.eclipse.lsp4j.jsonrpc.RemoteEndpoint.request(RemoteEndpoint.java:171)
	at org.eclipse.lsp4j.jsonrpc.services.EndpointProxy.invoke(EndpointProxy.java:91)
	at jdk.proxy15/jdk.proxy15.$Proxy38.codeLens(Unknown Source)
	at org.eclipse.lsp4e.operations.codelens.CodeLensProvider.lambda$1(CodeLensProvider.java:40)
	... 7 more
Caused by: java.io.IOException: 파이프가 닫히는 중입니다
	at java.base/java.io.FileOutputStream.writeBytes(Native Method)
	at java.base/java.io.FileOutputStream.write(FileOutputStream.java:400)
	at java.base/java.lang.Process$PipeOutputStream.write(Process.java:907)
	at java.base/java.io.BufferedOutputStream.flushBuffer(BufferedOutputStream.java:125)
	at java.base/java.io.BufferedOutputStream.implWrite(BufferedOutputStream.java:222)
	at java.base/java.io.BufferedOutputStream.write(BufferedOutputStream.java:200)
	at java.base/java.io.FilterOutputStream.write(FilterOutputStream.java:110)
	at org.eclipse.lsp4j.jsonrpc.json.StreamMessageConsumer.consume(StreamMessageConsumer.java:67)
	... 12 more

!ENTRY org.eclipse.lsp4e 4 0 2025-09-16 14:54:47.223
!MESSAGE java.io.IOException: 파이프가 닫히는 중입니다
!STACK 0
org.eclipse.lsp4j.jsonrpc.JsonRpcException: java.io.IOException: 파이프가 닫히는 중입니다
	at org.eclipse.lsp4j.jsonrpc.json.StreamMessageConsumer.consume(StreamMessageConsumer.java:72)
	at org.eclipse.lsp4e.LanguageServerWrapper.lambda$3(LanguageServerWrapper.java:413)
	at org.eclipse.lsp4j.jsonrpc.RemoteEndpoint.request(RemoteEndpoint.java:171)
	at org.eclipse.lsp4j.jsonrpc.services.EndpointProxy.invoke(EndpointProxy.java:91)
	at jdk.proxy15/jdk.proxy15.$Proxy38.inlayHint(Unknown Source)
	at org.eclipse.lsp4e.operations.inlayhint.InlayHintProvider.lambda$1(InlayHintProvider.java:55)
	at org.eclipse.lsp4e.LanguageServers.lambda$24(LanguageServers.java:445)
	at org.eclipse.lsp4e.LanguageServerWrapper.lambda$17(LanguageServerWrapper.java:976)
	at java.base/java.util.concurrent.CompletableFuture$UniCompose.tryFire(CompletableFuture.java:1194)
	at java.base/java.util.concurrent.CompletableFuture$Completion.run(CompletableFuture.java:526)
	at java.base/java.util.concurrent.ThreadPoolExecutor.runWorker(ThreadPoolExecutor.java:1144)
	at java.base/java.util.concurrent.ThreadPoolExecutor$Worker.run(ThreadPoolExecutor.java:642)
	at java.base/java.lang.Thread.run(Thread.java:1575)
Caused by: java.io.IOException: 파이프가 닫히는 중입니다
	at java.base/java.io.FileOutputStream.writeBytes(Native Method)
	at java.base/java.io.FileOutputStream.write(FileOutputStream.java:400)
	at java.base/java.lang.Process$PipeOutputStream.write(Process.java:907)
	at java.base/java.io.BufferedOutputStream.flushBuffer(BufferedOutputStream.java:125)
	at java.base/java.io.BufferedOutputStream.implWrite(BufferedOutputStream.java:222)
	at java.base/java.io.BufferedOutputStream.write(BufferedOutputStream.java:200)
	at java.base/java.io.FilterOutputStream.write(FilterOutputStream.java:110)
	at org.eclipse.lsp4j.jsonrpc.json.StreamMessageConsumer.consume(StreamMessageConsumer.java:67)
	... 12 more

!ENTRY org.eclipse.jface.text 4 0 2025-09-16 14:54:47.223
!MESSAGE org.eclipse.lsp4j.jsonrpc.JsonRpcException: java.io.IOException: 파이프가 닫히는 중입니다
!STACK 0
java.util.concurrent.CompletionException: org.eclipse.lsp4j.jsonrpc.JsonRpcException: java.io.IOException: 파이프가 닫히는 중입니다
	at java.base/java.util.concurrent.CompletableFuture.wrapInCompletionException(CompletableFuture.java:323)
	at java.base/java.util.concurrent.CompletableFuture.encodeThrowable(CompletableFuture.java:376)
	at java.base/java.util.concurrent.CompletableFuture.uniApplyNow(CompletableFuture.java:718)
	at java.base/java.util.concurrent.CompletableFuture.uniApplyStage(CompletableFuture.java:706)
	at java.base/java.util.concurrent.CompletableFuture.thenApply(CompletableFuture.java:2244)
	at org.eclipse.lsp4e.operations.codelens.CodeLensProvider.lambda$1(CodeLensProvider.java:41)
	at org.eclipse.lsp4e.LanguageServers.lambda$24(LanguageServers.java:445)
	at org.eclipse.lsp4e.LanguageServerWrapper.lambda$17(LanguageServerWrapper.java:976)
	at java.base/java.util.concurrent.CompletableFuture$UniCompose.tryFire(CompletableFuture.java:1194)
	at java.base/java.util.concurrent.CompletableFuture$Completion.run(CompletableFuture.java:526)
	at java.base/java.util.concurrent.ThreadPoolExecutor.runWorker(ThreadPoolExecutor.java:1144)
	at java.base/java.util.concurrent.ThreadPoolExecutor$Worker.run(ThreadPoolExecutor.java:642)
	at java.base/java.lang.Thread.run(Thread.java:1575)
Caused by: org.eclipse.lsp4j.jsonrpc.JsonRpcException: java.io.IOException: 파이프가 닫히는 중입니다
	at org.eclipse.lsp4j.jsonrpc.json.StreamMessageConsumer.consume(StreamMessageConsumer.java:72)
	at org.eclipse.lsp4e.LanguageServerWrapper.lambda$3(LanguageServerWrapper.java:413)
	at org.eclipse.lsp4j.jsonrpc.RemoteEndpoint.request(RemoteEndpoint.java:171)
	at org.eclipse.lsp4j.jsonrpc.services.EndpointProxy.invoke(EndpointProxy.java:91)
	at jdk.proxy15/jdk.proxy15.$Proxy38.codeLens(Unknown Source)
	at org.eclipse.lsp4e.operations.codelens.CodeLensProvider.lambda$1(CodeLensProvider.java:40)
	... 7 more
Caused by: java.io.IOException: 파이프가 닫히는 중입니다
	at java.base/java.io.FileOutputStream.writeBytes(Native Method)
	at java.base/java.io.FileOutputStream.write(FileOutputStream.java:400)
	at java.base/java.lang.Process$PipeOutputStream.write(Process.java:907)
	at java.base/java.io.BufferedOutputStream.flushBuffer(BufferedOutputStream.java:125)
	at java.base/java.io.BufferedOutputStream.implWrite(BufferedOutputStream.java:222)
	at java.base/java.io.BufferedOutputStream.write(BufferedOutputStream.java:200)
	at java.base/java.io.FilterOutputStream.write(FilterOutputStream.java:110)
	at org.eclipse.lsp4j.jsonrpc.json.StreamMessageConsumer.consume(StreamMessageConsumer.java:67)
	... 12 more

!ENTRY org.eclipse.lsp4e 4 0 2025-09-16 14:54:47.223
!MESSAGE java.io.IOException: 파이프가 닫히는 중입니다
!STACK 0
org.eclipse.lsp4j.jsonrpc.JsonRpcException: java.io.IOException: 파이프가 닫히는 중입니다
	at org.eclipse.lsp4j.jsonrpc.json.StreamMessageConsumer.consume(StreamMessageConsumer.java:72)
	at org.eclipse.lsp4e.LanguageServerWrapper.lambda$3(LanguageServerWrapper.java:413)
	at org.eclipse.lsp4j.jsonrpc.RemoteEndpoint.request(RemoteEndpoint.java:171)
	at org.eclipse.lsp4j.jsonrpc.services.EndpointProxy.invoke(EndpointProxy.java:91)
	at jdk.proxy15/jdk.proxy15.$Proxy38.inlayHint(Unknown Source)
	at org.eclipse.lsp4e.operations.inlayhint.InlayHintProvider.lambda$1(InlayHintProvider.java:55)
	at org.eclipse.lsp4e.LanguageServers.lambda$24(LanguageServers.java:445)
	at org.eclipse.lsp4e.LanguageServerWrapper.lambda$17(LanguageServerWrapper.java:976)
	at java.base/java.util.concurrent.CompletableFuture$UniCompose.tryFire(CompletableFuture.java:1194)
	at java.base/java.util.concurrent.CompletableFuture$Completion.run(CompletableFuture.java:526)
	at java.base/java.util.concurrent.ThreadPoolExecutor.runWorker(ThreadPoolExecutor.java:1144)
	at java.base/java.util.concurrent.ThreadPoolExecutor$Worker.run(ThreadPoolExecutor.java:642)
	at java.base/java.lang.Thread.run(Thread.java:1575)
Caused by: java.io.IOException: 파이프가 닫히는 중입니다
	at java.base/java.io.FileOutputStream.writeBytes(Native Method)
	at java.base/java.io.FileOutputStream.write(FileOutputStream.java:400)
	at java.base/java.lang.Process$PipeOutputStream.write(Process.java:907)
	at java.base/java.io.BufferedOutputStream.flushBuffer(BufferedOutputStream.java:125)
	at java.base/java.io.BufferedOutputStream.implWrite(BufferedOutputStream.java:222)
	at java.base/java.io.BufferedOutputStream.write(BufferedOutputStream.java:200)
	at java.base/java.io.FilterOutputStream.write(FilterOutputStream.java:110)
	at org.eclipse.lsp4j.jsonrpc.json.StreamMessageConsumer.consume(StreamMessageConsumer.java:67)
	... 12 more

!ENTRY org.eclipse.jface.text 4 0 2025-09-16 14:54:47.224
!MESSAGE org.eclipse.lsp4j.jsonrpc.JsonRpcException: java.io.IOException: 파이프가 닫히는 중입니다
!STACK 0
java.util.concurrent.CompletionException: org.eclipse.lsp4j.jsonrpc.JsonRpcException: java.io.IOException: 파이프가 닫히는 중입니다
	at java.base/java.util.concurrent.CompletableFuture.wrapInCompletionException(CompletableFuture.java:323)
	at java.base/java.util.concurrent.CompletableFuture.encodeThrowable(CompletableFuture.java:376)
	at java.base/java.util.concurrent.CompletableFuture.uniApplyNow(CompletableFuture.java:718)
	at java.base/java.util.concurrent.CompletableFuture.uniApplyStage(CompletableFuture.java:706)
	at java.base/java.util.concurrent.CompletableFuture.thenApply(CompletableFuture.java:2244)
	at org.eclipse.lsp4e.operations.codelens.CodeLensProvider.lambda$1(CodeLensProvider.java:41)
	at org.eclipse.lsp4e.LanguageServers.lambda$24(LanguageServers.java:445)
	at org.eclipse.lsp4e.LanguageServerWrapper.lambda$17(LanguageServerWrapper.java:976)
	at java.base/java.util.concurrent.CompletableFuture$UniCompose.tryFire(CompletableFuture.java:1194)
	at java.base/java.util.concurrent.CompletableFuture$Completion.run(CompletableFuture.java:526)
	at java.base/java.util.concurrent.ThreadPoolExecutor.runWorker(ThreadPoolExecutor.java:1144)
	at java.base/java.util.concurrent.ThreadPoolExecutor$Worker.run(ThreadPoolExecutor.java:642)
	at java.base/java.lang.Thread.run(Thread.java:1575)
Caused by: org.eclipse.lsp4j.jsonrpc.JsonRpcException: java.io.IOException: 파이프가 닫히는 중입니다
	at org.eclipse.lsp4j.jsonrpc.json.StreamMessageConsumer.consume(StreamMessageConsumer.java:72)
	at org.eclipse.lsp4e.LanguageServerWrapper.lambda$3(LanguageServerWrapper.java:413)
	at org.eclipse.lsp4j.jsonrpc.RemoteEndpoint.request(RemoteEndpoint.java:171)
	at org.eclipse.lsp4j.jsonrpc.services.EndpointProxy.invoke(EndpointProxy.java:91)
	at jdk.proxy15/jdk.proxy15.$Proxy38.codeLens(Unknown Source)
	at org.eclipse.lsp4e.operations.codelens.CodeLensProvider.lambda$1(CodeLensProvider.java:40)
	... 7 more
Caused by: java.io.IOException: 파이프가 닫히는 중입니다
	at java.base/java.io.FileOutputStream.writeBytes(Native Method)
	at java.base/java.io.FileOutputStream.write(FileOutputStream.java:400)
	at java.base/java.lang.Process$PipeOutputStream.write(Process.java:907)
	at java.base/java.io.BufferedOutputStream.flushBuffer(BufferedOutputStream.java:125)
	at java.base/java.io.BufferedOutputStream.implWrite(BufferedOutputStream.java:222)
	at java.base/java.io.BufferedOutputStream.write(BufferedOutputStream.java:200)
	at java.base/java.io.FilterOutputStream.write(FilterOutputStream.java:110)
	at org.eclipse.lsp4j.jsonrpc.json.StreamMessageConsumer.consume(StreamMessageConsumer.java:67)
	... 12 more

!ENTRY org.eclipse.lsp4e 4 0 2025-09-16 14:54:47.224
!MESSAGE java.io.IOException: 파이프가 닫히는 중입니다
!STACK 0
org.eclipse.lsp4j.jsonrpc.JsonRpcException: java.io.IOException: 파이프가 닫히는 중입니다
	at org.eclipse.lsp4j.jsonrpc.json.StreamMessageConsumer.consume(StreamMessageConsumer.java:72)
	at org.eclipse.lsp4e.LanguageServerWrapper.lambda$3(LanguageServerWrapper.java:413)
	at org.eclipse.lsp4j.jsonrpc.RemoteEndpoint.request(RemoteEndpoint.java:171)
	at org.eclipse.lsp4j.jsonrpc.services.EndpointProxy.invoke(EndpointProxy.java:91)
	at jdk.proxy15/jdk.proxy15.$Proxy38.inlayHint(Unknown Source)
	at org.eclipse.lsp4e.operations.inlayhint.InlayHintProvider.lambda$1(InlayHintProvider.java:55)
	at org.eclipse.lsp4e.LanguageServers.lambda$24(LanguageServers.java:445)
	at org.eclipse.lsp4e.LanguageServerWrapper.lambda$17(LanguageServerWrapper.java:976)
	at java.base/java.util.concurrent.CompletableFuture$UniCompose.tryFire(CompletableFuture.java:1194)
	at java.base/java.util.concurrent.CompletableFuture$Completion.run(CompletableFuture.java:526)
	at java.base/java.util.concurrent.ThreadPoolExecutor.runWorker(ThreadPoolExecutor.java:1144)
	at java.base/java.util.concurrent.ThreadPoolExecutor$Worker.run(ThreadPoolExecutor.java:642)
	at java.base/java.lang.Thread.run(Thread.java:1575)
Caused by: java.io.IOException: 파이프가 닫히는 중입니다
	at java.base/java.io.FileOutputStream.writeBytes(Native Method)
	at java.base/java.io.FileOutputStream.write(FileOutputStream.java:400)
	at java.base/java.lang.Process$PipeOutputStream.write(Process.java:907)
	at java.base/java.io.BufferedOutputStream.flushBuffer(BufferedOutputStream.java:125)
	at java.base/java.io.BufferedOutputStream.implWrite(BufferedOutputStream.java:222)
	at java.base/java.io.BufferedOutputStream.write(BufferedOutputStream.java:200)
	at java.base/java.io.FilterOutputStream.write(FilterOutputStream.java:110)
	at org.eclipse.lsp4j.jsonrpc.json.StreamMessageConsumer.consume(StreamMessageConsumer.java:67)
	... 12 more

!ENTRY org.eclipse.jface.text 4 0 2025-09-16 14:54:47.224
!MESSAGE org.eclipse.lsp4j.jsonrpc.JsonRpcException: java.io.IOException: 파이프가 닫히는 중입니다
!STACK 0
java.util.concurrent.CompletionException: org.eclipse.lsp4j.jsonrpc.JsonRpcException: java.io.IOException: 파이프가 닫히는 중입니다
	at java.base/java.util.concurrent.CompletableFuture.wrapInCompletionException(CompletableFuture.java:323)
	at java.base/java.util.concurrent.CompletableFuture.encodeThrowable(CompletableFuture.java:376)
	at java.base/java.util.concurrent.CompletableFuture.uniApplyNow(CompletableFuture.java:718)
	at java.base/java.util.concurrent.CompletableFuture.uniApplyStage(CompletableFuture.java:706)
	at java.base/java.util.concurrent.CompletableFuture.thenApply(CompletableFuture.java:2244)
	at org.eclipse.lsp4e.operations.codelens.CodeLensProvider.lambda$1(CodeLensProvider.java:41)
	at org.eclipse.lsp4e.LanguageServers.lambda$24(LanguageServers.java:445)
	at org.eclipse.lsp4e.LanguageServerWrapper.lambda$17(LanguageServerWrapper.java:976)
	at java.base/java.util.concurrent.CompletableFuture$UniCompose.tryFire(CompletableFuture.java:1194)
	at java.base/java.util.concurrent.CompletableFuture$Completion.run(CompletableFuture.java:526)
	at java.base/java.util.concurrent.ThreadPoolExecutor.runWorker(ThreadPoolExecutor.java:1144)
	at java.base/java.util.concurrent.ThreadPoolExecutor$Worker.run(ThreadPoolExecutor.java:642)
	at java.base/java.lang.Thread.run(Thread.java:1575)
Caused by: org.eclipse.lsp4j.jsonrpc.JsonRpcException: java.io.IOException: 파이프가 닫히는 중입니다
	at org.eclipse.lsp4j.jsonrpc.json.StreamMessageConsumer.consume(StreamMessageConsumer.java:72)
	at org.eclipse.lsp4e.LanguageServerWrapper.lambda$3(LanguageServerWrapper.java:413)
	at org.eclipse.lsp4j.jsonrpc.RemoteEndpoint.request(RemoteEndpoint.java:171)
	at org.eclipse.lsp4j.jsonrpc.services.EndpointProxy.invoke(EndpointProxy.java:91)
	at jdk.proxy15/jdk.proxy15.$Proxy38.codeLens(Unknown Source)
	at org.eclipse.lsp4e.operations.codelens.CodeLensProvider.lambda$1(CodeLensProvider.java:40)
	... 7 more
Caused by: java.io.IOException: 파이프가 닫히는 중입니다
	at java.base/java.io.FileOutputStream.writeBytes(Native Method)
	at java.base/java.io.FileOutputStream.write(FileOutputStream.java:400)
	at java.base/java.lang.Process$PipeOutputStream.write(Process.java:907)
	at java.base/java.io.BufferedOutputStream.flushBuffer(BufferedOutputStream.java:125)
	at java.base/java.io.BufferedOutputStream.implWrite(BufferedOutputStream.java:222)
	at java.base/java.io.BufferedOutputStream.write(BufferedOutputStream.java:200)
	at java.base/java.io.FilterOutputStream.write(FilterOutputStream.java:110)
	at org.eclipse.lsp4j.jsonrpc.json.StreamMessageConsumer.consume(StreamMessageConsumer.java:67)
	... 12 more

!ENTRY org.eclipse.lsp4e 4 0 2025-09-16 14:54:47.225
!MESSAGE java.io.IOException: 파이프가 닫히는 중입니다
!STACK 0
org.eclipse.lsp4j.jsonrpc.JsonRpcException: java.io.IOException: 파이프가 닫히는 중입니다
	at org.eclipse.lsp4j.jsonrpc.json.StreamMessageConsumer.consume(StreamMessageConsumer.java:72)
	at org.eclipse.lsp4e.LanguageServerWrapper.lambda$3(LanguageServerWrapper.java:413)
	at org.eclipse.lsp4j.jsonrpc.RemoteEndpoint.request(RemoteEndpoint.java:171)
	at org.eclipse.lsp4j.jsonrpc.services.EndpointProxy.invoke(EndpointProxy.java:91)
	at jdk.proxy15/jdk.proxy15.$Proxy38.inlayHint(Unknown Source)
	at org.eclipse.lsp4e.operations.inlayhint.InlayHintProvider.lambda$1(InlayHintProvider.java:55)
	at org.eclipse.lsp4e.LanguageServers.lambda$24(LanguageServers.java:445)
	at org.eclipse.lsp4e.LanguageServerWrapper.lambda$17(LanguageServerWrapper.java:976)
	at java.base/java.util.concurrent.CompletableFuture$UniCompose.tryFire(CompletableFuture.java:1194)
	at java.base/java.util.concurrent.CompletableFuture$Completion.run(CompletableFuture.java:526)
	at java.base/java.util.concurrent.ThreadPoolExecutor.runWorker(ThreadPoolExecutor.java:1144)
	at java.base/java.util.concurrent.ThreadPoolExecutor$Worker.run(ThreadPoolExecutor.java:642)
	at java.base/java.lang.Thread.run(Thread.java:1575)
Caused by: java.io.IOException: 파이프가 닫히는 중입니다
	at java.base/java.io.FileOutputStream.writeBytes(Native Method)
	at java.base/java.io.FileOutputStream.write(FileOutputStream.java:400)
	at java.base/java.lang.Process$PipeOutputStream.write(Process.java:907)
	at java.base/java.io.BufferedOutputStream.flushBuffer(BufferedOutputStream.java:125)
	at java.base/java.io.BufferedOutputStream.implWrite(BufferedOutputStream.java:222)
	at java.base/java.io.BufferedOutputStream.write(BufferedOutputStream.java:200)
	at java.base/java.io.FilterOutputStream.write(FilterOutputStream.java:110)
	at org.eclipse.lsp4j.jsonrpc.json.StreamMessageConsumer.consume(StreamMessageConsumer.java:67)
	... 12 more

!ENTRY org.eclipse.jface.text 4 0 2025-09-16 14:54:47.225
!MESSAGE org.eclipse.lsp4j.jsonrpc.JsonRpcException: java.io.IOException: 파이프가 닫히는 중입니다
!STACK 0
java.util.concurrent.CompletionException: org.eclipse.lsp4j.jsonrpc.JsonRpcException: java.io.IOException: 파이프가 닫히는 중입니다
	at java.base/java.util.concurrent.CompletableFuture.wrapInCompletionException(CompletableFuture.java:323)
	at java.base/java.util.concurrent.CompletableFuture.encodeThrowable(CompletableFuture.java:376)
	at java.base/java.util.concurrent.CompletableFuture.uniApplyNow(CompletableFuture.java:718)
	at java.base/java.util.concurrent.CompletableFuture.uniApplyStage(CompletableFuture.java:706)
	at java.base/java.util.concurrent.CompletableFuture.thenApply(CompletableFuture.java:2244)
	at org.eclipse.lsp4e.operations.codelens.CodeLensProvider.lambda$1(CodeLensProvider.java:41)
	at org.eclipse.lsp4e.LanguageServers.lambda$24(LanguageServers.java:445)
	at org.eclipse.lsp4e.LanguageServerWrapper.lambda$17(LanguageServerWrapper.java:976)
	at java.base/java.util.concurrent.CompletableFuture$UniCompose.tryFire(CompletableFuture.java:1194)
	at java.base/java.util.concurrent.CompletableFuture$Completion.run(CompletableFuture.java:526)
	at java.base/java.util.concurrent.ThreadPoolExecutor.runWorker(ThreadPoolExecutor.java:1144)
	at java.base/java.util.concurrent.ThreadPoolExecutor$Worker.run(ThreadPoolExecutor.java:642)
	at java.base/java.lang.Thread.run(Thread.java:1575)
Caused by: org.eclipse.lsp4j.jsonrpc.JsonRpcException: java.io.IOException: 파이프가 닫히는 중입니다
	at org.eclipse.lsp4j.jsonrpc.json.StreamMessageConsumer.consume(StreamMessageConsumer.java:72)
	at org.eclipse.lsp4e.LanguageServerWrapper.lambda$3(LanguageServerWrapper.java:413)
	at org.eclipse.lsp4j.jsonrpc.RemoteEndpoint.request(RemoteEndpoint.java:171)
	at org.eclipse.lsp4j.jsonrpc.services.EndpointProxy.invoke(EndpointProxy.java:91)
	at jdk.proxy15/jdk.proxy15.$Proxy38.codeLens(Unknown Source)
	at org.eclipse.lsp4e.operations.codelens.CodeLensProvider.lambda$1(CodeLensProvider.java:40)
	... 7 more
Caused by: java.io.IOException: 파이프가 닫히는 중입니다
	at java.base/java.io.FileOutputStream.writeBytes(Native Method)
	at java.base/java.io.FileOutputStream.write(FileOutputStream.java:400)
	at java.base/java.lang.Process$PipeOutputStream.write(Process.java:907)
	at java.base/java.io.BufferedOutputStream.flushBuffer(BufferedOutputStream.java:125)
	at java.base/java.io.BufferedOutputStream.implWrite(BufferedOutputStream.java:222)
	at java.base/java.io.BufferedOutputStream.write(BufferedOutputStream.java:200)
	at java.base/java.io.FilterOutputStream.write(FilterOutputStream.java:110)
	at org.eclipse.lsp4j.jsonrpc.json.StreamMessageConsumer.consume(StreamMessageConsumer.java:67)
	... 12 more

!ENTRY org.eclipse.lsp4e 4 0 2025-09-16 14:54:47.225
!MESSAGE java.io.IOException: 파이프가 닫히는 중입니다
!STACK 0
org.eclipse.lsp4j.jsonrpc.JsonRpcException: java.io.IOException: 파이프가 닫히는 중입니다
	at org.eclipse.lsp4j.jsonrpc.json.StreamMessageConsumer.consume(StreamMessageConsumer.java:72)
	at org.eclipse.lsp4e.LanguageServerWrapper.lambda$3(LanguageServerWrapper.java:413)
	at org.eclipse.lsp4j.jsonrpc.RemoteEndpoint.request(RemoteEndpoint.java:171)
	at org.eclipse.lsp4j.jsonrpc.services.EndpointProxy.invoke(EndpointProxy.java:91)
	at jdk.proxy15/jdk.proxy15.$Proxy38.inlayHint(Unknown Source)
	at org.eclipse.lsp4e.operations.inlayhint.InlayHintProvider.lambda$1(InlayHintProvider.java:55)
	at org.eclipse.lsp4e.LanguageServers.lambda$24(LanguageServers.java:445)
	at org.eclipse.lsp4e.LanguageServerWrapper.lambda$17(LanguageServerWrapper.java:976)
	at java.base/java.util.concurrent.CompletableFuture$UniCompose.tryFire(CompletableFuture.java:1194)
	at java.base/java.util.concurrent.CompletableFuture$Completion.run(CompletableFuture.java:526)
	at java.base/java.util.concurrent.ThreadPoolExecutor.runWorker(ThreadPoolExecutor.java:1144)
	at java.base/java.util.concurrent.ThreadPoolExecutor$Worker.run(ThreadPoolExecutor.java:642)
	at java.base/java.lang.Thread.run(Thread.java:1575)
Caused by: java.io.IOException: 파이프가 닫히는 중입니다
	at java.base/java.io.FileOutputStream.writeBytes(Native Method)
	at java.base/java.io.FileOutputStream.write(FileOutputStream.java:400)
	at java.base/java.lang.Process$PipeOutputStream.write(Process.java:907)
	at java.base/java.io.BufferedOutputStream.flushBuffer(BufferedOutputStream.java:125)
	at java.base/java.io.BufferedOutputStream.implWrite(BufferedOutputStream.java:222)
	at java.base/java.io.BufferedOutputStream.write(BufferedOutputStream.java:200)
	at java.base/java.io.FilterOutputStream.write(FilterOutputStream.java:110)
	at org.eclipse.lsp4j.jsonrpc.json.StreamMessageConsumer.consume(StreamMessageConsumer.java:67)
	... 12 more

!ENTRY org.eclipse.jface.text 4 0 2025-09-16 14:54:47.226
!MESSAGE org.eclipse.lsp4j.jsonrpc.JsonRpcException: java.io.IOException: 파이프가 닫히는 중입니다
!STACK 0
java.util.concurrent.CompletionException: org.eclipse.lsp4j.jsonrpc.JsonRpcException: java.io.IOException: 파이프가 닫히는 중입니다
	at java.base/java.util.concurrent.CompletableFuture.wrapInCompletionException(CompletableFuture.java:323)
	at java.base/java.util.concurrent.CompletableFuture.encodeThrowable(CompletableFuture.java:376)
	at java.base/java.util.concurrent.CompletableFuture.uniApplyNow(CompletableFuture.java:718)
	at java.base/java.util.concurrent.CompletableFuture.uniApplyStage(CompletableFuture.java:706)
	at java.base/java.util.concurrent.CompletableFuture.thenApply(CompletableFuture.java:2244)
	at org.eclipse.lsp4e.operations.codelens.CodeLensProvider.lambda$1(CodeLensProvider.java:41)
	at org.eclipse.lsp4e.LanguageServers.lambda$24(LanguageServers.java:445)
	at org.eclipse.lsp4e.LanguageServerWrapper.lambda$17(LanguageServerWrapper.java:976)
	at java.base/java.util.concurrent.CompletableFuture$UniCompose.tryFire(CompletableFuture.java:1194)
	at java.base/java.util.concurrent.CompletableFuture$Completion.run(CompletableFuture.java:526)
	at java.base/java.util.concurrent.ThreadPoolExecutor.runWorker(ThreadPoolExecutor.java:1144)
	at java.base/java.util.concurrent.ThreadPoolExecutor$Worker.run(ThreadPoolExecutor.java:642)
	at java.base/java.lang.Thread.run(Thread.java:1575)
Caused by: org.eclipse.lsp4j.jsonrpc.JsonRpcException: java.io.IOException: 파이프가 닫히는 중입니다
	at org.eclipse.lsp4j.jsonrpc.json.StreamMessageConsumer.consume(StreamMessageConsumer.java:72)
	at org.eclipse.lsp4e.LanguageServerWrapper.lambda$3(LanguageServerWrapper.java:413)
	at org.eclipse.lsp4j.jsonrpc.RemoteEndpoint.request(RemoteEndpoint.java:171)
	at org.eclipse.lsp4j.jsonrpc.services.EndpointProxy.invoke(EndpointProxy.java:91)
	at jdk.proxy15/jdk.proxy15.$Proxy38.codeLens(Unknown Source)
	at org.eclipse.lsp4e.operations.codelens.CodeLensProvider.lambda$1(CodeLensProvider.java:40)
	... 7 more
Caused by: java.io.IOException: 파이프가 닫히는 중입니다
	at java.base/java.io.FileOutputStream.writeBytes(Native Method)
	at java.base/java.io.FileOutputStream.write(FileOutputStream.java:400)
	at java.base/java.lang.Process$PipeOutputStream.write(Process.java:907)
	at java.base/java.io.BufferedOutputStream.flushBuffer(BufferedOutputStream.java:125)
	at java.base/java.io.BufferedOutputStream.implWrite(BufferedOutputStream.java:222)
	at java.base/java.io.BufferedOutputStream.write(BufferedOutputStream.java:200)
	at java.base/java.io.FilterOutputStream.write(FilterOutputStream.java:110)
	at org.eclipse.lsp4j.jsonrpc.json.StreamMessageConsumer.consume(StreamMessageConsumer.java:67)
	... 12 more

!ENTRY org.eclipse.lsp4e 4 0 2025-09-16 14:54:47.226
!MESSAGE java.io.IOException: 파이프가 닫히는 중입니다
!STACK 0
org.eclipse.lsp4j.jsonrpc.JsonRpcException: java.io.IOException: 파이프가 닫히는 중입니다
	at org.eclipse.lsp4j.jsonrpc.json.StreamMessageConsumer.consume(StreamMessageConsumer.java:72)
	at org.eclipse.lsp4e.LanguageServerWrapper.lambda$3(LanguageServerWrapper.java:413)
	at org.eclipse.lsp4j.jsonrpc.RemoteEndpoint.request(RemoteEndpoint.java:171)
	at org.eclipse.lsp4j.jsonrpc.services.EndpointProxy.invoke(EndpointProxy.java:91)
	at jdk.proxy15/jdk.proxy15.$Proxy38.inlayHint(Unknown Source)
	at org.eclipse.lsp4e.operations.inlayhint.InlayHintProvider.lambda$1(InlayHintProvider.java:55)
	at org.eclipse.lsp4e.LanguageServers.lambda$24(LanguageServers.java:445)
	at org.eclipse.lsp4e.LanguageServerWrapper.lambda$17(LanguageServerWrapper.java:976)
	at java.base/java.util.concurrent.CompletableFuture$UniCompose.tryFire(CompletableFuture.java:1194)
	at java.base/java.util.concurrent.CompletableFuture$Completion.run(CompletableFuture.java:526)
	at java.base/java.util.concurrent.ThreadPoolExecutor.runWorker(ThreadPoolExecutor.java:1144)
	at java.base/java.util.concurrent.ThreadPoolExecutor$Worker.run(ThreadPoolExecutor.java:642)
	at java.base/java.lang.Thread.run(Thread.java:1575)
Caused by: java.io.IOException: 파이프가 닫히는 중입니다
	at java.base/java.io.FileOutputStream.writeBytes(Native Method)
	at java.base/java.io.FileOutputStream.write(FileOutputStream.java:400)
	at java.base/java.lang.Process$PipeOutputStream.write(Process.java:907)
	at java.base/java.io.BufferedOutputStream.flushBuffer(BufferedOutputStream.java:125)
	at java.base/java.io.BufferedOutputStream.implWrite(BufferedOutputStream.java:222)
	at java.base/java.io.BufferedOutputStream.write(BufferedOutputStream.java:200)
	at java.base/java.io.FilterOutputStream.write(FilterOutputStream.java:110)
	at org.eclipse.lsp4j.jsonrpc.json.StreamMessageConsumer.consume(StreamMessageConsumer.java:67)
	... 12 more

!ENTRY org.eclipse.jface.text 4 0 2025-09-16 14:54:47.226
!MESSAGE org.eclipse.lsp4j.jsonrpc.JsonRpcException: java.io.IOException: 파이프가 닫히는 중입니다
!STACK 0
java.util.concurrent.CompletionException: org.eclipse.lsp4j.jsonrpc.JsonRpcException: java.io.IOException: 파이프가 닫히는 중입니다
	at java.base/java.util.concurrent.CompletableFuture.wrapInCompletionException(CompletableFuture.java:323)
	at java.base/java.util.concurrent.CompletableFuture.encodeThrowable(CompletableFuture.java:376)
	at java.base/java.util.concurrent.CompletableFuture.uniApplyNow(CompletableFuture.java:718)
	at java.base/java.util.concurrent.CompletableFuture.uniApplyStage(CompletableFuture.java:706)
	at java.base/java.util.concurrent.CompletableFuture.thenApply(CompletableFuture.java:2244)
	at org.eclipse.lsp4e.operations.codelens.CodeLensProvider.lambda$1(CodeLensProvider.java:41)
	at org.eclipse.lsp4e.LanguageServers.lambda$24(LanguageServers.java:445)
	at org.eclipse.lsp4e.LanguageServerWrapper.lambda$17(LanguageServerWrapper.java:976)
	at java.base/java.util.concurrent.CompletableFuture$UniCompose.tryFire(CompletableFuture.java:1194)
	at java.base/java.util.concurrent.CompletableFuture$Completion.run(CompletableFuture.java:526)
	at java.base/java.util.concurrent.ThreadPoolExecutor.runWorker(ThreadPoolExecutor.java:1144)
	at java.base/java.util.concurrent.ThreadPoolExecutor$Worker.run(ThreadPoolExecutor.java:642)
	at java.base/java.lang.Thread.run(Thread.java:1575)
Caused by: org.eclipse.lsp4j.jsonrpc.JsonRpcException: java.io.IOException: 파이프가 닫히는 중입니다
	at org.eclipse.lsp4j.jsonrpc.json.StreamMessageConsumer.consume(StreamMessageConsumer.java:72)
	at org.eclipse.lsp4e.LanguageServerWrapper.lambda$3(LanguageServerWrapper.java:413)
	at org.eclipse.lsp4j.jsonrpc.RemoteEndpoint.request(RemoteEndpoint.java:171)
	at org.eclipse.lsp4j.jsonrpc.services.EndpointProxy.invoke(EndpointProxy.java:91)
	at jdk.proxy15/jdk.proxy15.$Proxy38.codeLens(Unknown Source)
	at org.eclipse.lsp4e.operations.codelens.CodeLensProvider.lambda$1(CodeLensProvider.java:40)
	... 7 more
Caused by: java.io.IOException: 파이프가 닫히는 중입니다
	at java.base/java.io.FileOutputStream.writeBytes(Native Method)
	at java.base/java.io.FileOutputStream.write(FileOutputStream.java:400)
	at java.base/java.lang.Process$PipeOutputStream.write(Process.java:907)
	at java.base/java.io.BufferedOutputStream.flushBuffer(BufferedOutputStream.java:125)
	at java.base/java.io.BufferedOutputStream.implWrite(BufferedOutputStream.java:222)
	at java.base/java.io.BufferedOutputStream.write(BufferedOutputStream.java:200)
	at java.base/java.io.FilterOutputStream.write(FilterOutputStream.java:110)
	at org.eclipse.lsp4j.jsonrpc.json.StreamMessageConsumer.consume(StreamMessageConsumer.java:67)
	... 12 more

!ENTRY org.eclipse.lsp4e 4 0 2025-09-16 14:54:47.227
!MESSAGE java.io.IOException: 파이프가 닫히는 중입니다
!STACK 0
org.eclipse.lsp4j.jsonrpc.JsonRpcException: java.io.IOException: 파이프가 닫히는 중입니다
	at org.eclipse.lsp4j.jsonrpc.json.StreamMessageConsumer.consume(StreamMessageConsumer.java:72)
	at org.eclipse.lsp4e.LanguageServerWrapper.lambda$3(LanguageServerWrapper.java:413)
	at org.eclipse.lsp4j.jsonrpc.RemoteEndpoint.request(RemoteEndpoint.java:171)
	at org.eclipse.lsp4j.jsonrpc.services.EndpointProxy.invoke(EndpointProxy.java:91)
	at jdk.proxy15/jdk.proxy15.$Proxy38.inlayHint(Unknown Source)
	at org.eclipse.lsp4e.operations.inlayhint.InlayHintProvider.lambda$1(InlayHintProvider.java:55)
	at org.eclipse.lsp4e.LanguageServers.lambda$24(LanguageServers.java:445)
	at org.eclipse.lsp4e.LanguageServerWrapper.lambda$17(LanguageServerWrapper.java:976)
	at java.base/java.util.concurrent.CompletableFuture$UniCompose.tryFire(CompletableFuture.java:1194)
	at java.base/java.util.concurrent.CompletableFuture$Completion.run(CompletableFuture.java:526)
	at java.base/java.util.concurrent.ThreadPoolExecutor.runWorker(ThreadPoolExecutor.java:1144)
	at java.base/java.util.concurrent.ThreadPoolExecutor$Worker.run(ThreadPoolExecutor.java:642)
	at java.base/java.lang.Thread.run(Thread.java:1575)
Caused by: java.io.IOException: 파이프가 닫히는 중입니다
	at java.base/java.io.FileOutputStream.writeBytes(Native Method)
	at java.base/java.io.FileOutputStream.write(FileOutputStream.java:400)
	at java.base/java.lang.Process$PipeOutputStream.write(Process.java:907)
	at java.base/java.io.BufferedOutputStream.flushBuffer(BufferedOutputStream.java:125)
	at java.base/java.io.BufferedOutputStream.implWrite(BufferedOutputStream.java:222)
	at java.base/java.io.BufferedOutputStream.write(BufferedOutputStream.java:200)
	at java.base/java.io.FilterOutputStream.write(FilterOutputStream.java:110)
	at org.eclipse.lsp4j.jsonrpc.json.StreamMessageConsumer.consume(StreamMessageConsumer.java:67)
	... 12 more

!ENTRY org.eclipse.jface.text 4 0 2025-09-16 14:54:47.227
!MESSAGE org.eclipse.lsp4j.jsonrpc.JsonRpcException: java.io.IOException: 파이프가 닫히는 중입니다
!STACK 0
java.util.concurrent.CompletionException: org.eclipse.lsp4j.jsonrpc.JsonRpcException: java.io.IOException: 파이프가 닫히는 중입니다
	at java.base/java.util.concurrent.CompletableFuture.wrapInCompletionException(CompletableFuture.java:323)
	at java.base/java.util.concurrent.CompletableFuture.encodeThrowable(CompletableFuture.java:376)
	at java.base/java.util.concurrent.CompletableFuture.uniApplyNow(CompletableFuture.java:718)
	at java.base/java.util.concurrent.CompletableFuture.uniApplyStage(CompletableFuture.java:706)
	at java.base/java.util.concurrent.CompletableFuture.thenApply(CompletableFuture.java:2244)
	at org.eclipse.lsp4e.operations.codelens.CodeLensProvider.lambda$1(CodeLensProvider.java:41)
	at org.eclipse.lsp4e.LanguageServers.lambda$24(LanguageServers.java:445)
	at org.eclipse.lsp4e.LanguageServerWrapper.lambda$17(LanguageServerWrapper.java:976)
	at java.base/java.util.concurrent.CompletableFuture$UniCompose.tryFire(CompletableFuture.java:1194)
	at java.base/java.util.concurrent.CompletableFuture$Completion.run(CompletableFuture.java:526)
	at java.base/java.util.concurrent.ThreadPoolExecutor.runWorker(ThreadPoolExecutor.java:1144)
	at java.base/java.util.concurrent.ThreadPoolExecutor$Worker.run(ThreadPoolExecutor.java:642)
	at java.base/java.lang.Thread.run(Thread.java:1575)
Caused by: org.eclipse.lsp4j.jsonrpc.JsonRpcException: java.io.IOException: 파이프가 닫히는 중입니다
	at org.eclipse.lsp4j.jsonrpc.json.StreamMessageConsumer.consume(StreamMessageConsumer.java:72)
	at org.eclipse.lsp4e.LanguageServerWrapper.lambda$3(LanguageServerWrapper.java:413)
	at org.eclipse.lsp4j.jsonrpc.RemoteEndpoint.request(RemoteEndpoint.java:171)
	at org.eclipse.lsp4j.jsonrpc.services.EndpointProxy.invoke(EndpointProxy.java:91)
	at jdk.proxy15/jdk.proxy15.$Proxy38.codeLens(Unknown Source)
	at org.eclipse.lsp4e.operations.codelens.CodeLensProvider.lambda$1(CodeLensProvider.java:40)
	... 7 more
Caused by: java.io.IOException: 파이프가 닫히는 중입니다
	at java.base/java.io.FileOutputStream.writeBytes(Native Method)
	at java.base/java.io.FileOutputStream.write(FileOutputStream.java:400)
	at java.base/java.lang.Process$PipeOutputStream.write(Process.java:907)
	at java.base/java.io.BufferedOutputStream.flushBuffer(BufferedOutputStream.java:125)
	at java.base/java.io.BufferedOutputStream.implWrite(BufferedOutputStream.java:222)
	at java.base/java.io.BufferedOutputStream.write(BufferedOutputStream.java:200)
	at java.base/java.io.FilterOutputStream.write(FilterOutputStream.java:110)
	at org.eclipse.lsp4j.jsonrpc.json.StreamMessageConsumer.consume(StreamMessageConsumer.java:67)
	... 12 more

!ENTRY org.eclipse.lsp4e 4 0 2025-09-16 14:54:47.227
!MESSAGE java.io.IOException: 파이프가 닫히는 중입니다
!STACK 0
org.eclipse.lsp4j.jsonrpc.JsonRpcException: java.io.IOException: 파이프가 닫히는 중입니다
	at org.eclipse.lsp4j.jsonrpc.json.StreamMessageConsumer.consume(StreamMessageConsumer.java:72)
	at org.eclipse.lsp4e.LanguageServerWrapper.lambda$3(LanguageServerWrapper.java:413)
	at org.eclipse.lsp4j.jsonrpc.RemoteEndpoint.request(RemoteEndpoint.java:171)
	at org.eclipse.lsp4j.jsonrpc.services.EndpointProxy.invoke(EndpointProxy.java:91)
	at jdk.proxy15/jdk.proxy15.$Proxy38.inlayHint(Unknown Source)
	at org.eclipse.lsp4e.operations.inlayhint.InlayHintProvider.lambda$1(InlayHintProvider.java:55)
	at org.eclipse.lsp4e.LanguageServers.lambda$24(LanguageServers.java:445)
	at org.eclipse.lsp4e.LanguageServerWrapper.lambda$17(LanguageServerWrapper.java:976)
	at java.base/java.util.concurrent.CompletableFuture$UniCompose.tryFire(CompletableFuture.java:1194)
	at java.base/java.util.concurrent.CompletableFuture$Completion.run(CompletableFuture.java:526)
	at java.base/java.util.concurrent.ThreadPoolExecutor.runWorker(ThreadPoolExecutor.java:1144)
	at java.base/java.util.concurrent.ThreadPoolExecutor$Worker.run(ThreadPoolExecutor.java:642)
	at java.base/java.lang.Thread.run(Thread.java:1575)
Caused by: java.io.IOException: 파이프가 닫히는 중입니다
	at java.base/java.io.FileOutputStream.writeBytes(Native Method)
	at java.base/java.io.FileOutputStream.write(FileOutputStream.java:400)
	at java.base/java.lang.Process$PipeOutputStream.write(Process.java:907)
	at java.base/java.io.BufferedOutputStream.flushBuffer(BufferedOutputStream.java:125)
	at java.base/java.io.BufferedOutputStream.implWrite(BufferedOutputStream.java:222)
	at java.base/java.io.BufferedOutputStream.write(BufferedOutputStream.java:200)
	at java.base/java.io.FilterOutputStream.write(FilterOutputStream.java:110)
	at org.eclipse.lsp4j.jsonrpc.json.StreamMessageConsumer.consume(StreamMessageConsumer.java:67)
	... 12 more

!ENTRY org.eclipse.jface.text 4 0 2025-09-16 14:54:47.228
!MESSAGE org.eclipse.lsp4j.jsonrpc.JsonRpcException: java.io.IOException: 파이프가 닫히는 중입니다
!STACK 0
java.util.concurrent.CompletionException: org.eclipse.lsp4j.jsonrpc.JsonRpcException: java.io.IOException: 파이프가 닫히는 중입니다
	at java.base/java.util.concurrent.CompletableFuture.wrapInCompletionException(CompletableFuture.java:323)
	at java.base/java.util.concurrent.CompletableFuture.encodeThrowable(CompletableFuture.java:376)
	at java.base/java.util.concurrent.CompletableFuture.uniApplyNow(CompletableFuture.java:718)
	at java.base/java.util.concurrent.CompletableFuture.uniApplyStage(CompletableFuture.java:706)
	at java.base/java.util.concurrent.CompletableFuture.thenApply(CompletableFuture.java:2244)
	at org.eclipse.lsp4e.operations.codelens.CodeLensProvider.lambda$1(CodeLensProvider.java:41)
	at org.eclipse.lsp4e.LanguageServers.lambda$24(LanguageServers.java:445)
	at org.eclipse.lsp4e.LanguageServerWrapper.lambda$17(LanguageServerWrapper.java:976)
	at java.base/java.util.concurrent.CompletableFuture$UniCompose.tryFire(CompletableFuture.java:1194)
	at java.base/java.util.concurrent.CompletableFuture$Completion.run(CompletableFuture.java:526)
	at java.base/java.util.concurrent.ThreadPoolExecutor.runWorker(ThreadPoolExecutor.java:1144)
	at java.base/java.util.concurrent.ThreadPoolExecutor$Worker.run(ThreadPoolExecutor.java:642)
	at java.base/java.lang.Thread.run(Thread.java:1575)
Caused by: org.eclipse.lsp4j.jsonrpc.JsonRpcException: java.io.IOException: 파이프가 닫히는 중입니다
	at org.eclipse.lsp4j.jsonrpc.json.StreamMessageConsumer.consume(StreamMessageConsumer.java:72)
	at org.eclipse.lsp4e.LanguageServerWrapper.lambda$3(LanguageServerWrapper.java:413)
	at org.eclipse.lsp4j.jsonrpc.RemoteEndpoint.request(RemoteEndpoint.java:171)
	at org.eclipse.lsp4j.jsonrpc.services.EndpointProxy.invoke(EndpointProxy.java:91)
	at jdk.proxy15/jdk.proxy15.$Proxy38.codeLens(Unknown Source)
	at org.eclipse.lsp4e.operations.codelens.CodeLensProvider.lambda$1(CodeLensProvider.java:40)
	... 7 more
Caused by: java.io.IOException: 파이프가 닫히는 중입니다
	at java.base/java.io.FileOutputStream.writeBytes(Native Method)
	at java.base/java.io.FileOutputStream.write(FileOutputStream.java:400)
	at java.base/java.lang.Process$PipeOutputStream.write(Process.java:907)
	at java.base/java.io.BufferedOutputStream.flushBuffer(BufferedOutputStream.java:125)
	at java.base/java.io.BufferedOutputStream.implWrite(BufferedOutputStream.java:222)
	at java.base/java.io.BufferedOutputStream.write(BufferedOutputStream.java:200)
	at java.base/java.io.FilterOutputStream.write(FilterOutputStream.java:110)
	at org.eclipse.lsp4j.jsonrpc.json.StreamMessageConsumer.consume(StreamMessageConsumer.java:67)
	... 12 more

!ENTRY org.eclipse.lsp4e 4 0 2025-09-16 14:54:47.228
!MESSAGE java.io.IOException: 파이프가 닫히는 중입니다
!STACK 0
org.eclipse.lsp4j.jsonrpc.JsonRpcException: java.io.IOException: 파이프가 닫히는 중입니다
	at org.eclipse.lsp4j.jsonrpc.json.StreamMessageConsumer.consume(StreamMessageConsumer.java:72)
	at org.eclipse.lsp4e.LanguageServerWrapper.lambda$3(LanguageServerWrapper.java:413)
	at org.eclipse.lsp4j.jsonrpc.RemoteEndpoint.request(RemoteEndpoint.java:171)
	at org.eclipse.lsp4j.jsonrpc.services.EndpointProxy.invoke(EndpointProxy.java:91)
	at jdk.proxy15/jdk.proxy15.$Proxy38.inlayHint(Unknown Source)
	at org.eclipse.lsp4e.operations.inlayhint.InlayHintProvider.lambda$1(InlayHintProvider.java:55)
	at org.eclipse.lsp4e.LanguageServers.lambda$24(LanguageServers.java:445)
	at org.eclipse.lsp4e.LanguageServerWrapper.lambda$17(LanguageServerWrapper.java:976)
	at java.base/java.util.concurrent.CompletableFuture$UniCompose.tryFire(CompletableFuture.java:1194)
	at java.base/java.util.concurrent.CompletableFuture$Completion.run(CompletableFuture.java:526)
	at java.base/java.util.concurrent.ThreadPoolExecutor.runWorker(ThreadPoolExecutor.java:1144)
	at java.base/java.util.concurrent.ThreadPoolExecutor$Worker.run(ThreadPoolExecutor.java:642)
	at java.base/java.lang.Thread.run(Thread.java:1575)
Caused by: java.io.IOException: 파이프가 닫히는 중입니다
	at java.base/java.io.FileOutputStream.writeBytes(Native Method)
	at java.base/java.io.FileOutputStream.write(FileOutputStream.java:400)
	at java.base/java.lang.Process$PipeOutputStream.write(Process.java:907)
	at java.base/java.io.BufferedOutputStream.flushBuffer(BufferedOutputStream.java:125)
	at java.base/java.io.BufferedOutputStream.implWrite(BufferedOutputStream.java:222)
	at java.base/java.io.BufferedOutputStream.write(BufferedOutputStream.java:200)
	at java.base/java.io.FilterOutputStream.write(FilterOutputStream.java:110)
	at org.eclipse.lsp4j.jsonrpc.json.StreamMessageConsumer.consume(StreamMessageConsumer.java:67)
	... 12 more

!ENTRY org.eclipse.jface.text 4 0 2025-09-16 14:54:47.228
!MESSAGE org.eclipse.lsp4j.jsonrpc.JsonRpcException: java.io.IOException: 파이프가 닫히는 중입니다
!STACK 0
java.util.concurrent.CompletionException: org.eclipse.lsp4j.jsonrpc.JsonRpcException: java.io.IOException: 파이프가 닫히는 중입니다
	at java.base/java.util.concurrent.CompletableFuture.wrapInCompletionException(CompletableFuture.java:323)
	at java.base/java.util.concurrent.CompletableFuture.encodeThrowable(CompletableFuture.java:376)
	at java.base/java.util.concurrent.CompletableFuture.uniApplyNow(CompletableFuture.java:718)
	at java.base/java.util.concurrent.CompletableFuture.uniApplyStage(CompletableFuture.java:706)
	at java.base/java.util.concurrent.CompletableFuture.thenApply(CompletableFuture.java:2244)
	at org.eclipse.lsp4e.operations.codelens.CodeLensProvider.lambda$1(CodeLensProvider.java:41)
	at org.eclipse.lsp4e.LanguageServers.lambda$24(LanguageServers.java:445)
	at org.eclipse.lsp4e.LanguageServerWrapper.lambda$17(LanguageServerWrapper.java:976)
	at java.base/java.util.concurrent.CompletableFuture$UniCompose.tryFire(CompletableFuture.java:1194)
	at java.base/java.util.concurrent.CompletableFuture$Completion.run(CompletableFuture.java:526)
	at java.base/java.util.concurrent.ThreadPoolExecutor.runWorker(ThreadPoolExecutor.java:1144)
	at java.base/java.util.concurrent.ThreadPoolExecutor$Worker.run(ThreadPoolExecutor.java:642)
	at java.base/java.lang.Thread.run(Thread.java:1575)
Caused by: org.eclipse.lsp4j.jsonrpc.JsonRpcException: java.io.IOException: 파이프가 닫히는 중입니다
	at org.eclipse.lsp4j.jsonrpc.json.StreamMessageConsumer.consume(StreamMessageConsumer.java:72)
	at org.eclipse.lsp4e.LanguageServerWrapper.lambda$3(LanguageServerWrapper.java:413)
	at org.eclipse.lsp4j.jsonrpc.RemoteEndpoint.request(RemoteEndpoint.java:171)
	at org.eclipse.lsp4j.jsonrpc.services.EndpointProxy.invoke(EndpointProxy.java:91)
	at jdk.proxy15/jdk.proxy15.$Proxy38.codeLens(Unknown Source)
	at org.eclipse.lsp4e.operations.codelens.CodeLensProvider.lambda$1(CodeLensProvider.java:40)
	... 7 more
Caused by: java.io.IOException: 파이프가 닫히는 중입니다
	at java.base/java.io.FileOutputStream.writeBytes(Native Method)
	at java.base/java.io.FileOutputStream.write(FileOutputStream.java:400)
	at java.base/java.lang.Process$PipeOutputStream.write(Process.java:907)
	at java.base/java.io.BufferedOutputStream.flushBuffer(BufferedOutputStream.java:125)
	at java.base/java.io.BufferedOutputStream.implWrite(BufferedOutputStream.java:222)
	at java.base/java.io.BufferedOutputStream.write(BufferedOutputStream.java:200)
	at java.base/java.io.FilterOutputStream.write(FilterOutputStream.java:110)
	at org.eclipse.lsp4j.jsonrpc.json.StreamMessageConsumer.consume(StreamMessageConsumer.java:67)
	... 12 more

!ENTRY org.eclipse.lsp4e 4 0 2025-09-16 14:54:47.229
!MESSAGE java.io.IOException: 파이프가 닫히는 중입니다
!STACK 0
org.eclipse.lsp4j.jsonrpc.JsonRpcException: java.io.IOException: 파이프가 닫히는 중입니다
	at org.eclipse.lsp4j.jsonrpc.json.StreamMessageConsumer.consume(StreamMessageConsumer.java:72)
	at org.eclipse.lsp4e.LanguageServerWrapper.lambda$3(LanguageServerWrapper.java:413)
	at org.eclipse.lsp4j.jsonrpc.RemoteEndpoint.request(RemoteEndpoint.java:171)
	at org.eclipse.lsp4j.jsonrpc.services.EndpointProxy.invoke(EndpointProxy.java:91)
	at jdk.proxy15/jdk.proxy15.$Proxy38.inlayHint(Unknown Source)
	at org.eclipse.lsp4e.operations.inlayhint.InlayHintProvider.lambda$1(InlayHintProvider.java:55)
	at org.eclipse.lsp4e.LanguageServers.lambda$24(LanguageServers.java:445)
	at org.eclipse.lsp4e.LanguageServerWrapper.lambda$17(LanguageServerWrapper.java:976)
	at java.base/java.util.concurrent.CompletableFuture$UniCompose.tryFire(CompletableFuture.java:1194)
	at java.base/java.util.concurrent.CompletableFuture$Completion.run(CompletableFuture.java:526)
	at java.base/java.util.concurrent.ThreadPoolExecutor.runWorker(ThreadPoolExecutor.java:1144)
	at java.base/java.util.concurrent.ThreadPoolExecutor$Worker.run(ThreadPoolExecutor.java:642)
	at java.base/java.lang.Thread.run(Thread.java:1575)
Caused by: java.io.IOException: 파이프가 닫히는 중입니다
	at java.base/java.io.FileOutputStream.writeBytes(Native Method)
	at java.base/java.io.FileOutputStream.write(FileOutputStream.java:400)
	at java.base/java.lang.Process$PipeOutputStream.write(Process.java:907)
	at java.base/java.io.BufferedOutputStream.flushBuffer(BufferedOutputStream.java:125)
	at java.base/java.io.BufferedOutputStream.implWrite(BufferedOutputStream.java:222)
	at java.base/java.io.BufferedOutputStream.write(BufferedOutputStream.java:200)
	at java.base/java.io.FilterOutputStream.write(FilterOutputStream.java:110)
	at org.eclipse.lsp4j.jsonrpc.json.StreamMessageConsumer.consume(StreamMessageConsumer.java:67)
	... 12 more

!ENTRY org.eclipse.jface.text 4 0 2025-09-16 14:54:47.229
!MESSAGE org.eclipse.lsp4j.jsonrpc.JsonRpcException: java.io.IOException: 파이프가 닫히는 중입니다
!STACK 0
java.util.concurrent.CompletionException: org.eclipse.lsp4j.jsonrpc.JsonRpcException: java.io.IOException: 파이프가 닫히는 중입니다
	at java.base/java.util.concurrent.CompletableFuture.wrapInCompletionException(CompletableFuture.java:323)
	at java.base/java.util.concurrent.CompletableFuture.encodeThrowable(CompletableFuture.java:376)
	at java.base/java.util.concurrent.CompletableFuture.uniApplyNow(CompletableFuture.java:718)
	at java.base/java.util.concurrent.CompletableFuture.uniApplyStage(CompletableFuture.java:706)
	at java.base/java.util.concurrent.CompletableFuture.thenApply(CompletableFuture.java:2244)
	at org.eclipse.lsp4e.operations.codelens.CodeLensProvider.lambda$1(CodeLensProvider.java:41)
	at org.eclipse.lsp4e.LanguageServers.lambda$24(LanguageServers.java:445)
	at org.eclipse.lsp4e.LanguageServerWrapper.lambda$17(LanguageServerWrapper.java:976)
	at java.base/java.util.concurrent.CompletableFuture$UniCompose.tryFire(CompletableFuture.java:1194)
	at java.base/java.util.concurrent.CompletableFuture$Completion.run(CompletableFuture.java:526)
	at java.base/java.util.concurrent.ThreadPoolExecutor.runWorker(ThreadPoolExecutor.java:1144)
	at java.base/java.util.concurrent.ThreadPoolExecutor$Worker.run(ThreadPoolExecutor.java:642)
	at java.base/java.lang.Thread.run(Thread.java:1575)
Caused by: org.eclipse.lsp4j.jsonrpc.JsonRpcException: java.io.IOException: 파이프가 닫히는 중입니다
	at org.eclipse.lsp4j.jsonrpc.json.StreamMessageConsumer.consume(StreamMessageConsumer.java:72)
	at org.eclipse.lsp4e.LanguageServerWrapper.lambda$3(LanguageServerWrapper.java:413)
	at org.eclipse.lsp4j.jsonrpc.RemoteEndpoint.request(RemoteEndpoint.java:171)
	at org.eclipse.lsp4j.jsonrpc.services.EndpointProxy.invoke(EndpointProxy.java:91)
	at jdk.proxy15/jdk.proxy15.$Proxy38.codeLens(Unknown Source)
	at org.eclipse.lsp4e.operations.codelens.CodeLensProvider.lambda$1(CodeLensProvider.java:40)
	... 7 more
Caused by: java.io.IOException: 파이프가 닫히는 중입니다
	at java.base/java.io.FileOutputStream.writeBytes(Native Method)
	at java.base/java.io.FileOutputStream.write(FileOutputStream.java:400)
	at java.base/java.lang.Process$PipeOutputStream.write(Process.java:907)
	at java.base/java.io.BufferedOutputStream.flushBuffer(BufferedOutputStream.java:125)
	at java.base/java.io.BufferedOutputStream.implWrite(BufferedOutputStream.java:222)
	at java.base/java.io.BufferedOutputStream.write(BufferedOutputStream.java:200)
	at java.base/java.io.FilterOutputStream.write(FilterOutputStream.java:110)
	at org.eclipse.lsp4j.jsonrpc.json.StreamMessageConsumer.consume(StreamMessageConsumer.java:67)
	... 12 more

!ENTRY org.eclipse.lsp4e 4 0 2025-09-16 14:54:47.229
!MESSAGE java.io.IOException: 파이프가 닫히는 중입니다
!STACK 0
org.eclipse.lsp4j.jsonrpc.JsonRpcException: java.io.IOException: 파이프가 닫히는 중입니다
	at org.eclipse.lsp4j.jsonrpc.json.StreamMessageConsumer.consume(StreamMessageConsumer.java:72)
	at org.eclipse.lsp4e.LanguageServerWrapper.lambda$3(LanguageServerWrapper.java:413)
	at org.eclipse.lsp4j.jsonrpc.RemoteEndpoint.request(RemoteEndpoint.java:171)
	at org.eclipse.lsp4j.jsonrpc.services.EndpointProxy.invoke(EndpointProxy.java:91)
	at jdk.proxy15/jdk.proxy15.$Proxy38.inlayHint(Unknown Source)
	at org.eclipse.lsp4e.operations.inlayhint.InlayHintProvider.lambda$1(InlayHintProvider.java:55)
	at org.eclipse.lsp4e.LanguageServers.lambda$24(LanguageServers.java:445)
	at org.eclipse.lsp4e.LanguageServerWrapper.lambda$17(LanguageServerWrapper.java:976)
	at java.base/java.util.concurrent.CompletableFuture$UniCompose.tryFire(CompletableFuture.java:1194)
	at java.base/java.util.concurrent.CompletableFuture$Completion.run(CompletableFuture.java:526)
	at java.base/java.util.concurrent.ThreadPoolExecutor.runWorker(ThreadPoolExecutor.java:1144)
	at java.base/java.util.concurrent.ThreadPoolExecutor$Worker.run(ThreadPoolExecutor.java:642)
	at java.base/java.lang.Thread.run(Thread.java:1575)
Caused by: java.io.IOException: 파이프가 닫히는 중입니다
	at java.base/java.io.FileOutputStream.writeBytes(Native Method)
	at java.base/java.io.FileOutputStream.write(FileOutputStream.java:400)
	at java.base/java.lang.Process$PipeOutputStream.write(Process.java:907)
	at java.base/java.io.BufferedOutputStream.flushBuffer(BufferedOutputStream.java:125)
	at java.base/java.io.BufferedOutputStream.implWrite(BufferedOutputStream.java:222)
	at java.base/java.io.BufferedOutputStream.write(BufferedOutputStream.java:200)
	at java.base/java.io.FilterOutputStream.write(FilterOutputStream.java:110)
	at org.eclipse.lsp4j.jsonrpc.json.StreamMessageConsumer.consume(StreamMessageConsumer.java:67)
	... 12 more

!ENTRY org.eclipse.jface.text 4 0 2025-09-16 14:54:47.230
!MESSAGE org.eclipse.lsp4j.jsonrpc.JsonRpcException: java.io.IOException: 파이프가 닫히는 중입니다
!STACK 0
java.util.concurrent.CompletionException: org.eclipse.lsp4j.jsonrpc.JsonRpcException: java.io.IOException: 파이프가 닫히는 중입니다
	at java.base/java.util.concurrent.CompletableFuture.wrapInCompletionException(CompletableFuture.java:323)
	at java.base/java.util.concurrent.CompletableFuture.encodeThrowable(CompletableFuture.java:376)
	at java.base/java.util.concurrent.CompletableFuture.uniApplyNow(CompletableFuture.java:718)
	at java.base/java.util.concurrent.CompletableFuture.uniApplyStage(CompletableFuture.java:706)
	at java.base/java.util.concurrent.CompletableFuture.thenApply(CompletableFuture.java:2244)
	at org.eclipse.lsp4e.operations.codelens.CodeLensProvider.lambda$1(CodeLensProvider.java:41)
	at org.eclipse.lsp4e.LanguageServers.lambda$24(LanguageServers.java:445)
	at org.eclipse.lsp4e.LanguageServerWrapper.lambda$17(LanguageServerWrapper.java:976)
	at java.base/java.util.concurrent.CompletableFuture$UniCompose.tryFire(CompletableFuture.java:1194)
	at java.base/java.util.concurrent.CompletableFuture$Completion.run(CompletableFuture.java:526)
	at java.base/java.util.concurrent.ThreadPoolExecutor.runWorker(ThreadPoolExecutor.java:1144)
	at java.base/java.util.concurrent.ThreadPoolExecutor$Worker.run(ThreadPoolExecutor.java:642)
	at java.base/java.lang.Thread.run(Thread.java:1575)
Caused by: org.eclipse.lsp4j.jsonrpc.JsonRpcException: java.io.IOException: 파이프가 닫히는 중입니다
	at org.eclipse.lsp4j.jsonrpc.json.StreamMessageConsumer.consume(StreamMessageConsumer.java:72)
	at org.eclipse.lsp4e.LanguageServerWrapper.lambda$3(LanguageServerWrapper.java:413)
	at org.eclipse.lsp4j.jsonrpc.RemoteEndpoint.request(RemoteEndpoint.java:171)
	at org.eclipse.lsp4j.jsonrpc.services.EndpointProxy.invoke(EndpointProxy.java:91)
	at jdk.proxy15/jdk.proxy15.$Proxy38.codeLens(Unknown Source)
	at org.eclipse.lsp4e.operations.codelens.CodeLensProvider.lambda$1(CodeLensProvider.java:40)
	... 7 more
Caused by: java.io.IOException: 파이프가 닫히는 중입니다
	at java.base/java.io.FileOutputStream.writeBytes(Native Method)
	at java.base/java.io.FileOutputStream.write(FileOutputStream.java:400)
	at java.base/java.lang.Process$PipeOutputStream.write(Process.java:907)
	at java.base/java.io.BufferedOutputStream.flushBuffer(BufferedOutputStream.java:125)
	at java.base/java.io.BufferedOutputStream.implWrite(BufferedOutputStream.java:222)
	at java.base/java.io.BufferedOutputStream.write(BufferedOutputStream.java:200)
	at java.base/java.io.FilterOutputStream.write(FilterOutputStream.java:110)
	at org.eclipse.lsp4j.jsonrpc.json.StreamMessageConsumer.consume(StreamMessageConsumer.java:67)
	... 12 more

!ENTRY org.eclipse.lsp4e 4 0 2025-09-16 14:54:47.230
!MESSAGE java.io.IOException: 파이프가 닫히는 중입니다
!STACK 0
org.eclipse.lsp4j.jsonrpc.JsonRpcException: java.io.IOException: 파이프가 닫히는 중입니다
	at org.eclipse.lsp4j.jsonrpc.json.StreamMessageConsumer.consume(StreamMessageConsumer.java:72)
	at org.eclipse.lsp4e.LanguageServerWrapper.lambda$3(LanguageServerWrapper.java:413)
	at org.eclipse.lsp4j.jsonrpc.RemoteEndpoint.request(RemoteEndpoint.java:171)
	at org.eclipse.lsp4j.jsonrpc.services.EndpointProxy.invoke(EndpointProxy.java:91)
	at jdk.proxy15/jdk.proxy15.$Proxy38.inlayHint(Unknown Source)
	at org.eclipse.lsp4e.operations.inlayhint.InlayHintProvider.lambda$1(InlayHintProvider.java:55)
	at org.eclipse.lsp4e.LanguageServers.lambda$24(LanguageServers.java:445)
	at org.eclipse.lsp4e.LanguageServerWrapper.lambda$17(LanguageServerWrapper.java:976)
	at java.base/java.util.concurrent.CompletableFuture$UniCompose.tryFire(CompletableFuture.java:1194)
	at java.base/java.util.concurrent.CompletableFuture$Completion.run(CompletableFuture.java:526)
	at java.base/java.util.concurrent.ThreadPoolExecutor.runWorker(ThreadPoolExecutor.java:1144)
	at java.base/java.util.concurrent.ThreadPoolExecutor$Worker.run(ThreadPoolExecutor.java:642)
	at java.base/java.lang.Thread.run(Thread.java:1575)
Caused by: java.io.IOException: 파이프가 닫히는 중입니다
	at java.base/java.io.FileOutputStream.writeBytes(Native Method)
	at java.base/java.io.FileOutputStream.write(FileOutputStream.java:400)
	at java.base/java.lang.Process$PipeOutputStream.write(Process.java:907)
	at java.base/java.io.BufferedOutputStream.flushBuffer(BufferedOutputStream.java:125)
	at java.base/java.io.BufferedOutputStream.implWrite(BufferedOutputStream.java:222)
	at java.base/java.io.BufferedOutputStream.write(BufferedOutputStream.java:200)
	at java.base/java.io.FilterOutputStream.write(FilterOutputStream.java:110)
	at org.eclipse.lsp4j.jsonrpc.json.StreamMessageConsumer.consume(StreamMessageConsumer.java:67)
	... 12 more

!ENTRY org.eclipse.jface.text 4 0 2025-09-16 14:54:47.230
!MESSAGE org.eclipse.lsp4j.jsonrpc.JsonRpcException: java.io.IOException: 파이프가 닫히는 중입니다
!STACK 0
java.util.concurrent.CompletionException: org.eclipse.lsp4j.jsonrpc.JsonRpcException: java.io.IOException: 파이프가 닫히는 중입니다
	at java.base/java.util.concurrent.CompletableFuture.wrapInCompletionException(CompletableFuture.java:323)
	at java.base/java.util.concurrent.CompletableFuture.encodeThrowable(CompletableFuture.java:376)
	at java.base/java.util.concurrent.CompletableFuture.uniApplyNow(CompletableFuture.java:718)
	at java.base/java.util.concurrent.CompletableFuture.uniApplyStage(CompletableFuture.java:706)
	at java.base/java.util.concurrent.CompletableFuture.thenApply(CompletableFuture.java:2244)
	at org.eclipse.lsp4e.operations.codelens.CodeLensProvider.lambda$1(CodeLensProvider.java:41)
	at org.eclipse.lsp4e.LanguageServers.lambda$24(LanguageServers.java:445)
	at org.eclipse.lsp4e.LanguageServerWrapper.lambda$17(LanguageServerWrapper.java:976)
	at java.base/java.util.concurrent.CompletableFuture$UniCompose.tryFire(CompletableFuture.java:1194)
	at java.base/java.util.concurrent.CompletableFuture$Completion.run(CompletableFuture.java:526)
	at java.base/java.util.concurrent.ThreadPoolExecutor.runWorker(ThreadPoolExecutor.java:1144)
	at java.base/java.util.concurrent.ThreadPoolExecutor$Worker.run(ThreadPoolExecutor.java:642)
	at java.base/java.lang.Thread.run(Thread.java:1575)
Caused by: org.eclipse.lsp4j.jsonrpc.JsonRpcException: java.io.IOException: 파이프가 닫히는 중입니다
	at org.eclipse.lsp4j.jsonrpc.json.StreamMessageConsumer.consume(StreamMessageConsumer.java:72)
	at org.eclipse.lsp4e.LanguageServerWrapper.lambda$3(LanguageServerWrapper.java:413)
	at org.eclipse.lsp4j.jsonrpc.RemoteEndpoint.request(RemoteEndpoint.java:171)
	at org.eclipse.lsp4j.jsonrpc.services.EndpointProxy.invoke(EndpointProxy.java:91)
	at jdk.proxy15/jdk.proxy15.$Proxy38.codeLens(Unknown Source)
	at org.eclipse.lsp4e.operations.codelens.CodeLensProvider.lambda$1(CodeLensProvider.java:40)
	... 7 more
Caused by: java.io.IOException: 파이프가 닫히는 중입니다
	at java.base/java.io.FileOutputStream.writeBytes(Native Method)
	at java.base/java.io.FileOutputStream.write(FileOutputStream.java:400)
	at java.base/java.lang.Process$PipeOutputStream.write(Process.java:907)
	at java.base/java.io.BufferedOutputStream.flushBuffer(BufferedOutputStream.java:125)
	at java.base/java.io.BufferedOutputStream.implWrite(BufferedOutputStream.java:222)
	at java.base/java.io.BufferedOutputStream.write(BufferedOutputStream.java:200)
	at java.base/java.io.FilterOutputStream.write(FilterOutputStream.java:110)
	at org.eclipse.lsp4j.jsonrpc.json.StreamMessageConsumer.consume(StreamMessageConsumer.java:67)
	... 12 more

!ENTRY org.eclipse.lsp4e 4 0 2025-09-16 14:54:47.231
!MESSAGE java.io.IOException: 파이프가 닫히는 중입니다
!STACK 0
org.eclipse.lsp4j.jsonrpc.JsonRpcException: java.io.IOException: 파이프가 닫히는 중입니다
	at org.eclipse.lsp4j.jsonrpc.json.StreamMessageConsumer.consume(StreamMessageConsumer.java:72)
	at org.eclipse.lsp4e.LanguageServerWrapper.lambda$3(LanguageServerWrapper.java:413)
	at org.eclipse.lsp4j.jsonrpc.RemoteEndpoint.request(RemoteEndpoint.java:171)
	at org.eclipse.lsp4j.jsonrpc.services.EndpointProxy.invoke(EndpointProxy.java:91)
	at jdk.proxy15/jdk.proxy15.$Proxy38.inlayHint(Unknown Source)
	at org.eclipse.lsp4e.operations.inlayhint.InlayHintProvider.lambda$1(InlayHintProvider.java:55)
	at org.eclipse.lsp4e.LanguageServers.lambda$24(LanguageServers.java:445)
	at org.eclipse.lsp4e.LanguageServerWrapper.lambda$17(LanguageServerWrapper.java:976)
	at java.base/java.util.concurrent.CompletableFuture$UniCompose.tryFire(CompletableFuture.java:1194)
	at java.base/java.util.concurrent.CompletableFuture$Completion.run(CompletableFuture.java:526)
	at java.base/java.util.concurrent.ThreadPoolExecutor.runWorker(ThreadPoolExecutor.java:1144)
	at java.base/java.util.concurrent.ThreadPoolExecutor$Worker.run(ThreadPoolExecutor.java:642)
	at java.base/java.lang.Thread.run(Thread.java:1575)
Caused by: java.io.IOException: 파이프가 닫히는 중입니다
	at java.base/java.io.FileOutputStream.writeBytes(Native Method)
	at java.base/java.io.FileOutputStream.write(FileOutputStream.java:400)
	at java.base/java.lang.Process$PipeOutputStream.write(Process.java:907)
	at java.base/java.io.BufferedOutputStream.flushBuffer(BufferedOutputStream.java:125)
	at java.base/java.io.BufferedOutputStream.implWrite(BufferedOutputStream.java:222)
	at java.base/java.io.BufferedOutputStream.write(BufferedOutputStream.java:200)
	at java.base/java.io.FilterOutputStream.write(FilterOutputStream.java:110)
	at org.eclipse.lsp4j.jsonrpc.json.StreamMessageConsumer.consume(StreamMessageConsumer.java:67)
	... 12 more

!ENTRY org.eclipse.jface.text 4 0 2025-09-16 14:54:47.231
!MESSAGE org.eclipse.lsp4j.jsonrpc.JsonRpcException: java.io.IOException: 파이프가 닫히는 중입니다
!STACK 0
java.util.concurrent.CompletionException: org.eclipse.lsp4j.jsonrpc.JsonRpcException: java.io.IOException: 파이프가 닫히는 중입니다
	at java.base/java.util.concurrent.CompletableFuture.wrapInCompletionException(CompletableFuture.java:323)
	at java.base/java.util.concurrent.CompletableFuture.encodeThrowable(CompletableFuture.java:376)
	at java.base/java.util.concurrent.CompletableFuture.uniApplyNow(CompletableFuture.java:718)
	at java.base/java.util.concurrent.CompletableFuture.uniApplyStage(CompletableFuture.java:706)
	at java.base/java.util.concurrent.CompletableFuture.thenApply(CompletableFuture.java:2244)
	at org.eclipse.lsp4e.operations.codelens.CodeLensProvider.lambda$1(CodeLensProvider.java:41)
	at org.eclipse.lsp4e.LanguageServers.lambda$24(LanguageServers.java:445)
	at org.eclipse.lsp4e.LanguageServerWrapper.lambda$17(LanguageServerWrapper.java:976)
	at java.base/java.util.concurrent.CompletableFuture$UniCompose.tryFire(CompletableFuture.java:1194)
	at java.base/java.util.concurrent.CompletableFuture$Completion.run(CompletableFuture.java:526)
	at java.base/java.util.concurrent.ThreadPoolExecutor.runWorker(ThreadPoolExecutor.java:1144)
	at java.base/java.util.concurrent.ThreadPoolExecutor$Worker.run(ThreadPoolExecutor.java:642)
	at java.base/java.lang.Thread.run(Thread.java:1575)
Caused by: org.eclipse.lsp4j.jsonrpc.JsonRpcException: java.io.IOException: 파이프가 닫히는 중입니다
	at org.eclipse.lsp4j.jsonrpc.json.StreamMessageConsumer.consume(StreamMessageConsumer.java:72)
	at org.eclipse.lsp4e.LanguageServerWrapper.lambda$3(LanguageServerWrapper.java:413)
	at org.eclipse.lsp4j.jsonrpc.RemoteEndpoint.request(RemoteEndpoint.java:171)
	at org.eclipse.lsp4j.jsonrpc.services.EndpointProxy.invoke(EndpointProxy.java:91)
	at jdk.proxy15/jdk.proxy15.$Proxy38.codeLens(Unknown Source)
	at org.eclipse.lsp4e.operations.codelens.CodeLensProvider.lambda$1(CodeLensProvider.java:40)
	... 7 more
Caused by: java.io.IOException: 파이프가 닫히는 중입니다
	at java.base/java.io.FileOutputStream.writeBytes(Native Method)
	at java.base/java.io.FileOutputStream.write(FileOutputStream.java:400)
	at java.base/java.lang.Process$PipeOutputStream.write(Process.java:907)
	at java.base/java.io.BufferedOutputStream.flushBuffer(BufferedOutputStream.java:125)
	at java.base/java.io.BufferedOutputStream.implWrite(BufferedOutputStream.java:222)
	at java.base/java.io.BufferedOutputStream.write(BufferedOutputStream.java:200)
	at java.base/java.io.FilterOutputStream.write(FilterOutputStream.java:110)
	at org.eclipse.lsp4j.jsonrpc.json.StreamMessageConsumer.consume(StreamMessageConsumer.java:67)
	... 12 more

!ENTRY org.eclipse.lsp4e 4 0 2025-09-16 14:54:47.231
!MESSAGE java.io.IOException: 파이프가 닫히는 중입니다
!STACK 0
org.eclipse.lsp4j.jsonrpc.JsonRpcException: java.io.IOException: 파이프가 닫히는 중입니다
	at org.eclipse.lsp4j.jsonrpc.json.StreamMessageConsumer.consume(StreamMessageConsumer.java:72)
	at org.eclipse.lsp4e.LanguageServerWrapper.lambda$3(LanguageServerWrapper.java:413)
	at org.eclipse.lsp4j.jsonrpc.RemoteEndpoint.request(RemoteEndpoint.java:171)
	at org.eclipse.lsp4j.jsonrpc.services.EndpointProxy.invoke(EndpointProxy.java:91)
	at jdk.proxy15/jdk.proxy15.$Proxy38.inlayHint(Unknown Source)
	at org.eclipse.lsp4e.operations.inlayhint.InlayHintProvider.lambda$1(InlayHintProvider.java:55)
	at org.eclipse.lsp4e.LanguageServers.lambda$24(LanguageServers.java:445)
	at org.eclipse.lsp4e.LanguageServerWrapper.lambda$17(LanguageServerWrapper.java:976)
	at java.base/java.util.concurrent.CompletableFuture$UniCompose.tryFire(CompletableFuture.java:1194)
	at java.base/java.util.concurrent.CompletableFuture$Completion.run(CompletableFuture.java:526)
	at java.base/java.util.concurrent.ThreadPoolExecutor.runWorker(ThreadPoolExecutor.java:1144)
	at java.base/java.util.concurrent.ThreadPoolExecutor$Worker.run(ThreadPoolExecutor.java:642)
	at java.base/java.lang.Thread.run(Thread.java:1575)
Caused by: java.io.IOException: 파이프가 닫히는 중입니다
	at java.base/java.io.FileOutputStream.writeBytes(Native Method)
	at java.base/java.io.FileOutputStream.write(FileOutputStream.java:400)
	at java.base/java.lang.Process$PipeOutputStream.write(Process.java:907)
	at java.base/java.io.BufferedOutputStream.flushBuffer(BufferedOutputStream.java:125)
	at java.base/java.io.BufferedOutputStream.implWrite(BufferedOutputStream.java:222)
	at java.base/java.io.BufferedOutputStream.write(BufferedOutputStream.java:200)
	at java.base/java.io.FilterOutputStream.write(FilterOutputStream.java:110)
	at org.eclipse.lsp4j.jsonrpc.json.StreamMessageConsumer.consume(StreamMessageConsumer.java:67)
	... 12 more

!ENTRY org.eclipse.jface.text 4 0 2025-09-16 14:54:47.232
!MESSAGE org.eclipse.lsp4j.jsonrpc.JsonRpcException: java.io.IOException: 파이프가 닫히는 중입니다
!STACK 0
java.util.concurrent.CompletionException: org.eclipse.lsp4j.jsonrpc.JsonRpcException: java.io.IOException: 파이프가 닫히는 중입니다
	at java.base/java.util.concurrent.CompletableFuture.wrapInCompletionException(CompletableFuture.java:323)
	at java.base/java.util.concurrent.CompletableFuture.encodeThrowable(CompletableFuture.java:376)
	at java.base/java.util.concurrent.CompletableFuture.uniApplyNow(CompletableFuture.java:718)
	at java.base/java.util.concurrent.CompletableFuture.uniApplyStage(CompletableFuture.java:706)
	at java.base/java.util.concurrent.CompletableFuture.thenApply(CompletableFuture.java:2244)
	at org.eclipse.lsp4e.operations.codelens.CodeLensProvider.lambda$1(CodeLensProvider.java:41)
	at org.eclipse.lsp4e.LanguageServers.lambda$24(LanguageServers.java:445)
	at org.eclipse.lsp4e.LanguageServerWrapper.lambda$17(LanguageServerWrapper.java:976)
	at java.base/java.util.concurrent.CompletableFuture$UniCompose.tryFire(CompletableFuture.java:1194)
	at java.base/java.util.concurrent.CompletableFuture$Completion.run(CompletableFuture.java:526)
	at java.base/java.util.concurrent.ThreadPoolExecutor.runWorker(ThreadPoolExecutor.java:1144)
	at java.base/java.util.concurrent.ThreadPoolExecutor$Worker.run(ThreadPoolExecutor.java:642)
	at java.base/java.lang.Thread.run(Thread.java:1575)
Caused by: org.eclipse.lsp4j.jsonrpc.JsonRpcException: java.io.IOException: 파이프가 닫히는 중입니다
	at org.eclipse.lsp4j.jsonrpc.json.StreamMessageConsumer.consume(StreamMessageConsumer.java:72)
	at org.eclipse.lsp4e.LanguageServerWrapper.lambda$3(LanguageServerWrapper.java:413)
	at org.eclipse.lsp4j.jsonrpc.RemoteEndpoint.request(RemoteEndpoint.java:171)
	at org.eclipse.lsp4j.jsonrpc.services.EndpointProxy.invoke(EndpointProxy.java:91)
	at jdk.proxy15/jdk.proxy15.$Proxy38.codeLens(Unknown Source)
	at org.eclipse.lsp4e.operations.codelens.CodeLensProvider.lambda$1(CodeLensProvider.java:40)
	... 7 more
Caused by: java.io.IOException: 파이프가 닫히는 중입니다
	at java.base/java.io.FileOutputStream.writeBytes(Native Method)
	at java.base/java.io.FileOutputStream.write(FileOutputStream.java:400)
	at java.base/java.lang.Process$PipeOutputStream.write(Process.java:907)
	at java.base/java.io.BufferedOutputStream.flushBuffer(BufferedOutputStream.java:125)
	at java.base/java.io.BufferedOutputStream.implWrite(BufferedOutputStream.java:222)
	at java.base/java.io.BufferedOutputStream.write(BufferedOutputStream.java:200)
	at java.base/java.io.FilterOutputStream.write(FilterOutputStream.java:110)
	at org.eclipse.lsp4j.jsonrpc.json.StreamMessageConsumer.consume(StreamMessageConsumer.java:67)
	... 12 more

!ENTRY org.eclipse.lsp4e 4 0 2025-09-16 14:54:47.232
!MESSAGE java.io.IOException: 파이프가 닫히는 중입니다
!STACK 0
org.eclipse.lsp4j.jsonrpc.JsonRpcException: java.io.IOException: 파이프가 닫히는 중입니다
	at org.eclipse.lsp4j.jsonrpc.json.StreamMessageConsumer.consume(StreamMessageConsumer.java:72)
	at org.eclipse.lsp4e.LanguageServerWrapper.lambda$3(LanguageServerWrapper.java:413)
	at org.eclipse.lsp4j.jsonrpc.RemoteEndpoint.request(RemoteEndpoint.java:171)
	at org.eclipse.lsp4j.jsonrpc.services.EndpointProxy.invoke(EndpointProxy.java:91)
	at jdk.proxy15/jdk.proxy15.$Proxy38.inlayHint(Unknown Source)
	at org.eclipse.lsp4e.operations.inlayhint.InlayHintProvider.lambda$1(InlayHintProvider.java:55)
	at org.eclipse.lsp4e.LanguageServers.lambda$24(LanguageServers.java:445)
	at org.eclipse.lsp4e.LanguageServerWrapper.lambda$17(LanguageServerWrapper.java:976)
	at java.base/java.util.concurrent.CompletableFuture$UniCompose.tryFire(CompletableFuture.java:1194)
	at java.base/java.util.concurrent.CompletableFuture$Completion.run(CompletableFuture.java:526)
	at java.base/java.util.concurrent.ThreadPoolExecutor.runWorker(ThreadPoolExecutor.java:1144)
	at java.base/java.util.concurrent.ThreadPoolExecutor$Worker.run(ThreadPoolExecutor.java:642)
	at java.base/java.lang.Thread.run(Thread.java:1575)
Caused by: java.io.IOException: 파이프가 닫히는 중입니다
	at java.base/java.io.FileOutputStream.writeBytes(Native Method)
	at java.base/java.io.FileOutputStream.write(FileOutputStream.java:400)
	at java.base/java.lang.Process$PipeOutputStream.write(Process.java:907)
	at java.base/java.io.BufferedOutputStream.flushBuffer(BufferedOutputStream.java:125)
	at java.base/java.io.BufferedOutputStream.implWrite(BufferedOutputStream.java:222)
	at java.base/java.io.BufferedOutputStream.write(BufferedOutputStream.java:200)
	at java.base/java.io.FilterOutputStream.write(FilterOutputStream.java:110)
	at org.eclipse.lsp4j.jsonrpc.json.StreamMessageConsumer.consume(StreamMessageConsumer.java:67)
	... 12 more

!ENTRY org.eclipse.jface.text 4 0 2025-09-16 14:54:47.232
!MESSAGE org.eclipse.lsp4j.jsonrpc.JsonRpcException: java.io.IOException: 파이프가 닫히는 중입니다
!STACK 0
java.util.concurrent.CompletionException: org.eclipse.lsp4j.jsonrpc.JsonRpcException: java.io.IOException: 파이프가 닫히는 중입니다
	at java.base/java.util.concurrent.CompletableFuture.wrapInCompletionException(CompletableFuture.java:323)
	at java.base/java.util.concurrent.CompletableFuture.encodeThrowable(CompletableFuture.java:376)
	at java.base/java.util.concurrent.CompletableFuture.uniApplyNow(CompletableFuture.java:718)
	at java.base/java.util.concurrent.CompletableFuture.uniApplyStage(CompletableFuture.java:706)
	at java.base/java.util.concurrent.CompletableFuture.thenApply(CompletableFuture.java:2244)
	at org.eclipse.lsp4e.operations.codelens.CodeLensProvider.lambda$1(CodeLensProvider.java:41)
	at org.eclipse.lsp4e.LanguageServers.lambda$24(LanguageServers.java:445)
	at org.eclipse.lsp4e.LanguageServerWrapper.lambda$17(LanguageServerWrapper.java:976)
	at java.base/java.util.concurrent.CompletableFuture$UniCompose.tryFire(CompletableFuture.java:1194)
	at java.base/java.util.concurrent.CompletableFuture$Completion.run(CompletableFuture.java:526)
	at java.base/java.util.concurrent.ThreadPoolExecutor.runWorker(ThreadPoolExecutor.java:1144)
	at java.base/java.util.concurrent.ThreadPoolExecutor$Worker.run(ThreadPoolExecutor.java:642)
	at java.base/java.lang.Thread.run(Thread.java:1575)
Caused by: org.eclipse.lsp4j.jsonrpc.JsonRpcException: java.io.IOException: 파이프가 닫히는 중입니다
	at org.eclipse.lsp4j.jsonrpc.json.StreamMessageConsumer.consume(StreamMessageConsumer.java:72)
	at org.eclipse.lsp4e.LanguageServerWrapper.lambda$3(LanguageServerWrapper.java:413)
	at org.eclipse.lsp4j.jsonrpc.RemoteEndpoint.request(RemoteEndpoint.java:171)
	at org.eclipse.lsp4j.jsonrpc.services.EndpointProxy.invoke(EndpointProxy.java:91)
	at jdk.proxy15/jdk.proxy15.$Proxy38.codeLens(Unknown Source)
	at org.eclipse.lsp4e.operations.codelens.CodeLensProvider.lambda$1(CodeLensProvider.java:40)
	... 7 more
Caused by: java.io.IOException: 파이프가 닫히는 중입니다
	at java.base/java.io.FileOutputStream.writeBytes(Native Method)
	at java.base/java.io.FileOutputStream.write(FileOutputStream.java:400)
	at java.base/java.lang.Process$PipeOutputStream.write(Process.java:907)
	at java.base/java.io.BufferedOutputStream.flushBuffer(BufferedOutputStream.java:125)
	at java.base/java.io.BufferedOutputStream.implWrite(BufferedOutputStream.java:222)
	at java.base/java.io.BufferedOutputStream.write(BufferedOutputStream.java:200)
	at java.base/java.io.FilterOutputStream.write(FilterOutputStream.java:110)
	at org.eclipse.lsp4j.jsonrpc.json.StreamMessageConsumer.consume(StreamMessageConsumer.java:67)
	... 12 more

!ENTRY org.eclipse.lsp4e 4 0 2025-09-16 14:54:47.234
!MESSAGE java.io.IOException: 파이프가 닫히는 중입니다
!STACK 0
org.eclipse.lsp4j.jsonrpc.JsonRpcException: java.io.IOException: 파이프가 닫히는 중입니다
	at org.eclipse.lsp4j.jsonrpc.json.StreamMessageConsumer.consume(StreamMessageConsumer.java:72)
	at org.eclipse.lsp4e.LanguageServerWrapper.lambda$3(LanguageServerWrapper.java:413)
	at org.eclipse.lsp4j.jsonrpc.RemoteEndpoint.request(RemoteEndpoint.java:171)
	at org.eclipse.lsp4j.jsonrpc.services.EndpointProxy.invoke(EndpointProxy.java:91)
	at jdk.proxy15/jdk.proxy15.$Proxy38.inlayHint(Unknown Source)
	at org.eclipse.lsp4e.operations.inlayhint.InlayHintProvider.lambda$1(InlayHintProvider.java:55)
	at org.eclipse.lsp4e.LanguageServers.lambda$24(LanguageServers.java:445)
	at org.eclipse.lsp4e.LanguageServerWrapper.lambda$17(LanguageServerWrapper.java:976)
	at java.base/java.util.concurrent.CompletableFuture$UniCompose.tryFire(CompletableFuture.java:1194)
	at java.base/java.util.concurrent.CompletableFuture$Completion.run(CompletableFuture.java:526)
	at java.base/java.util.concurrent.ThreadPoolExecutor.runWorker(ThreadPoolExecutor.java:1144)
	at java.base/java.util.concurrent.ThreadPoolExecutor$Worker.run(ThreadPoolExecutor.java:642)
	at java.base/java.lang.Thread.run(Thread.java:1575)
Caused by: java.io.IOException: 파이프가 닫히는 중입니다
	at java.base/java.io.FileOutputStream.writeBytes(Native Method)
	at java.base/java.io.FileOutputStream.write(FileOutputStream.java:400)
	at java.base/java.lang.Process$PipeOutputStream.write(Process.java:907)
	at java.base/java.io.BufferedOutputStream.flushBuffer(BufferedOutputStream.java:125)
	at java.base/java.io.BufferedOutputStream.implWrite(BufferedOutputStream.java:222)
	at java.base/java.io.BufferedOutputStream.write(BufferedOutputStream.java:200)
	at java.base/java.io.FilterOutputStream.write(FilterOutputStream.java:110)
	at org.eclipse.lsp4j.jsonrpc.json.StreamMessageConsumer.consume(StreamMessageConsumer.java:67)
	... 12 more

!ENTRY org.eclipse.jface.text 4 0 2025-09-16 14:54:47.234
!MESSAGE org.eclipse.lsp4j.jsonrpc.JsonRpcException: java.io.IOException: 파이프가 닫히는 중입니다
!STACK 0
java.util.concurrent.CompletionException: org.eclipse.lsp4j.jsonrpc.JsonRpcException: java.io.IOException: 파이프가 닫히는 중입니다
	at java.base/java.util.concurrent.CompletableFuture.wrapInCompletionException(CompletableFuture.java:323)
	at java.base/java.util.concurrent.CompletableFuture.encodeThrowable(CompletableFuture.java:376)
	at java.base/java.util.concurrent.CompletableFuture.uniApplyNow(CompletableFuture.java:718)
	at java.base/java.util.concurrent.CompletableFuture.uniApplyStage(CompletableFuture.java:706)
	at java.base/java.util.concurrent.CompletableFuture.thenApply(CompletableFuture.java:2244)
	at org.eclipse.lsp4e.operations.codelens.CodeLensProvider.lambda$1(CodeLensProvider.java:41)
	at org.eclipse.lsp4e.LanguageServers.lambda$24(LanguageServers.java:445)
	at org.eclipse.lsp4e.LanguageServerWrapper.lambda$17(LanguageServerWrapper.java:976)
	at java.base/java.util.concurrent.CompletableFuture$UniCompose.tryFire(CompletableFuture.java:1194)
	at java.base/java.util.concurrent.CompletableFuture$Completion.run(CompletableFuture.java:526)
	at java.base/java.util.concurrent.ThreadPoolExecutor.runWorker(ThreadPoolExecutor.java:1144)
	at java.base/java.util.concurrent.ThreadPoolExecutor$Worker.run(ThreadPoolExecutor.java:642)
	at java.base/java.lang.Thread.run(Thread.java:1575)
Caused by: org.eclipse.lsp4j.jsonrpc.JsonRpcException: java.io.IOException: 파이프가 닫히는 중입니다
	at org.eclipse.lsp4j.jsonrpc.json.StreamMessageConsumer.consume(StreamMessageConsumer.java:72)
	at org.eclipse.lsp4e.LanguageServerWrapper.lambda$3(LanguageServerWrapper.java:413)
	at org.eclipse.lsp4j.jsonrpc.RemoteEndpoint.request(RemoteEndpoint.java:171)
	at org.eclipse.lsp4j.jsonrpc.services.EndpointProxy.invoke(EndpointProxy.java:91)
	at jdk.proxy15/jdk.proxy15.$Proxy38.codeLens(Unknown Source)
	at org.eclipse.lsp4e.operations.codelens.CodeLensProvider.lambda$1(CodeLensProvider.java:40)
	... 7 more
Caused by: java.io.IOException: 파이프가 닫히는 중입니다
	at java.base/java.io.FileOutputStream.writeBytes(Native Method)
	at java.base/java.io.FileOutputStream.write(FileOutputStream.java:400)
	at java.base/java.lang.Process$PipeOutputStream.write(Process.java:907)
	at java.base/java.io.BufferedOutputStream.flushBuffer(BufferedOutputStream.java:125)
	at java.base/java.io.BufferedOutputStream.implWrite(BufferedOutputStream.java:222)
	at java.base/java.io.BufferedOutputStream.write(BufferedOutputStream.java:200)
	at java.base/java.io.FilterOutputStream.write(FilterOutputStream.java:110)
	at org.eclipse.lsp4j.jsonrpc.json.StreamMessageConsumer.consume(StreamMessageConsumer.java:67)
	... 12 more

!ENTRY org.eclipse.lsp4e 4 0 2025-09-16 14:54:47.235
!MESSAGE java.io.IOException: 파이프가 닫히는 중입니다
!STACK 0
org.eclipse.lsp4j.jsonrpc.JsonRpcException: java.io.IOException: 파이프가 닫히는 중입니다
	at org.eclipse.lsp4j.jsonrpc.json.StreamMessageConsumer.consume(StreamMessageConsumer.java:72)
	at org.eclipse.lsp4e.LanguageServerWrapper.lambda$3(LanguageServerWrapper.java:413)
	at org.eclipse.lsp4j.jsonrpc.RemoteEndpoint.request(RemoteEndpoint.java:171)
	at org.eclipse.lsp4j.jsonrpc.services.EndpointProxy.invoke(EndpointProxy.java:91)
	at jdk.proxy15/jdk.proxy15.$Proxy38.inlayHint(Unknown Source)
	at org.eclipse.lsp4e.operations.inlayhint.InlayHintProvider.lambda$1(InlayHintProvider.java:55)
	at org.eclipse.lsp4e.LanguageServers.lambda$24(LanguageServers.java:445)
	at org.eclipse.lsp4e.LanguageServerWrapper.lambda$17(LanguageServerWrapper.java:976)
	at java.base/java.util.concurrent.CompletableFuture$UniCompose.tryFire(CompletableFuture.java:1194)
	at java.base/java.util.concurrent.CompletableFuture$Completion.run(CompletableFuture.java:526)
	at java.base/java.util.concurrent.ThreadPoolExecutor.runWorker(ThreadPoolExecutor.java:1144)
	at java.base/java.util.concurrent.ThreadPoolExecutor$Worker.run(ThreadPoolExecutor.java:642)
	at java.base/java.lang.Thread.run(Thread.java:1575)
Caused by: java.io.IOException: 파이프가 닫히는 중입니다
	at java.base/java.io.FileOutputStream.writeBytes(Native Method)
	at java.base/java.io.FileOutputStream.write(FileOutputStream.java:400)
	at java.base/java.lang.Process$PipeOutputStream.write(Process.java:907)
	at java.base/java.io.BufferedOutputStream.flushBuffer(BufferedOutputStream.java:125)
	at java.base/java.io.BufferedOutputStream.implWrite(BufferedOutputStream.java:222)
	at java.base/java.io.BufferedOutputStream.write(BufferedOutputStream.java:200)
	at java.base/java.io.FilterOutputStream.write(FilterOutputStream.java:110)
	at org.eclipse.lsp4j.jsonrpc.json.StreamMessageConsumer.consume(StreamMessageConsumer.java:67)
	... 12 more

!ENTRY org.eclipse.jface.text 4 0 2025-09-16 14:54:47.235
!MESSAGE org.eclipse.lsp4j.jsonrpc.JsonRpcException: java.io.IOException: 파이프가 닫히는 중입니다
!STACK 0
java.util.concurrent.CompletionException: org.eclipse.lsp4j.jsonrpc.JsonRpcException: java.io.IOException: 파이프가 닫히는 중입니다
	at java.base/java.util.concurrent.CompletableFuture.wrapInCompletionException(CompletableFuture.java:323)
	at java.base/java.util.concurrent.CompletableFuture.encodeThrowable(CompletableFuture.java:376)
	at java.base/java.util.concurrent.CompletableFuture.uniApplyNow(CompletableFuture.java:718)
	at java.base/java.util.concurrent.CompletableFuture.uniApplyStage(CompletableFuture.java:706)
	at java.base/java.util.concurrent.CompletableFuture.thenApply(CompletableFuture.java:2244)
	at org.eclipse.lsp4e.operations.codelens.CodeLensProvider.lambda$1(CodeLensProvider.java:41)
	at org.eclipse.lsp4e.LanguageServers.lambda$24(LanguageServers.java:445)
	at org.eclipse.lsp4e.LanguageServerWrapper.lambda$17(LanguageServerWrapper.java:976)
	at java.base/java.util.concurrent.CompletableFuture$UniCompose.tryFire(CompletableFuture.java:1194)
	at java.base/java.util.concurrent.CompletableFuture$Completion.run(CompletableFuture.java:526)
	at java.base/java.util.concurrent.ThreadPoolExecutor.runWorker(ThreadPoolExecutor.java:1144)
	at java.base/java.util.concurrent.ThreadPoolExecutor$Worker.run(ThreadPoolExecutor.java:642)
	at java.base/java.lang.Thread.run(Thread.java:1575)
Caused by: org.eclipse.lsp4j.jsonrpc.JsonRpcException: java.io.IOException: 파이프가 닫히는 중입니다
	at org.eclipse.lsp4j.jsonrpc.json.StreamMessageConsumer.consume(StreamMessageConsumer.java:72)
	at org.eclipse.lsp4e.LanguageServerWrapper.lambda$3(LanguageServerWrapper.java:413)
	at org.eclipse.lsp4j.jsonrpc.RemoteEndpoint.request(RemoteEndpoint.java:171)
	at org.eclipse.lsp4j.jsonrpc.services.EndpointProxy.invoke(EndpointProxy.java:91)
	at jdk.proxy15/jdk.proxy15.$Proxy38.codeLens(Unknown Source)
	at org.eclipse.lsp4e.operations.codelens.CodeLensProvider.lambda$1(CodeLensProvider.java:40)
	... 7 more
Caused by: java.io.IOException: 파이프가 닫히는 중입니다
	at java.base/java.io.FileOutputStream.writeBytes(Native Method)
	at java.base/java.io.FileOutputStream.write(FileOutputStream.java:400)
	at java.base/java.lang.Process$PipeOutputStream.write(Process.java:907)
	at java.base/java.io.BufferedOutputStream.flushBuffer(BufferedOutputStream.java:125)
	at java.base/java.io.BufferedOutputStream.implWrite(BufferedOutputStream.java:222)
	at java.base/java.io.BufferedOutputStream.write(BufferedOutputStream.java:200)
	at java.base/java.io.FilterOutputStream.write(FilterOutputStream.java:110)
	at org.eclipse.lsp4j.jsonrpc.json.StreamMessageConsumer.consume(StreamMessageConsumer.java:67)
	... 12 more

!ENTRY org.eclipse.lsp4e 4 0 2025-09-16 14:54:47.235
!MESSAGE java.io.IOException: 파이프가 닫히는 중입니다
!STACK 0
org.eclipse.lsp4j.jsonrpc.JsonRpcException: java.io.IOException: 파이프가 닫히는 중입니다
	at org.eclipse.lsp4j.jsonrpc.json.StreamMessageConsumer.consume(StreamMessageConsumer.java:72)
	at org.eclipse.lsp4e.LanguageServerWrapper.lambda$3(LanguageServerWrapper.java:413)
	at org.eclipse.lsp4j.jsonrpc.RemoteEndpoint.request(RemoteEndpoint.java:171)
	at org.eclipse.lsp4j.jsonrpc.services.EndpointProxy.invoke(EndpointProxy.java:91)
	at jdk.proxy15/jdk.proxy15.$Proxy38.inlayHint(Unknown Source)
	at org.eclipse.lsp4e.operations.inlayhint.InlayHintProvider.lambda$1(InlayHintProvider.java:55)
	at org.eclipse.lsp4e.LanguageServers.lambda$24(LanguageServers.java:445)
	at org.eclipse.lsp4e.LanguageServerWrapper.lambda$17(LanguageServerWrapper.java:976)
	at java.base/java.util.concurrent.CompletableFuture$UniCompose.tryFire(CompletableFuture.java:1194)
	at java.base/java.util.concurrent.CompletableFuture$Completion.run(CompletableFuture.java:526)
	at java.base/java.util.concurrent.ThreadPoolExecutor.runWorker(ThreadPoolExecutor.java:1144)
	at java.base/java.util.concurrent.ThreadPoolExecutor$Worker.run(ThreadPoolExecutor.java:642)
	at java.base/java.lang.Thread.run(Thread.java:1575)
Caused by: java.io.IOException: 파이프가 닫히는 중입니다
	at java.base/java.io.FileOutputStream.writeBytes(Native Method)
	at java.base/java.io.FileOutputStream.write(FileOutputStream.java:400)
	at java.base/java.lang.Process$PipeOutputStream.write(Process.java:907)
	at java.base/java.io.BufferedOutputStream.flushBuffer(BufferedOutputStream.java:125)
	at java.base/java.io.BufferedOutputStream.implWrite(BufferedOutputStream.java:222)
	at java.base/java.io.BufferedOutputStream.write(BufferedOutputStream.java:200)
	at java.base/java.io.FilterOutputStream.write(FilterOutputStream.java:110)
	at org.eclipse.lsp4j.jsonrpc.json.StreamMessageConsumer.consume(StreamMessageConsumer.java:67)
	... 12 more

!ENTRY org.eclipse.jface.text 4 0 2025-09-16 14:54:47.236
!MESSAGE org.eclipse.lsp4j.jsonrpc.JsonRpcException: java.io.IOException: 파이프가 닫히는 중입니다
!STACK 0
java.util.concurrent.CompletionException: org.eclipse.lsp4j.jsonrpc.JsonRpcException: java.io.IOException: 파이프가 닫히는 중입니다
	at java.base/java.util.concurrent.CompletableFuture.wrapInCompletionException(CompletableFuture.java:323)
	at java.base/java.util.concurrent.CompletableFuture.encodeThrowable(CompletableFuture.java:376)
	at java.base/java.util.concurrent.CompletableFuture.uniApplyNow(CompletableFuture.java:718)
	at java.base/java.util.concurrent.CompletableFuture.uniApplyStage(CompletableFuture.java:706)
	at java.base/java.util.concurrent.CompletableFuture.thenApply(CompletableFuture.java:2244)
	at org.eclipse.lsp4e.operations.codelens.CodeLensProvider.lambda$1(CodeLensProvider.java:41)
	at org.eclipse.lsp4e.LanguageServers.lambda$24(LanguageServers.java:445)
	at org.eclipse.lsp4e.LanguageServerWrapper.lambda$17(LanguageServerWrapper.java:976)
	at java.base/java.util.concurrent.CompletableFuture$UniCompose.tryFire(CompletableFuture.java:1194)
	at java.base/java.util.concurrent.CompletableFuture$Completion.run(CompletableFuture.java:526)
	at java.base/java.util.concurrent.ThreadPoolExecutor.runWorker(ThreadPoolExecutor.java:1144)
	at java.base/java.util.concurrent.ThreadPoolExecutor$Worker.run(ThreadPoolExecutor.java:642)
	at java.base/java.lang.Thread.run(Thread.java:1575)
Caused by: org.eclipse.lsp4j.jsonrpc.JsonRpcException: java.io.IOException: 파이프가 닫히는 중입니다
	at org.eclipse.lsp4j.jsonrpc.json.StreamMessageConsumer.consume(StreamMessageConsumer.java:72)
	at org.eclipse.lsp4e.LanguageServerWrapper.lambda$3(LanguageServerWrapper.java:413)
	at org.eclipse.lsp4j.jsonrpc.RemoteEndpoint.request(RemoteEndpoint.java:171)
	at org.eclipse.lsp4j.jsonrpc.services.EndpointProxy.invoke(EndpointProxy.java:91)
	at jdk.proxy15/jdk.proxy15.$Proxy38.codeLens(Unknown Source)
	at org.eclipse.lsp4e.operations.codelens.CodeLensProvider.lambda$1(CodeLensProvider.java:40)
	... 7 more
Caused by: java.io.IOException: 파이프가 닫히는 중입니다
	at java.base/java.io.FileOutputStream.writeBytes(Native Method)
	at java.base/java.io.FileOutputStream.write(FileOutputStream.java:400)
	at java.base/java.lang.Process$PipeOutputStream.write(Process.java:907)
	at java.base/java.io.BufferedOutputStream.flushBuffer(BufferedOutputStream.java:125)
	at java.base/java.io.BufferedOutputStream.implWrite(BufferedOutputStream.java:222)
	at java.base/java.io.BufferedOutputStream.write(BufferedOutputStream.java:200)
	at java.base/java.io.FilterOutputStream.write(FilterOutputStream.java:110)
	at org.eclipse.lsp4j.jsonrpc.json.StreamMessageConsumer.consume(StreamMessageConsumer.java:67)
	... 12 more

!ENTRY org.eclipse.lsp4e 4 0 2025-09-16 14:54:47.236
!MESSAGE java.io.IOException: 파이프가 닫히는 중입니다
!STACK 0
org.eclipse.lsp4j.jsonrpc.JsonRpcException: java.io.IOException: 파이프가 닫히는 중입니다
	at org.eclipse.lsp4j.jsonrpc.json.StreamMessageConsumer.consume(StreamMessageConsumer.java:72)
	at org.eclipse.lsp4e.LanguageServerWrapper.lambda$3(LanguageServerWrapper.java:413)
	at org.eclipse.lsp4j.jsonrpc.RemoteEndpoint.request(RemoteEndpoint.java:171)
	at org.eclipse.lsp4j.jsonrpc.services.EndpointProxy.invoke(EndpointProxy.java:91)
	at jdk.proxy15/jdk.proxy15.$Proxy38.inlayHint(Unknown Source)
	at org.eclipse.lsp4e.operations.inlayhint.InlayHintProvider.lambda$1(InlayHintProvider.java:55)
	at org.eclipse.lsp4e.LanguageServers.lambda$24(LanguageServers.java:445)
	at org.eclipse.lsp4e.LanguageServerWrapper.lambda$17(LanguageServerWrapper.java:976)
	at java.base/java.util.concurrent.CompletableFuture$UniCompose.tryFire(CompletableFuture.java:1194)
	at java.base/java.util.concurrent.CompletableFuture$Completion.run(CompletableFuture.java:526)
	at java.base/java.util.concurrent.ThreadPoolExecutor.runWorker(ThreadPoolExecutor.java:1144)
	at java.base/java.util.concurrent.ThreadPoolExecutor$Worker.run(ThreadPoolExecutor.java:642)
	at java.base/java.lang.Thread.run(Thread.java:1575)
Caused by: java.io.IOException: 파이프가 닫히는 중입니다
	at java.base/java.io.FileOutputStream.writeBytes(Native Method)
	at java.base/java.io.FileOutputStream.write(FileOutputStream.java:400)
	at java.base/java.lang.Process$PipeOutputStream.write(Process.java:907)
	at java.base/java.io.BufferedOutputStream.flushBuffer(BufferedOutputStream.java:125)
	at java.base/java.io.BufferedOutputStream.implWrite(BufferedOutputStream.java:222)
	at java.base/java.io.BufferedOutputStream.write(BufferedOutputStream.java:200)
	at java.base/java.io.FilterOutputStream.write(FilterOutputStream.java:110)
	at org.eclipse.lsp4j.jsonrpc.json.StreamMessageConsumer.consume(StreamMessageConsumer.java:67)
	... 12 more

!ENTRY org.eclipse.jface.text 4 0 2025-09-16 14:54:47.236
!MESSAGE org.eclipse.lsp4j.jsonrpc.JsonRpcException: java.io.IOException: 파이프가 닫히는 중입니다
!STACK 0
java.util.concurrent.CompletionException: org.eclipse.lsp4j.jsonrpc.JsonRpcException: java.io.IOException: 파이프가 닫히는 중입니다
	at java.base/java.util.concurrent.CompletableFuture.wrapInCompletionException(CompletableFuture.java:323)
	at java.base/java.util.concurrent.CompletableFuture.encodeThrowable(CompletableFuture.java:376)
	at java.base/java.util.concurrent.CompletableFuture.uniApplyNow(CompletableFuture.java:718)
	at java.base/java.util.concurrent.CompletableFuture.uniApplyStage(CompletableFuture.java:706)
	at java.base/java.util.concurrent.CompletableFuture.thenApply(CompletableFuture.java:2244)
	at org.eclipse.lsp4e.operations.codelens.CodeLensProvider.lambda$1(CodeLensProvider.java:41)
	at org.eclipse.lsp4e.LanguageServers.lambda$24(LanguageServers.java:445)
	at org.eclipse.lsp4e.LanguageServerWrapper.lambda$17(LanguageServerWrapper.java:976)
	at java.base/java.util.concurrent.CompletableFuture$UniCompose.tryFire(CompletableFuture.java:1194)
	at java.base/java.util.concurrent.CompletableFuture$Completion.run(CompletableFuture.java:526)
	at java.base/java.util.concurrent.ThreadPoolExecutor.runWorker(ThreadPoolExecutor.java:1144)
	at java.base/java.util.concurrent.ThreadPoolExecutor$Worker.run(ThreadPoolExecutor.java:642)
	at java.base/java.lang.Thread.run(Thread.java:1575)
Caused by: org.eclipse.lsp4j.jsonrpc.JsonRpcException: java.io.IOException: 파이프가 닫히는 중입니다
	at org.eclipse.lsp4j.jsonrpc.json.StreamMessageConsumer.consume(StreamMessageConsumer.java:72)
	at org.eclipse.lsp4e.LanguageServerWrapper.lambda$3(LanguageServerWrapper.java:413)
	at org.eclipse.lsp4j.jsonrpc.RemoteEndpoint.request(RemoteEndpoint.java:171)
	at org.eclipse.lsp4j.jsonrpc.services.EndpointProxy.invoke(EndpointProxy.java:91)
	at jdk.proxy15/jdk.proxy15.$Proxy38.codeLens(Unknown Source)
	at org.eclipse.lsp4e.operations.codelens.CodeLensProvider.lambda$1(CodeLensProvider.java:40)
	... 7 more
Caused by: java.io.IOException: 파이프가 닫히는 중입니다
	at java.base/java.io.FileOutputStream.writeBytes(Native Method)
	at java.base/java.io.FileOutputStream.write(FileOutputStream.java:400)
	at java.base/java.lang.Process$PipeOutputStream.write(Process.java:907)
	at java.base/java.io.BufferedOutputStream.flushBuffer(BufferedOutputStream.java:125)
	at java.base/java.io.BufferedOutputStream.implWrite(BufferedOutputStream.java:222)
	at java.base/java.io.BufferedOutputStream.write(BufferedOutputStream.java:200)
	at java.base/java.io.FilterOutputStream.write(FilterOutputStream.java:110)
	at org.eclipse.lsp4j.jsonrpc.json.StreamMessageConsumer.consume(StreamMessageConsumer.java:67)
	... 12 more

!ENTRY org.eclipse.lsp4e 4 0 2025-09-16 14:54:47.236
!MESSAGE java.io.IOException: 파이프가 닫히는 중입니다
!STACK 0
org.eclipse.lsp4j.jsonrpc.JsonRpcException: java.io.IOException: 파이프가 닫히는 중입니다
	at org.eclipse.lsp4j.jsonrpc.json.StreamMessageConsumer.consume(StreamMessageConsumer.java:72)
	at org.eclipse.lsp4e.LanguageServerWrapper.lambda$3(LanguageServerWrapper.java:413)
	at org.eclipse.lsp4j.jsonrpc.RemoteEndpoint.request(RemoteEndpoint.java:171)
	at org.eclipse.lsp4j.jsonrpc.services.EndpointProxy.invoke(EndpointProxy.java:91)
	at jdk.proxy15/jdk.proxy15.$Proxy38.inlayHint(Unknown Source)
	at org.eclipse.lsp4e.operations.inlayhint.InlayHintProvider.lambda$1(InlayHintProvider.java:55)
	at org.eclipse.lsp4e.LanguageServers.lambda$24(LanguageServers.java:445)
	at org.eclipse.lsp4e.LanguageServerWrapper.lambda$17(LanguageServerWrapper.java:976)
	at java.base/java.util.concurrent.CompletableFuture$UniCompose.tryFire(CompletableFuture.java:1194)
	at java.base/java.util.concurrent.CompletableFuture$Completion.run(CompletableFuture.java:526)
	at java.base/java.util.concurrent.ThreadPoolExecutor.runWorker(ThreadPoolExecutor.java:1144)
	at java.base/java.util.concurrent.ThreadPoolExecutor$Worker.run(ThreadPoolExecutor.java:642)
	at java.base/java.lang.Thread.run(Thread.java:1575)
Caused by: java.io.IOException: 파이프가 닫히는 중입니다
	at java.base/java.io.FileOutputStream.writeBytes(Native Method)
	at java.base/java.io.FileOutputStream.write(FileOutputStream.java:400)
	at java.base/java.lang.Process$PipeOutputStream.write(Process.java:907)
	at java.base/java.io.BufferedOutputStream.flushBuffer(BufferedOutputStream.java:125)
	at java.base/java.io.BufferedOutputStream.implWrite(BufferedOutputStream.java:222)
	at java.base/java.io.BufferedOutputStream.write(BufferedOutputStream.java:200)
	at java.base/java.io.FilterOutputStream.write(FilterOutputStream.java:110)
	at org.eclipse.lsp4j.jsonrpc.json.StreamMessageConsumer.consume(StreamMessageConsumer.java:67)
	... 12 more

!ENTRY org.eclipse.jface.text 4 0 2025-09-16 14:54:47.237
!MESSAGE org.eclipse.lsp4j.jsonrpc.JsonRpcException: java.io.IOException: 파이프가 닫히는 중입니다
!STACK 0
java.util.concurrent.CompletionException: org.eclipse.lsp4j.jsonrpc.JsonRpcException: java.io.IOException: 파이프가 닫히는 중입니다
	at java.base/java.util.concurrent.CompletableFuture.wrapInCompletionException(CompletableFuture.java:323)
	at java.base/java.util.concurrent.CompletableFuture.encodeThrowable(CompletableFuture.java:376)
	at java.base/java.util.concurrent.CompletableFuture.uniApplyNow(CompletableFuture.java:718)
	at java.base/java.util.concurrent.CompletableFuture.uniApplyStage(CompletableFuture.java:706)
	at java.base/java.util.concurrent.CompletableFuture.thenApply(CompletableFuture.java:2244)
	at org.eclipse.lsp4e.operations.codelens.CodeLensProvider.lambda$1(CodeLensProvider.java:41)
	at org.eclipse.lsp4e.LanguageServers.lambda$24(LanguageServers.java:445)
	at org.eclipse.lsp4e.LanguageServerWrapper.lambda$17(LanguageServerWrapper.java:976)
	at java.base/java.util.concurrent.CompletableFuture$UniCompose.tryFire(CompletableFuture.java:1194)
	at java.base/java.util.concurrent.CompletableFuture$Completion.run(CompletableFuture.java:526)
	at java.base/java.util.concurrent.ThreadPoolExecutor.runWorker(ThreadPoolExecutor.java:1144)
	at java.base/java.util.concurrent.ThreadPoolExecutor$Worker.run(ThreadPoolExecutor.java:642)
	at java.base/java.lang.Thread.run(Thread.java:1575)
Caused by: org.eclipse.lsp4j.jsonrpc.JsonRpcException: java.io.IOException: 파이프가 닫히는 중입니다
	at org.eclipse.lsp4j.jsonrpc.json.StreamMessageConsumer.consume(StreamMessageConsumer.java:72)
	at org.eclipse.lsp4e.LanguageServerWrapper.lambda$3(LanguageServerWrapper.java:413)
	at org.eclipse.lsp4j.jsonrpc.RemoteEndpoint.request(RemoteEndpoint.java:171)
	at org.eclipse.lsp4j.jsonrpc.services.EndpointProxy.invoke(EndpointProxy.java:91)
	at jdk.proxy15/jdk.proxy15.$Proxy38.codeLens(Unknown Source)
	at org.eclipse.lsp4e.operations.codelens.CodeLensProvider.lambda$1(CodeLensProvider.java:40)
	... 7 more
Caused by: java.io.IOException: 파이프가 닫히는 중입니다
	at java.base/java.io.FileOutputStream.writeBytes(Native Method)
	at java.base/java.io.FileOutputStream.write(FileOutputStream.java:400)
	at java.base/java.lang.Process$PipeOutputStream.write(Process.java:907)
	at java.base/java.io.BufferedOutputStream.flushBuffer(BufferedOutputStream.java:125)
	at java.base/java.io.BufferedOutputStream.implWrite(BufferedOutputStream.java:222)
	at java.base/java.io.BufferedOutputStream.write(BufferedOutputStream.java:200)
	at java.base/java.io.FilterOutputStream.write(FilterOutputStream.java:110)
	at org.eclipse.lsp4j.jsonrpc.json.StreamMessageConsumer.consume(StreamMessageConsumer.java:67)
	... 12 more

!ENTRY org.eclipse.lsp4e 4 0 2025-09-16 14:54:47.237
!MESSAGE java.io.IOException: 파이프가 닫히는 중입니다
!STACK 0
org.eclipse.lsp4j.jsonrpc.JsonRpcException: java.io.IOException: 파이프가 닫히는 중입니다
	at org.eclipse.lsp4j.jsonrpc.json.StreamMessageConsumer.consume(StreamMessageConsumer.java:72)
	at org.eclipse.lsp4e.LanguageServerWrapper.lambda$3(LanguageServerWrapper.java:413)
	at org.eclipse.lsp4j.jsonrpc.RemoteEndpoint.request(RemoteEndpoint.java:171)
	at org.eclipse.lsp4j.jsonrpc.services.EndpointProxy.invoke(EndpointProxy.java:91)
	at jdk.proxy15/jdk.proxy15.$Proxy38.inlayHint(Unknown Source)
	at org.eclipse.lsp4e.operations.inlayhint.InlayHintProvider.lambda$1(InlayHintProvider.java:55)
	at org.eclipse.lsp4e.LanguageServers.lambda$24(LanguageServers.java:445)
	at org.eclipse.lsp4e.LanguageServerWrapper.lambda$17(LanguageServerWrapper.java:976)
	at java.base/java.util.concurrent.CompletableFuture$UniCompose.tryFire(CompletableFuture.java:1194)
	at java.base/java.util.concurrent.CompletableFuture$Completion.run(CompletableFuture.java:526)
	at java.base/java.util.concurrent.ThreadPoolExecutor.runWorker(ThreadPoolExecutor.java:1144)
	at java.base/java.util.concurrent.ThreadPoolExecutor$Worker.run(ThreadPoolExecutor.java:642)
	at java.base/java.lang.Thread.run(Thread.java:1575)
Caused by: java.io.IOException: 파이프가 닫히는 중입니다
	at java.base/java.io.FileOutputStream.writeBytes(Native Method)
	at java.base/java.io.FileOutputStream.write(FileOutputStream.java:400)
	at java.base/java.lang.Process$PipeOutputStream.write(Process.java:907)
	at java.base/java.io.BufferedOutputStream.flushBuffer(BufferedOutputStream.java:125)
	at java.base/java.io.BufferedOutputStream.implWrite(BufferedOutputStream.java:222)
	at java.base/java.io.BufferedOutputStream.write(BufferedOutputStream.java:200)
	at java.base/java.io.FilterOutputStream.write(FilterOutputStream.java:110)
	at org.eclipse.lsp4j.jsonrpc.json.StreamMessageConsumer.consume(StreamMessageConsumer.java:67)
	... 12 more

!ENTRY org.eclipse.jface.text 4 0 2025-09-16 14:54:47.237
!MESSAGE org.eclipse.lsp4j.jsonrpc.JsonRpcException: java.io.IOException: 파이프가 닫히는 중입니다
!STACK 0
java.util.concurrent.CompletionException: org.eclipse.lsp4j.jsonrpc.JsonRpcException: java.io.IOException: 파이프가 닫히는 중입니다
	at java.base/java.util.concurrent.CompletableFuture.wrapInCompletionException(CompletableFuture.java:323)
	at java.base/java.util.concurrent.CompletableFuture.encodeThrowable(CompletableFuture.java:376)
	at java.base/java.util.concurrent.CompletableFuture.uniApplyNow(CompletableFuture.java:718)
	at java.base/java.util.concurrent.CompletableFuture.uniApplyStage(CompletableFuture.java:706)
	at java.base/java.util.concurrent.CompletableFuture.thenApply(CompletableFuture.java:2244)
	at org.eclipse.lsp4e.operations.codelens.CodeLensProvider.lambda$1(CodeLensProvider.java:41)
	at org.eclipse.lsp4e.LanguageServers.lambda$24(LanguageServers.java:445)
	at org.eclipse.lsp4e.LanguageServerWrapper.lambda$17(LanguageServerWrapper.java:976)
	at java.base/java.util.concurrent.CompletableFuture$UniCompose.tryFire(CompletableFuture.java:1194)
	at java.base/java.util.concurrent.CompletableFuture$Completion.run(CompletableFuture.java:526)
	at java.base/java.util.concurrent.ThreadPoolExecutor.runWorker(ThreadPoolExecutor.java:1144)
	at java.base/java.util.concurrent.ThreadPoolExecutor$Worker.run(ThreadPoolExecutor.java:642)
	at java.base/java.lang.Thread.run(Thread.java:1575)
Caused by: org.eclipse.lsp4j.jsonrpc.JsonRpcException: java.io.IOException: 파이프가 닫히는 중입니다
	at org.eclipse.lsp4j.jsonrpc.json.StreamMessageConsumer.consume(StreamMessageConsumer.java:72)
	at org.eclipse.lsp4e.LanguageServerWrapper.lambda$3(LanguageServerWrapper.java:413)
	at org.eclipse.lsp4j.jsonrpc.RemoteEndpoint.request(RemoteEndpoint.java:171)
	at org.eclipse.lsp4j.jsonrpc.services.EndpointProxy.invoke(EndpointProxy.java:91)
	at jdk.proxy15/jdk.proxy15.$Proxy38.codeLens(Unknown Source)
	at org.eclipse.lsp4e.operations.codelens.CodeLensProvider.lambda$1(CodeLensProvider.java:40)
	... 7 more
Caused by: java.io.IOException: 파이프가 닫히는 중입니다
	at java.base/java.io.FileOutputStream.writeBytes(Native Method)
	at java.base/java.io.FileOutputStream.write(FileOutputStream.java:400)
	at java.base/java.lang.Process$PipeOutputStream.write(Process.java:907)
	at java.base/java.io.BufferedOutputStream.flushBuffer(BufferedOutputStream.java:125)
	at java.base/java.io.BufferedOutputStream.implWrite(BufferedOutputStream.java:222)
	at java.base/java.io.BufferedOutputStream.write(BufferedOutputStream.java:200)
	at java.base/java.io.FilterOutputStream.write(FilterOutputStream.java:110)
	at org.eclipse.lsp4j.jsonrpc.json.StreamMessageConsumer.consume(StreamMessageConsumer.java:67)
	... 12 more

!ENTRY org.eclipse.lsp4e 4 0 2025-09-16 14:54:47.238
!MESSAGE java.io.IOException: 파이프가 닫히는 중입니다
!STACK 0
org.eclipse.lsp4j.jsonrpc.JsonRpcException: java.io.IOException: 파이프가 닫히는 중입니다
	at org.eclipse.lsp4j.jsonrpc.json.StreamMessageConsumer.consume(StreamMessageConsumer.java:72)
	at org.eclipse.lsp4e.LanguageServerWrapper.lambda$3(LanguageServerWrapper.java:413)
	at org.eclipse.lsp4j.jsonrpc.RemoteEndpoint.request(RemoteEndpoint.java:171)
	at org.eclipse.lsp4j.jsonrpc.services.EndpointProxy.invoke(EndpointProxy.java:91)
	at jdk.proxy15/jdk.proxy15.$Proxy38.inlayHint(Unknown Source)
	at org.eclipse.lsp4e.operations.inlayhint.InlayHintProvider.lambda$1(InlayHintProvider.java:55)
	at org.eclipse.lsp4e.LanguageServers.lambda$24(LanguageServers.java:445)
	at org.eclipse.lsp4e.LanguageServerWrapper.lambda$17(LanguageServerWrapper.java:976)
	at java.base/java.util.concurrent.CompletableFuture$UniCompose.tryFire(CompletableFuture.java:1194)
	at java.base/java.util.concurrent.CompletableFuture$Completion.run(CompletableFuture.java:526)
	at java.base/java.util.concurrent.ThreadPoolExecutor.runWorker(ThreadPoolExecutor.java:1144)
	at java.base/java.util.concurrent.ThreadPoolExecutor$Worker.run(ThreadPoolExecutor.java:642)
	at java.base/java.lang.Thread.run(Thread.java:1575)
Caused by: java.io.IOException: 파이프가 닫히는 중입니다
	at java.base/java.io.FileOutputStream.writeBytes(Native Method)
	at java.base/java.io.FileOutputStream.write(FileOutputStream.java:400)
	at java.base/java.lang.Process$PipeOutputStream.write(Process.java:907)
	at java.base/java.io.BufferedOutputStream.flushBuffer(BufferedOutputStream.java:125)
	at java.base/java.io.BufferedOutputStream.implWrite(BufferedOutputStream.java:222)
	at java.base/java.io.BufferedOutputStream.write(BufferedOutputStream.java:200)
	at java.base/java.io.FilterOutputStream.write(FilterOutputStream.java:110)
	at org.eclipse.lsp4j.jsonrpc.json.StreamMessageConsumer.consume(StreamMessageConsumer.java:67)
	... 12 more

!ENTRY org.eclipse.jface.text 4 0 2025-09-16 14:54:47.238
!MESSAGE org.eclipse.lsp4j.jsonrpc.JsonRpcException: java.io.IOException: 파이프가 닫히는 중입니다
!STACK 0
java.util.concurrent.CompletionException: org.eclipse.lsp4j.jsonrpc.JsonRpcException: java.io.IOException: 파이프가 닫히는 중입니다
	at java.base/java.util.concurrent.CompletableFuture.wrapInCompletionException(CompletableFuture.java:323)
	at java.base/java.util.concurrent.CompletableFuture.encodeThrowable(CompletableFuture.java:376)
	at java.base/java.util.concurrent.CompletableFuture.uniApplyNow(CompletableFuture.java:718)
	at java.base/java.util.concurrent.CompletableFuture.uniApplyStage(CompletableFuture.java:706)
	at java.base/java.util.concurrent.CompletableFuture.thenApply(CompletableFuture.java:2244)
	at org.eclipse.lsp4e.operations.codelens.CodeLensProvider.lambda$1(CodeLensProvider.java:41)
	at org.eclipse.lsp4e.LanguageServers.lambda$24(LanguageServers.java:445)
	at org.eclipse.lsp4e.LanguageServerWrapper.lambda$17(LanguageServerWrapper.java:976)
	at java.base/java.util.concurrent.CompletableFuture$UniCompose.tryFire(CompletableFuture.java:1194)
	at java.base/java.util.concurrent.CompletableFuture$Completion.run(CompletableFuture.java:526)
	at java.base/java.util.concurrent.ThreadPoolExecutor.runWorker(ThreadPoolExecutor.java:1144)
	at java.base/java.util.concurrent.ThreadPoolExecutor$Worker.run(ThreadPoolExecutor.java:642)
	at java.base/java.lang.Thread.run(Thread.java:1575)
Caused by: org.eclipse.lsp4j.jsonrpc.JsonRpcException: java.io.IOException: 파이프가 닫히는 중입니다
	at org.eclipse.lsp4j.jsonrpc.json.StreamMessageConsumer.consume(StreamMessageConsumer.java:72)
	at org.eclipse.lsp4e.LanguageServerWrapper.lambda$3(LanguageServerWrapper.java:413)
	at org.eclipse.lsp4j.jsonrpc.RemoteEndpoint.request(RemoteEndpoint.java:171)
	at org.eclipse.lsp4j.jsonrpc.services.EndpointProxy.invoke(EndpointProxy.java:91)
	at jdk.proxy15/jdk.proxy15.$Proxy38.codeLens(Unknown Source)
	at org.eclipse.lsp4e.operations.codelens.CodeLensProvider.lambda$1(CodeLensProvider.java:40)
	... 7 more
Caused by: java.io.IOException: 파이프가 닫히는 중입니다
	at java.base/java.io.FileOutputStream.writeBytes(Native Method)
	at java.base/java.io.FileOutputStream.write(FileOutputStream.java:400)
	at java.base/java.lang.Process$PipeOutputStream.write(Process.java:907)
	at java.base/java.io.BufferedOutputStream.flushBuffer(BufferedOutputStream.java:125)
	at java.base/java.io.BufferedOutputStream.implWrite(BufferedOutputStream.java:222)
	at java.base/java.io.BufferedOutputStream.write(BufferedOutputStream.java:200)
	at java.base/java.io.FilterOutputStream.write(FilterOutputStream.java:110)
	at org.eclipse.lsp4j.jsonrpc.json.StreamMessageConsumer.consume(StreamMessageConsumer.java:67)
	... 12 more

!ENTRY org.eclipse.lsp4e 4 0 2025-09-16 14:54:47.238
!MESSAGE java.io.IOException: 파이프가 닫히는 중입니다
!STACK 0
org.eclipse.lsp4j.jsonrpc.JsonRpcException: java.io.IOException: 파이프가 닫히는 중입니다
	at org.eclipse.lsp4j.jsonrpc.json.StreamMessageConsumer.consume(StreamMessageConsumer.java:72)
	at org.eclipse.lsp4e.LanguageServerWrapper.lambda$3(LanguageServerWrapper.java:413)
	at org.eclipse.lsp4j.jsonrpc.RemoteEndpoint.request(RemoteEndpoint.java:171)
	at org.eclipse.lsp4j.jsonrpc.services.EndpointProxy.invoke(EndpointProxy.java:91)
	at jdk.proxy15/jdk.proxy15.$Proxy38.inlayHint(Unknown Source)
	at org.eclipse.lsp4e.operations.inlayhint.InlayHintProvider.lambda$1(InlayHintProvider.java:55)
	at org.eclipse.lsp4e.LanguageServers.lambda$24(LanguageServers.java:445)
	at org.eclipse.lsp4e.LanguageServerWrapper.lambda$17(LanguageServerWrapper.java:976)
	at java.base/java.util.concurrent.CompletableFuture$UniCompose.tryFire(CompletableFuture.java:1194)
	at java.base/java.util.concurrent.CompletableFuture$Completion.run(CompletableFuture.java:526)
	at java.base/java.util.concurrent.ThreadPoolExecutor.runWorker(ThreadPoolExecutor.java:1144)
	at java.base/java.util.concurrent.ThreadPoolExecutor$Worker.run(ThreadPoolExecutor.java:642)
	at java.base/java.lang.Thread.run(Thread.java:1575)
Caused by: java.io.IOException: 파이프가 닫히는 중입니다
	at java.base/java.io.FileOutputStream.writeBytes(Native Method)
	at java.base/java.io.FileOutputStream.write(FileOutputStream.java:400)
	at java.base/java.lang.Process$PipeOutputStream.write(Process.java:907)
	at java.base/java.io.BufferedOutputStream.flushBuffer(BufferedOutputStream.java:125)
	at java.base/java.io.BufferedOutputStream.implWrite(BufferedOutputStream.java:222)
	at java.base/java.io.BufferedOutputStream.write(BufferedOutputStream.java:200)
	at java.base/java.io.FilterOutputStream.write(FilterOutputStream.java:110)
	at org.eclipse.lsp4j.jsonrpc.json.StreamMessageConsumer.consume(StreamMessageConsumer.java:67)
	... 12 more

!ENTRY org.eclipse.jface.text 4 0 2025-09-16 14:54:47.239
!MESSAGE org.eclipse.lsp4j.jsonrpc.JsonRpcException: java.io.IOException: 파이프가 닫히는 중입니다
!STACK 0
java.util.concurrent.CompletionException: org.eclipse.lsp4j.jsonrpc.JsonRpcException: java.io.IOException: 파이프가 닫히는 중입니다
	at java.base/java.util.concurrent.CompletableFuture.wrapInCompletionException(CompletableFuture.java:323)
	at java.base/java.util.concurrent.CompletableFuture.encodeThrowable(CompletableFuture.java:376)
	at java.base/java.util.concurrent.CompletableFuture.uniApplyNow(CompletableFuture.java:718)
	at java.base/java.util.concurrent.CompletableFuture.uniApplyStage(CompletableFuture.java:706)
	at java.base/java.util.concurrent.CompletableFuture.thenApply(CompletableFuture.java:2244)
	at org.eclipse.lsp4e.operations.codelens.CodeLensProvider.lambda$1(CodeLensProvider.java:41)
	at org.eclipse.lsp4e.LanguageServers.lambda$24(LanguageServers.java:445)
	at org.eclipse.lsp4e.LanguageServerWrapper.lambda$17(LanguageServerWrapper.java:976)
	at java.base/java.util.concurrent.CompletableFuture$UniCompose.tryFire(CompletableFuture.java:1194)
	at java.base/java.util.concurrent.CompletableFuture$Completion.run(CompletableFuture.java:526)
	at java.base/java.util.concurrent.ThreadPoolExecutor.runWorker(ThreadPoolExecutor.java:1144)
	at java.base/java.util.concurrent.ThreadPoolExecutor$Worker.run(ThreadPoolExecutor.java:642)
	at java.base/java.lang.Thread.run(Thread.java:1575)
Caused by: org.eclipse.lsp4j.jsonrpc.JsonRpcException: java.io.IOException: 파이프가 닫히는 중입니다
	at org.eclipse.lsp4j.jsonrpc.json.StreamMessageConsumer.consume(StreamMessageConsumer.java:72)
	at org.eclipse.lsp4e.LanguageServerWrapper.lambda$3(LanguageServerWrapper.java:413)
	at org.eclipse.lsp4j.jsonrpc.RemoteEndpoint.request(RemoteEndpoint.java:171)
	at org.eclipse.lsp4j.jsonrpc.services.EndpointProxy.invoke(EndpointProxy.java:91)
	at jdk.proxy15/jdk.proxy15.$Proxy38.codeLens(Unknown Source)
	at org.eclipse.lsp4e.operations.codelens.CodeLensProvider.lambda$1(CodeLensProvider.java:40)
	... 7 more
Caused by: java.io.IOException: 파이프가 닫히는 중입니다
	at java.base/java.io.FileOutputStream.writeBytes(Native Method)
	at java.base/java.io.FileOutputStream.write(FileOutputStream.java:400)
	at java.base/java.lang.Process$PipeOutputStream.write(Process.java:907)
	at java.base/java.io.BufferedOutputStream.flushBuffer(BufferedOutputStream.java:125)
	at java.base/java.io.BufferedOutputStream.implWrite(BufferedOutputStream.java:222)
	at java.base/java.io.BufferedOutputStream.write(BufferedOutputStream.java:200)
	at java.base/java.io.FilterOutputStream.write(FilterOutputStream.java:110)
	at org.eclipse.lsp4j.jsonrpc.json.StreamMessageConsumer.consume(StreamMessageConsumer.java:67)
	... 12 more

!ENTRY org.eclipse.lsp4e 4 0 2025-09-16 14:54:47.239
!MESSAGE java.io.IOException: 파이프가 닫히는 중입니다
!STACK 0
org.eclipse.lsp4j.jsonrpc.JsonRpcException: java.io.IOException: 파이프가 닫히는 중입니다
	at org.eclipse.lsp4j.jsonrpc.json.StreamMessageConsumer.consume(StreamMessageConsumer.java:72)
	at org.eclipse.lsp4e.LanguageServerWrapper.lambda$3(LanguageServerWrapper.java:413)
	at org.eclipse.lsp4j.jsonrpc.RemoteEndpoint.request(RemoteEndpoint.java:171)
	at org.eclipse.lsp4j.jsonrpc.services.EndpointProxy.invoke(EndpointProxy.java:91)
	at jdk.proxy15/jdk.proxy15.$Proxy38.inlayHint(Unknown Source)
	at org.eclipse.lsp4e.operations.inlayhint.InlayHintProvider.lambda$1(InlayHintProvider.java:55)
	at org.eclipse.lsp4e.LanguageServers.lambda$24(LanguageServers.java:445)
	at org.eclipse.lsp4e.LanguageServerWrapper.lambda$17(LanguageServerWrapper.java:976)
	at java.base/java.util.concurrent.CompletableFuture$UniCompose.tryFire(CompletableFuture.java:1194)
	at java.base/java.util.concurrent.CompletableFuture$Completion.run(CompletableFuture.java:526)
	at java.base/java.util.concurrent.ThreadPoolExecutor.runWorker(ThreadPoolExecutor.java:1144)
	at java.base/java.util.concurrent.ThreadPoolExecutor$Worker.run(ThreadPoolExecutor.java:642)
	at java.base/java.lang.Thread.run(Thread.java:1575)
Caused by: java.io.IOException: 파이프가 닫히는 중입니다
	at java.base/java.io.FileOutputStream.writeBytes(Native Method)
	at java.base/java.io.FileOutputStream.write(FileOutputStream.java:400)
	at java.base/java.lang.Process$PipeOutputStream.write(Process.java:907)
	at java.base/java.io.BufferedOutputStream.flushBuffer(BufferedOutputStream.java:125)
	at java.base/java.io.BufferedOutputStream.implWrite(BufferedOutputStream.java:222)
	at java.base/java.io.BufferedOutputStream.write(BufferedOutputStream.java:200)
	at java.base/java.io.FilterOutputStream.write(FilterOutputStream.java:110)
	at org.eclipse.lsp4j.jsonrpc.json.StreamMessageConsumer.consume(StreamMessageConsumer.java:67)
	... 12 more

!ENTRY org.eclipse.jface.text 4 0 2025-09-16 14:54:47.239
!MESSAGE org.eclipse.lsp4j.jsonrpc.JsonRpcException: java.io.IOException: 파이프가 닫히는 중입니다
!STACK 0
java.util.concurrent.CompletionException: org.eclipse.lsp4j.jsonrpc.JsonRpcException: java.io.IOException: 파이프가 닫히는 중입니다
	at java.base/java.util.concurrent.CompletableFuture.wrapInCompletionException(CompletableFuture.java:323)
	at java.base/java.util.concurrent.CompletableFuture.encodeThrowable(CompletableFuture.java:376)
	at java.base/java.util.concurrent.CompletableFuture.uniApplyNow(CompletableFuture.java:718)
	at java.base/java.util.concurrent.CompletableFuture.uniApplyStage(CompletableFuture.java:706)
	at java.base/java.util.concurrent.CompletableFuture.thenApply(CompletableFuture.java:2244)
	at org.eclipse.lsp4e.operations.codelens.CodeLensProvider.lambda$1(CodeLensProvider.java:41)
	at org.eclipse.lsp4e.LanguageServers.lambda$24(LanguageServers.java:445)
	at org.eclipse.lsp4e.LanguageServerWrapper.lambda$17(LanguageServerWrapper.java:976)
	at java.base/java.util.concurrent.CompletableFuture$UniCompose.tryFire(CompletableFuture.java:1194)
	at java.base/java.util.concurrent.CompletableFuture$Completion.run(CompletableFuture.java:526)
	at java.base/java.util.concurrent.ThreadPoolExecutor.runWorker(ThreadPoolExecutor.java:1144)
	at java.base/java.util.concurrent.ThreadPoolExecutor$Worker.run(ThreadPoolExecutor.java:642)
	at java.base/java.lang.Thread.run(Thread.java:1575)
Caused by: org.eclipse.lsp4j.jsonrpc.JsonRpcException: java.io.IOException: 파이프가 닫히는 중입니다
	at org.eclipse.lsp4j.jsonrpc.json.StreamMessageConsumer.consume(StreamMessageConsumer.java:72)
	at org.eclipse.lsp4e.LanguageServerWrapper.lambda$3(LanguageServerWrapper.java:413)
	at org.eclipse.lsp4j.jsonrpc.RemoteEndpoint.request(RemoteEndpoint.java:171)
	at org.eclipse.lsp4j.jsonrpc.services.EndpointProxy.invoke(EndpointProxy.java:91)
	at jdk.proxy15/jdk.proxy15.$Proxy38.codeLens(Unknown Source)
	at org.eclipse.lsp4e.operations.codelens.CodeLensProvider.lambda$1(CodeLensProvider.java:40)
	... 7 more
Caused by: java.io.IOException: 파이프가 닫히는 중입니다
	at java.base/java.io.FileOutputStream.writeBytes(Native Method)
	at java.base/java.io.FileOutputStream.write(FileOutputStream.java:400)
	at java.base/java.lang.Process$PipeOutputStream.write(Process.java:907)
	at java.base/java.io.BufferedOutputStream.flushBuffer(BufferedOutputStream.java:125)
	at java.base/java.io.BufferedOutputStream.implWrite(BufferedOutputStream.java:222)
	at java.base/java.io.BufferedOutputStream.write(BufferedOutputStream.java:200)
	at java.base/java.io.FilterOutputStream.write(FilterOutputStream.java:110)
	at org.eclipse.lsp4j.jsonrpc.json.StreamMessageConsumer.consume(StreamMessageConsumer.java:67)
	... 12 more

!ENTRY org.eclipse.lsp4e 4 0 2025-09-16 14:54:47.240
!MESSAGE java.io.IOException: 파이프가 닫히는 중입니다
!STACK 0
org.eclipse.lsp4j.jsonrpc.JsonRpcException: java.io.IOException: 파이프가 닫히는 중입니다
	at org.eclipse.lsp4j.jsonrpc.json.StreamMessageConsumer.consume(StreamMessageConsumer.java:72)
	at org.eclipse.lsp4e.LanguageServerWrapper.lambda$3(LanguageServerWrapper.java:413)
	at org.eclipse.lsp4j.jsonrpc.RemoteEndpoint.request(RemoteEndpoint.java:171)
	at org.eclipse.lsp4j.jsonrpc.services.EndpointProxy.invoke(EndpointProxy.java:91)
	at jdk.proxy15/jdk.proxy15.$Proxy38.inlayHint(Unknown Source)
	at org.eclipse.lsp4e.operations.inlayhint.InlayHintProvider.lambda$1(InlayHintProvider.java:55)
	at org.eclipse.lsp4e.LanguageServers.lambda$24(LanguageServers.java:445)
	at org.eclipse.lsp4e.LanguageServerWrapper.lambda$17(LanguageServerWrapper.java:976)
	at java.base/java.util.concurrent.CompletableFuture$UniCompose.tryFire(CompletableFuture.java:1194)
	at java.base/java.util.concurrent.CompletableFuture$Completion.run(CompletableFuture.java:526)
	at java.base/java.util.concurrent.ThreadPoolExecutor.runWorker(ThreadPoolExecutor.java:1144)
	at java.base/java.util.concurrent.ThreadPoolExecutor$Worker.run(ThreadPoolExecutor.java:642)
	at java.base/java.lang.Thread.run(Thread.java:1575)
Caused by: java.io.IOException: 파이프가 닫히는 중입니다
	at java.base/java.io.FileOutputStream.writeBytes(Native Method)
	at java.base/java.io.FileOutputStream.write(FileOutputStream.java:400)
	at java.base/java.lang.Process$PipeOutputStream.write(Process.java:907)
	at java.base/java.io.BufferedOutputStream.flushBuffer(BufferedOutputStream.java:125)
	at java.base/java.io.BufferedOutputStream.implWrite(BufferedOutputStream.java:222)
	at java.base/java.io.BufferedOutputStream.write(BufferedOutputStream.java:200)
	at java.base/java.io.FilterOutputStream.write(FilterOutputStream.java:110)
	at org.eclipse.lsp4j.jsonrpc.json.StreamMessageConsumer.consume(StreamMessageConsumer.java:67)
	... 12 more

!ENTRY org.eclipse.jface.text 4 0 2025-09-16 14:54:47.240
!MESSAGE org.eclipse.lsp4j.jsonrpc.JsonRpcException: java.io.IOException: 파이프가 닫히는 중입니다
!STACK 0
java.util.concurrent.CompletionException: org.eclipse.lsp4j.jsonrpc.JsonRpcException: java.io.IOException: 파이프가 닫히는 중입니다
	at java.base/java.util.concurrent.CompletableFuture.wrapInCompletionException(CompletableFuture.java:323)
	at java.base/java.util.concurrent.CompletableFuture.encodeThrowable(CompletableFuture.java:376)
	at java.base/java.util.concurrent.CompletableFuture.uniApplyNow(CompletableFuture.java:718)
	at java.base/java.util.concurrent.CompletableFuture.uniApplyStage(CompletableFuture.java:706)
	at java.base/java.util.concurrent.CompletableFuture.thenApply(CompletableFuture.java:2244)
	at org.eclipse.lsp4e.operations.codelens.CodeLensProvider.lambda$1(CodeLensProvider.java:41)
	at org.eclipse.lsp4e.LanguageServers.lambda$24(LanguageServers.java:445)
	at org.eclipse.lsp4e.LanguageServerWrapper.lambda$17(LanguageServerWrapper.java:976)
	at java.base/java.util.concurrent.CompletableFuture$UniCompose.tryFire(CompletableFuture.java:1194)
	at java.base/java.util.concurrent.CompletableFuture$Completion.run(CompletableFuture.java:526)
	at java.base/java.util.concurrent.ThreadPoolExecutor.runWorker(ThreadPoolExecutor.java:1144)
	at java.base/java.util.concurrent.ThreadPoolExecutor$Worker.run(ThreadPoolExecutor.java:642)
	at java.base/java.lang.Thread.run(Thread.java:1575)
Caused by: org.eclipse.lsp4j.jsonrpc.JsonRpcException: java.io.IOException: 파이프가 닫히는 중입니다
	at org.eclipse.lsp4j.jsonrpc.json.StreamMessageConsumer.consume(StreamMessageConsumer.java:72)
	at org.eclipse.lsp4e.LanguageServerWrapper.lambda$3(LanguageServerWrapper.java:413)
	at org.eclipse.lsp4j.jsonrpc.RemoteEndpoint.request(RemoteEndpoint.java:171)
	at org.eclipse.lsp4j.jsonrpc.services.EndpointProxy.invoke(EndpointProxy.java:91)
	at jdk.proxy15/jdk.proxy15.$Proxy38.codeLens(Unknown Source)
	at org.eclipse.lsp4e.operations.codelens.CodeLensProvider.lambda$1(CodeLensProvider.java:40)
	... 7 more
Caused by: java.io.IOException: 파이프가 닫히는 중입니다
	at java.base/java.io.FileOutputStream.writeBytes(Native Method)
	at java.base/java.io.FileOutputStream.write(FileOutputStream.java:400)
	at java.base/java.lang.Process$PipeOutputStream.write(Process.java:907)
	at java.base/java.io.BufferedOutputStream.flushBuffer(BufferedOutputStream.java:125)
	at java.base/java.io.BufferedOutputStream.implWrite(BufferedOutputStream.java:222)
	at java.base/java.io.BufferedOutputStream.write(BufferedOutputStream.java:200)
	at java.base/java.io.FilterOutputStream.write(FilterOutputStream.java:110)
	at org.eclipse.lsp4j.jsonrpc.json.StreamMessageConsumer.consume(StreamMessageConsumer.java:67)
	... 12 more

!ENTRY org.eclipse.lsp4e 4 0 2025-09-16 14:54:47.240
!MESSAGE java.io.IOException: 파이프가 닫히는 중입니다
!STACK 0
org.eclipse.lsp4j.jsonrpc.JsonRpcException: java.io.IOException: 파이프가 닫히는 중입니다
	at org.eclipse.lsp4j.jsonrpc.json.StreamMessageConsumer.consume(StreamMessageConsumer.java:72)
	at org.eclipse.lsp4e.LanguageServerWrapper.lambda$3(LanguageServerWrapper.java:413)
	at org.eclipse.lsp4j.jsonrpc.RemoteEndpoint.request(RemoteEndpoint.java:171)
	at org.eclipse.lsp4j.jsonrpc.services.EndpointProxy.invoke(EndpointProxy.java:91)
	at jdk.proxy15/jdk.proxy15.$Proxy38.inlayHint(Unknown Source)
	at org.eclipse.lsp4e.operations.inlayhint.InlayHintProvider.lambda$1(InlayHintProvider.java:55)
	at org.eclipse.lsp4e.LanguageServers.lambda$24(LanguageServers.java:445)
	at org.eclipse.lsp4e.LanguageServerWrapper.lambda$17(LanguageServerWrapper.java:976)
	at java.base/java.util.concurrent.CompletableFuture$UniCompose.tryFire(CompletableFuture.java:1194)
	at java.base/java.util.concurrent.CompletableFuture$Completion.run(CompletableFuture.java:526)
	at java.base/java.util.concurrent.ThreadPoolExecutor.runWorker(ThreadPoolExecutor.java:1144)
	at java.base/java.util.concurrent.ThreadPoolExecutor$Worker.run(ThreadPoolExecutor.java:642)
	at java.base/java.lang.Thread.run(Thread.java:1575)
Caused by: java.io.IOException: 파이프가 닫히는 중입니다
	at java.base/java.io.FileOutputStream.writeBytes(Native Method)
	at java.base/java.io.FileOutputStream.write(FileOutputStream.java:400)
	at java.base/java.lang.Process$PipeOutputStream.write(Process.java:907)
	at java.base/java.io.BufferedOutputStream.flushBuffer(BufferedOutputStream.java:125)
	at java.base/java.io.BufferedOutputStream.implWrite(BufferedOutputStream.java:222)
	at java.base/java.io.BufferedOutputStream.write(BufferedOutputStream.java:200)
	at java.base/java.io.FilterOutputStream.write(FilterOutputStream.java:110)
	at org.eclipse.lsp4j.jsonrpc.json.StreamMessageConsumer.consume(StreamMessageConsumer.java:67)
	... 12 more

!ENTRY org.eclipse.jface.text 4 0 2025-09-16 14:54:47.241
!MESSAGE org.eclipse.lsp4j.jsonrpc.JsonRpcException: java.io.IOException: 파이프가 닫히는 중입니다
!STACK 0
java.util.concurrent.CompletionException: org.eclipse.lsp4j.jsonrpc.JsonRpcException: java.io.IOException: 파이프가 닫히는 중입니다
	at java.base/java.util.concurrent.CompletableFuture.wrapInCompletionException(CompletableFuture.java:323)
	at java.base/java.util.concurrent.CompletableFuture.encodeThrowable(CompletableFuture.java:376)
	at java.base/java.util.concurrent.CompletableFuture.uniApplyNow(CompletableFuture.java:718)
	at java.base/java.util.concurrent.CompletableFuture.uniApplyStage(CompletableFuture.java:706)
	at java.base/java.util.concurrent.CompletableFuture.thenApply(CompletableFuture.java:2244)
	at org.eclipse.lsp4e.operations.codelens.CodeLensProvider.lambda$1(CodeLensProvider.java:41)
	at org.eclipse.lsp4e.LanguageServers.lambda$24(LanguageServers.java:445)
	at org.eclipse.lsp4e.LanguageServerWrapper.lambda$17(LanguageServerWrapper.java:976)
	at java.base/java.util.concurrent.CompletableFuture$UniCompose.tryFire(CompletableFuture.java:1194)
	at java.base/java.util.concurrent.CompletableFuture$Completion.run(CompletableFuture.java:526)
	at java.base/java.util.concurrent.ThreadPoolExecutor.runWorker(ThreadPoolExecutor.java:1144)
	at java.base/java.util.concurrent.ThreadPoolExecutor$Worker.run(ThreadPoolExecutor.java:642)
	at java.base/java.lang.Thread.run(Thread.java:1575)
Caused by: org.eclipse.lsp4j.jsonrpc.JsonRpcException: java.io.IOException: 파이프가 닫히는 중입니다
	at org.eclipse.lsp4j.jsonrpc.json.StreamMessageConsumer.consume(StreamMessageConsumer.java:72)
	at org.eclipse.lsp4e.LanguageServerWrapper.lambda$3(LanguageServerWrapper.java:413)
	at org.eclipse.lsp4j.jsonrpc.RemoteEndpoint.request(RemoteEndpoint.java:171)
	at org.eclipse.lsp4j.jsonrpc.services.EndpointProxy.invoke(EndpointProxy.java:91)
	at jdk.proxy15/jdk.proxy15.$Proxy38.codeLens(Unknown Source)
	at org.eclipse.lsp4e.operations.codelens.CodeLensProvider.lambda$1(CodeLensProvider.java:40)
	... 7 more
Caused by: java.io.IOException: 파이프가 닫히는 중입니다
	at java.base/java.io.FileOutputStream.writeBytes(Native Method)
	at java.base/java.io.FileOutputStream.write(FileOutputStream.java:400)
	at java.base/java.lang.Process$PipeOutputStream.write(Process.java:907)
	at java.base/java.io.BufferedOutputStream.flushBuffer(BufferedOutputStream.java:125)
	at java.base/java.io.BufferedOutputStream.implWrite(BufferedOutputStream.java:222)
	at java.base/java.io.BufferedOutputStream.write(BufferedOutputStream.java:200)
	at java.base/java.io.FilterOutputStream.write(FilterOutputStream.java:110)
	at org.eclipse.lsp4j.jsonrpc.json.StreamMessageConsumer.consume(StreamMessageConsumer.java:67)
	... 12 more

!ENTRY org.eclipse.lsp4e 4 0 2025-09-16 14:54:47.241
!MESSAGE java.io.IOException: 파이프가 닫히는 중입니다
!STACK 0
org.eclipse.lsp4j.jsonrpc.JsonRpcException: java.io.IOException: 파이프가 닫히는 중입니다
	at org.eclipse.lsp4j.jsonrpc.json.StreamMessageConsumer.consume(StreamMessageConsumer.java:72)
	at org.eclipse.lsp4e.LanguageServerWrapper.lambda$3(LanguageServerWrapper.java:413)
	at org.eclipse.lsp4j.jsonrpc.RemoteEndpoint.request(RemoteEndpoint.java:171)
	at org.eclipse.lsp4j.jsonrpc.services.EndpointProxy.invoke(EndpointProxy.java:91)
	at jdk.proxy15/jdk.proxy15.$Proxy38.inlayHint(Unknown Source)
	at org.eclipse.lsp4e.operations.inlayhint.InlayHintProvider.lambda$1(InlayHintProvider.java:55)
	at org.eclipse.lsp4e.LanguageServers.lambda$24(LanguageServers.java:445)
	at org.eclipse.lsp4e.LanguageServerWrapper.lambda$17(LanguageServerWrapper.java:976)
	at java.base/java.util.concurrent.CompletableFuture$UniCompose.tryFire(CompletableFuture.java:1194)
	at java.base/java.util.concurrent.CompletableFuture$Completion.run(CompletableFuture.java:526)
	at java.base/java.util.concurrent.ThreadPoolExecutor.runWorker(ThreadPoolExecutor.java:1144)
	at java.base/java.util.concurrent.ThreadPoolExecutor$Worker.run(ThreadPoolExecutor.java:642)
	at java.base/java.lang.Thread.run(Thread.java:1575)
Caused by: java.io.IOException: 파이프가 닫히는 중입니다
	at java.base/java.io.FileOutputStream.writeBytes(Native Method)
	at java.base/java.io.FileOutputStream.write(FileOutputStream.java:400)
	at java.base/java.lang.Process$PipeOutputStream.write(Process.java:907)
	at java.base/java.io.BufferedOutputStream.flushBuffer(BufferedOutputStream.java:125)
	at java.base/java.io.BufferedOutputStream.implWrite(BufferedOutputStream.java:222)
	at java.base/java.io.BufferedOutputStream.write(BufferedOutputStream.java:200)
	at java.base/java.io.FilterOutputStream.write(FilterOutputStream.java:110)
	at org.eclipse.lsp4j.jsonrpc.json.StreamMessageConsumer.consume(StreamMessageConsumer.java:67)
	... 12 more

!ENTRY org.eclipse.jface.text 4 0 2025-09-16 14:54:47.241
!MESSAGE org.eclipse.lsp4j.jsonrpc.JsonRpcException: java.io.IOException: 파이프가 닫히는 중입니다
!STACK 0
java.util.concurrent.CompletionException: org.eclipse.lsp4j.jsonrpc.JsonRpcException: java.io.IOException: 파이프가 닫히는 중입니다
	at java.base/java.util.concurrent.CompletableFuture.wrapInCompletionException(CompletableFuture.java:323)
	at java.base/java.util.concurrent.CompletableFuture.encodeThrowable(CompletableFuture.java:376)
	at java.base/java.util.concurrent.CompletableFuture.uniApplyNow(CompletableFuture.java:718)
	at java.base/java.util.concurrent.CompletableFuture.uniApplyStage(CompletableFuture.java:706)
	at java.base/java.util.concurrent.CompletableFuture.thenApply(CompletableFuture.java:2244)
	at org.eclipse.lsp4e.operations.codelens.CodeLensProvider.lambda$1(CodeLensProvider.java:41)
	at org.eclipse.lsp4e.LanguageServers.lambda$24(LanguageServers.java:445)
	at org.eclipse.lsp4e.LanguageServerWrapper.lambda$17(LanguageServerWrapper.java:976)
	at java.base/java.util.concurrent.CompletableFuture$UniCompose.tryFire(CompletableFuture.java:1194)
	at java.base/java.util.concurrent.CompletableFuture$Completion.run(CompletableFuture.java:526)
	at java.base/java.util.concurrent.ThreadPoolExecutor.runWorker(ThreadPoolExecutor.java:1144)
	at java.base/java.util.concurrent.ThreadPoolExecutor$Worker.run(ThreadPoolExecutor.java:642)
	at java.base/java.lang.Thread.run(Thread.java:1575)
Caused by: org.eclipse.lsp4j.jsonrpc.JsonRpcException: java.io.IOException: 파이프가 닫히는 중입니다
	at org.eclipse.lsp4j.jsonrpc.json.StreamMessageConsumer.consume(StreamMessageConsumer.java:72)
	at org.eclipse.lsp4e.LanguageServerWrapper.lambda$3(LanguageServerWrapper.java:413)
	at org.eclipse.lsp4j.jsonrpc.RemoteEndpoint.request(RemoteEndpoint.java:171)
	at org.eclipse.lsp4j.jsonrpc.services.EndpointProxy.invoke(EndpointProxy.java:91)
	at jdk.proxy15/jdk.proxy15.$Proxy38.codeLens(Unknown Source)
	at org.eclipse.lsp4e.operations.codelens.CodeLensProvider.lambda$1(CodeLensProvider.java:40)
	... 7 more
Caused by: java.io.IOException: 파이프가 닫히는 중입니다
	at java.base/java.io.FileOutputStream.writeBytes(Native Method)
	at java.base/java.io.FileOutputStream.write(FileOutputStream.java:400)
	at java.base/java.lang.Process$PipeOutputStream.write(Process.java:907)
	at java.base/java.io.BufferedOutputStream.flushBuffer(BufferedOutputStream.java:125)
	at java.base/java.io.BufferedOutputStream.implWrite(BufferedOutputStream.java:222)
	at java.base/java.io.BufferedOutputStream.write(BufferedOutputStream.java:200)
	at java.base/java.io.FilterOutputStream.write(FilterOutputStream.java:110)
	at org.eclipse.lsp4j.jsonrpc.json.StreamMessageConsumer.consume(StreamMessageConsumer.java:67)
	... 12 more

!ENTRY org.eclipse.lsp4e 4 0 2025-09-16 14:54:47.242
!MESSAGE java.io.IOException: 파이프가 닫히는 중입니다
!STACK 0
org.eclipse.lsp4j.jsonrpc.JsonRpcException: java.io.IOException: 파이프가 닫히는 중입니다
	at org.eclipse.lsp4j.jsonrpc.json.StreamMessageConsumer.consume(StreamMessageConsumer.java:72)
	at org.eclipse.lsp4e.LanguageServerWrapper.lambda$3(LanguageServerWrapper.java:413)
	at org.eclipse.lsp4j.jsonrpc.RemoteEndpoint.request(RemoteEndpoint.java:171)
	at org.eclipse.lsp4j.jsonrpc.services.EndpointProxy.invoke(EndpointProxy.java:91)
	at jdk.proxy15/jdk.proxy15.$Proxy38.inlayHint(Unknown Source)
	at org.eclipse.lsp4e.operations.inlayhint.InlayHintProvider.lambda$1(InlayHintProvider.java:55)
	at org.eclipse.lsp4e.LanguageServers.lambda$24(LanguageServers.java:445)
	at org.eclipse.lsp4e.LanguageServerWrapper.lambda$17(LanguageServerWrapper.java:976)
	at java.base/java.util.concurrent.CompletableFuture$UniCompose.tryFire(CompletableFuture.java:1194)
	at java.base/java.util.concurrent.CompletableFuture$Completion.run(CompletableFuture.java:526)
	at java.base/java.util.concurrent.ThreadPoolExecutor.runWorker(ThreadPoolExecutor.java:1144)
	at java.base/java.util.concurrent.ThreadPoolExecutor$Worker.run(ThreadPoolExecutor.java:642)
	at java.base/java.lang.Thread.run(Thread.java:1575)
Caused by: java.io.IOException: 파이프가 닫히는 중입니다
	at java.base/java.io.FileOutputStream.writeBytes(Native Method)
	at java.base/java.io.FileOutputStream.write(FileOutputStream.java:400)
	at java.base/java.lang.Process$PipeOutputStream.write(Process.java:907)
	at java.base/java.io.BufferedOutputStream.flushBuffer(BufferedOutputStream.java:125)
	at java.base/java.io.BufferedOutputStream.implWrite(BufferedOutputStream.java:222)
	at java.base/java.io.BufferedOutputStream.write(BufferedOutputStream.java:200)
	at java.base/java.io.FilterOutputStream.write(FilterOutputStream.java:110)
	at org.eclipse.lsp4j.jsonrpc.json.StreamMessageConsumer.consume(StreamMessageConsumer.java:67)
	... 12 more

!ENTRY org.eclipse.jface.text 4 0 2025-09-16 14:54:47.242
!MESSAGE org.eclipse.lsp4j.jsonrpc.JsonRpcException: java.io.IOException: 파이프가 닫히는 중입니다
!STACK 0
java.util.concurrent.CompletionException: org.eclipse.lsp4j.jsonrpc.JsonRpcException: java.io.IOException: 파이프가 닫히는 중입니다
	at java.base/java.util.concurrent.CompletableFuture.wrapInCompletionException(CompletableFuture.java:323)
	at java.base/java.util.concurrent.CompletableFuture.encodeThrowable(CompletableFuture.java:376)
	at java.base/java.util.concurrent.CompletableFuture.uniApplyNow(CompletableFuture.java:718)
	at java.base/java.util.concurrent.CompletableFuture.uniApplyStage(CompletableFuture.java:706)
	at java.base/java.util.concurrent.CompletableFuture.thenApply(CompletableFuture.java:2244)
	at org.eclipse.lsp4e.operations.codelens.CodeLensProvider.lambda$1(CodeLensProvider.java:41)
	at org.eclipse.lsp4e.LanguageServers.lambda$24(LanguageServers.java:445)
	at org.eclipse.lsp4e.LanguageServerWrapper.lambda$17(LanguageServerWrapper.java:976)
	at java.base/java.util.concurrent.CompletableFuture$UniCompose.tryFire(CompletableFuture.java:1194)
	at java.base/java.util.concurrent.CompletableFuture$Completion.run(CompletableFuture.java:526)
	at java.base/java.util.concurrent.ThreadPoolExecutor.runWorker(ThreadPoolExecutor.java:1144)
	at java.base/java.util.concurrent.ThreadPoolExecutor$Worker.run(ThreadPoolExecutor.java:642)
	at java.base/java.lang.Thread.run(Thread.java:1575)
Caused by: org.eclipse.lsp4j.jsonrpc.JsonRpcException: java.io.IOException: 파이프가 닫히는 중입니다
	at org.eclipse.lsp4j.jsonrpc.json.StreamMessageConsumer.consume(StreamMessageConsumer.java:72)
	at org.eclipse.lsp4e.LanguageServerWrapper.lambda$3(LanguageServerWrapper.java:413)
	at org.eclipse.lsp4j.jsonrpc.RemoteEndpoint.request(RemoteEndpoint.java:171)
	at org.eclipse.lsp4j.jsonrpc.services.EndpointProxy.invoke(EndpointProxy.java:91)
	at jdk.proxy15/jdk.proxy15.$Proxy38.codeLens(Unknown Source)
	at org.eclipse.lsp4e.operations.codelens.CodeLensProvider.lambda$1(CodeLensProvider.java:40)
	... 7 more
Caused by: java.io.IOException: 파이프가 닫히는 중입니다
	at java.base/java.io.FileOutputStream.writeBytes(Native Method)
	at java.base/java.io.FileOutputStream.write(FileOutputStream.java:400)
	at java.base/java.lang.Process$PipeOutputStream.write(Process.java:907)
	at java.base/java.io.BufferedOutputStream.flushBuffer(BufferedOutputStream.java:125)
	at java.base/java.io.BufferedOutputStream.implWrite(BufferedOutputStream.java:222)
	at java.base/java.io.BufferedOutputStream.write(BufferedOutputStream.java:200)
	at java.base/java.io.FilterOutputStream.write(FilterOutputStream.java:110)
	at org.eclipse.lsp4j.jsonrpc.json.StreamMessageConsumer.consume(StreamMessageConsumer.java:67)
	... 12 more

!ENTRY org.eclipse.lsp4e 4 0 2025-09-16 14:54:47.243
!MESSAGE java.io.IOException: 파이프가 닫히는 중입니다
!STACK 0
org.eclipse.lsp4j.jsonrpc.JsonRpcException: java.io.IOException: 파이프가 닫히는 중입니다
	at org.eclipse.lsp4j.jsonrpc.json.StreamMessageConsumer.consume(StreamMessageConsumer.java:72)
	at org.eclipse.lsp4e.LanguageServerWrapper.lambda$3(LanguageServerWrapper.java:413)
	at org.eclipse.lsp4j.jsonrpc.RemoteEndpoint.request(RemoteEndpoint.java:171)
	at org.eclipse.lsp4j.jsonrpc.services.EndpointProxy.invoke(EndpointProxy.java:91)
	at jdk.proxy15/jdk.proxy15.$Proxy38.inlayHint(Unknown Source)
	at org.eclipse.lsp4e.operations.inlayhint.InlayHintProvider.lambda$1(InlayHintProvider.java:55)
	at org.eclipse.lsp4e.LanguageServers.lambda$24(LanguageServers.java:445)
	at org.eclipse.lsp4e.LanguageServerWrapper.lambda$17(LanguageServerWrapper.java:976)
	at java.base/java.util.concurrent.CompletableFuture$UniCompose.tryFire(CompletableFuture.java:1194)
	at java.base/java.util.concurrent.CompletableFuture$Completion.run(CompletableFuture.java:526)
	at java.base/java.util.concurrent.ThreadPoolExecutor.runWorker(ThreadPoolExecutor.java:1144)
	at java.base/java.util.concurrent.ThreadPoolExecutor$Worker.run(ThreadPoolExecutor.java:642)
	at java.base/java.lang.Thread.run(Thread.java:1575)
Caused by: java.io.IOException: 파이프가 닫히는 중입니다
	at java.base/java.io.FileOutputStream.writeBytes(Native Method)
	at java.base/java.io.FileOutputStream.write(FileOutputStream.java:400)
	at java.base/java.lang.Process$PipeOutputStream.write(Process.java:907)
	at java.base/java.io.BufferedOutputStream.flushBuffer(BufferedOutputStream.java:125)
	at java.base/java.io.BufferedOutputStream.implWrite(BufferedOutputStream.java:222)
	at java.base/java.io.BufferedOutputStream.write(BufferedOutputStream.java:200)
	at java.base/java.io.FilterOutputStream.write(FilterOutputStream.java:110)
	at org.eclipse.lsp4j.jsonrpc.json.StreamMessageConsumer.consume(StreamMessageConsumer.java:67)
	... 12 more

!ENTRY org.eclipse.jface.text 4 0 2025-09-16 14:54:47.243
!MESSAGE org.eclipse.lsp4j.jsonrpc.JsonRpcException: java.io.IOException: 파이프가 닫히는 중입니다
!STACK 0
java.util.concurrent.CompletionException: org.eclipse.lsp4j.jsonrpc.JsonRpcException: java.io.IOException: 파이프가 닫히는 중입니다
	at java.base/java.util.concurrent.CompletableFuture.wrapInCompletionException(CompletableFuture.java:323)
	at java.base/java.util.concurrent.CompletableFuture.encodeThrowable(CompletableFuture.java:376)
	at java.base/java.util.concurrent.CompletableFuture.uniApplyNow(CompletableFuture.java:718)
	at java.base/java.util.concurrent.CompletableFuture.uniApplyStage(CompletableFuture.java:706)
	at java.base/java.util.concurrent.CompletableFuture.thenApply(CompletableFuture.java:2244)
	at org.eclipse.lsp4e.operations.codelens.CodeLensProvider.lambda$1(CodeLensProvider.java:41)
	at org.eclipse.lsp4e.LanguageServers.lambda$24(LanguageServers.java:445)
	at org.eclipse.lsp4e.LanguageServerWrapper.lambda$17(LanguageServerWrapper.java:976)
	at java.base/java.util.concurrent.CompletableFuture$UniCompose.tryFire(CompletableFuture.java:1194)
	at java.base/java.util.concurrent.CompletableFuture$Completion.run(CompletableFuture.java:526)
	at java.base/java.util.concurrent.ThreadPoolExecutor.runWorker(ThreadPoolExecutor.java:1144)
	at java.base/java.util.concurrent.ThreadPoolExecutor$Worker.run(ThreadPoolExecutor.java:642)
	at java.base/java.lang.Thread.run(Thread.java:1575)
Caused by: org.eclipse.lsp4j.jsonrpc.JsonRpcException: java.io.IOException: 파이프가 닫히는 중입니다
	at org.eclipse.lsp4j.jsonrpc.json.StreamMessageConsumer.consume(StreamMessageConsumer.java:72)
	at org.eclipse.lsp4e.LanguageServerWrapper.lambda$3(LanguageServerWrapper.java:413)
	at org.eclipse.lsp4j.jsonrpc.RemoteEndpoint.request(RemoteEndpoint.java:171)
	at org.eclipse.lsp4j.jsonrpc.services.EndpointProxy.invoke(EndpointProxy.java:91)
	at jdk.proxy15/jdk.proxy15.$Proxy38.codeLens(Unknown Source)
	at org.eclipse.lsp4e.operations.codelens.CodeLensProvider.lambda$1(CodeLensProvider.java:40)
	... 7 more
Caused by: java.io.IOException: 파이프가 닫히는 중입니다
	at java.base/java.io.FileOutputStream.writeBytes(Native Method)
	at java.base/java.io.FileOutputStream.write(FileOutputStream.java:400)
	at java.base/java.lang.Process$PipeOutputStream.write(Process.java:907)
	at java.base/java.io.BufferedOutputStream.flushBuffer(BufferedOutputStream.java:125)
	at java.base/java.io.BufferedOutputStream.implWrite(BufferedOutputStream.java:222)
	at java.base/java.io.BufferedOutputStream.write(BufferedOutputStream.java:200)
	at java.base/java.io.FilterOutputStream.write(FilterOutputStream.java:110)
	at org.eclipse.lsp4j.jsonrpc.json.StreamMessageConsumer.consume(StreamMessageConsumer.java:67)
	... 12 more

!ENTRY org.eclipse.lsp4e 4 0 2025-09-16 14:54:47.243
!MESSAGE java.io.IOException: 파이프가 닫히는 중입니다
!STACK 0
org.eclipse.lsp4j.jsonrpc.JsonRpcException: java.io.IOException: 파이프가 닫히는 중입니다
	at org.eclipse.lsp4j.jsonrpc.json.StreamMessageConsumer.consume(StreamMessageConsumer.java:72)
	at org.eclipse.lsp4e.LanguageServerWrapper.lambda$3(LanguageServerWrapper.java:413)
	at org.eclipse.lsp4j.jsonrpc.RemoteEndpoint.request(RemoteEndpoint.java:171)
	at org.eclipse.lsp4j.jsonrpc.services.EndpointProxy.invoke(EndpointProxy.java:91)
	at jdk.proxy15/jdk.proxy15.$Proxy38.inlayHint(Unknown Source)
	at org.eclipse.lsp4e.operations.inlayhint.InlayHintProvider.lambda$1(InlayHintProvider.java:55)
	at org.eclipse.lsp4e.LanguageServers.lambda$24(LanguageServers.java:445)
	at org.eclipse.lsp4e.LanguageServerWrapper.lambda$17(LanguageServerWrapper.java:976)
	at java.base/java.util.concurrent.CompletableFuture$UniCompose.tryFire(CompletableFuture.java:1194)
	at java.base/java.util.concurrent.CompletableFuture$Completion.run(CompletableFuture.java:526)
	at java.base/java.util.concurrent.ThreadPoolExecutor.runWorker(ThreadPoolExecutor.java:1144)
	at java.base/java.util.concurrent.ThreadPoolExecutor$Worker.run(ThreadPoolExecutor.java:642)
	at java.base/java.lang.Thread.run(Thread.java:1575)
Caused by: java.io.IOException: 파이프가 닫히는 중입니다
	at java.base/java.io.FileOutputStream.writeBytes(Native Method)
	at java.base/java.io.FileOutputStream.write(FileOutputStream.java:400)
	at java.base/java.lang.Process$PipeOutputStream.write(Process.java:907)
	at java.base/java.io.BufferedOutputStream.flushBuffer(BufferedOutputStream.java:125)
	at java.base/java.io.BufferedOutputStream.implWrite(BufferedOutputStream.java:222)
	at java.base/java.io.BufferedOutputStream.write(BufferedOutputStream.java:200)
	at java.base/java.io.FilterOutputStream.write(FilterOutputStream.java:110)
	at org.eclipse.lsp4j.jsonrpc.json.StreamMessageConsumer.consume(StreamMessageConsumer.java:67)
	... 12 more

!ENTRY org.eclipse.jface.text 4 0 2025-09-16 14:54:47.244
!MESSAGE org.eclipse.lsp4j.jsonrpc.JsonRpcException: java.io.IOException: 파이프가 닫히는 중입니다
!STACK 0
java.util.concurrent.CompletionException: org.eclipse.lsp4j.jsonrpc.JsonRpcException: java.io.IOException: 파이프가 닫히는 중입니다
	at java.base/java.util.concurrent.CompletableFuture.wrapInCompletionException(CompletableFuture.java:323)
	at java.base/java.util.concurrent.CompletableFuture.encodeThrowable(CompletableFuture.java:376)
	at java.base/java.util.concurrent.CompletableFuture.uniApplyNow(CompletableFuture.java:718)
	at java.base/java.util.concurrent.CompletableFuture.uniApplyStage(CompletableFuture.java:706)
	at java.base/java.util.concurrent.CompletableFuture.thenApply(CompletableFuture.java:2244)
	at org.eclipse.lsp4e.operations.codelens.CodeLensProvider.lambda$1(CodeLensProvider.java:41)
	at org.eclipse.lsp4e.LanguageServers.lambda$24(LanguageServers.java:445)
	at org.eclipse.lsp4e.LanguageServerWrapper.lambda$17(LanguageServerWrapper.java:976)
	at java.base/java.util.concurrent.CompletableFuture$UniCompose.tryFire(CompletableFuture.java:1194)
	at java.base/java.util.concurrent.CompletableFuture$Completion.run(CompletableFuture.java:526)
	at java.base/java.util.concurrent.ThreadPoolExecutor.runWorker(ThreadPoolExecutor.java:1144)
	at java.base/java.util.concurrent.ThreadPoolExecutor$Worker.run(ThreadPoolExecutor.java:642)
	at java.base/java.lang.Thread.run(Thread.java:1575)
Caused by: org.eclipse.lsp4j.jsonrpc.JsonRpcException: java.io.IOException: 파이프가 닫히는 중입니다
	at org.eclipse.lsp4j.jsonrpc.json.StreamMessageConsumer.consume(StreamMessageConsumer.java:72)
	at org.eclipse.lsp4e.LanguageServerWrapper.lambda$3(LanguageServerWrapper.java:413)
	at org.eclipse.lsp4j.jsonrpc.RemoteEndpoint.request(RemoteEndpoint.java:171)
	at org.eclipse.lsp4j.jsonrpc.services.EndpointProxy.invoke(EndpointProxy.java:91)
	at jdk.proxy15/jdk.proxy15.$Proxy38.codeLens(Unknown Source)
	at org.eclipse.lsp4e.operations.codelens.CodeLensProvider.lambda$1(CodeLensProvider.java:40)
	... 7 more
Caused by: java.io.IOException: 파이프가 닫히는 중입니다
	at java.base/java.io.FileOutputStream.writeBytes(Native Method)
	at java.base/java.io.FileOutputStream.write(FileOutputStream.java:400)
	at java.base/java.lang.Process$PipeOutputStream.write(Process.java:907)
	at java.base/java.io.BufferedOutputStream.flushBuffer(BufferedOutputStream.java:125)
	at java.base/java.io.BufferedOutputStream.implWrite(BufferedOutputStream.java:222)
	at java.base/java.io.BufferedOutputStream.write(BufferedOutputStream.java:200)
	at java.base/java.io.FilterOutputStream.write(FilterOutputStream.java:110)
	at org.eclipse.lsp4j.jsonrpc.json.StreamMessageConsumer.consume(StreamMessageConsumer.java:67)
	... 12 more

!ENTRY org.eclipse.lsp4e 4 0 2025-09-16 14:54:47.244
!MESSAGE java.io.IOException: 파이프가 닫히는 중입니다
!STACK 0
org.eclipse.lsp4j.jsonrpc.JsonRpcException: java.io.IOException: 파이프가 닫히는 중입니다
	at org.eclipse.lsp4j.jsonrpc.json.StreamMessageConsumer.consume(StreamMessageConsumer.java:72)
	at org.eclipse.lsp4e.LanguageServerWrapper.lambda$3(LanguageServerWrapper.java:413)
	at org.eclipse.lsp4j.jsonrpc.RemoteEndpoint.request(RemoteEndpoint.java:171)
	at org.eclipse.lsp4j.jsonrpc.services.EndpointProxy.invoke(EndpointProxy.java:91)
	at jdk.proxy15/jdk.proxy15.$Proxy38.inlayHint(Unknown Source)
	at org.eclipse.lsp4e.operations.inlayhint.InlayHintProvider.lambda$1(InlayHintProvider.java:55)
	at org.eclipse.lsp4e.LanguageServers.lambda$24(LanguageServers.java:445)
	at org.eclipse.lsp4e.LanguageServerWrapper.lambda$17(LanguageServerWrapper.java:976)
	at java.base/java.util.concurrent.CompletableFuture$UniCompose.tryFire(CompletableFuture.java:1194)
	at java.base/java.util.concurrent.CompletableFuture$Completion.run(CompletableFuture.java:526)
	at java.base/java.util.concurrent.ThreadPoolExecutor.runWorker(ThreadPoolExecutor.java:1144)
	at java.base/java.util.concurrent.ThreadPoolExecutor$Worker.run(ThreadPoolExecutor.java:642)
	at java.base/java.lang.Thread.run(Thread.java:1575)
Caused by: java.io.IOException: 파이프가 닫히는 중입니다
	at java.base/java.io.FileOutputStream.writeBytes(Native Method)
	at java.base/java.io.FileOutputStream.write(FileOutputStream.java:400)
	at java.base/java.lang.Process$PipeOutputStream.write(Process.java:907)
	at java.base/java.io.BufferedOutputStream.flushBuffer(BufferedOutputStream.java:125)
	at java.base/java.io.BufferedOutputStream.implWrite(BufferedOutputStream.java:222)
	at java.base/java.io.BufferedOutputStream.write(BufferedOutputStream.java:200)
	at java.base/java.io.FilterOutputStream.write(FilterOutputStream.java:110)
	at org.eclipse.lsp4j.jsonrpc.json.StreamMessageConsumer.consume(StreamMessageConsumer.java:67)
	... 12 more

!ENTRY org.eclipse.jface.text 4 0 2025-09-16 14:54:47.244
!MESSAGE org.eclipse.lsp4j.jsonrpc.JsonRpcException: java.io.IOException: 파이프가 닫히는 중입니다
!STACK 0
java.util.concurrent.CompletionException: org.eclipse.lsp4j.jsonrpc.JsonRpcException: java.io.IOException: 파이프가 닫히는 중입니다
	at java.base/java.util.concurrent.CompletableFuture.wrapInCompletionException(CompletableFuture.java:323)
	at java.base/java.util.concurrent.CompletableFuture.encodeThrowable(CompletableFuture.java:376)
	at java.base/java.util.concurrent.CompletableFuture.uniApplyNow(CompletableFuture.java:718)
	at java.base/java.util.concurrent.CompletableFuture.uniApplyStage(CompletableFuture.java:706)
	at java.base/java.util.concurrent.CompletableFuture.thenApply(CompletableFuture.java:2244)
	at org.eclipse.lsp4e.operations.codelens.CodeLensProvider.lambda$1(CodeLensProvider.java:41)
	at org.eclipse.lsp4e.LanguageServers.lambda$24(LanguageServers.java:445)
	at org.eclipse.lsp4e.LanguageServerWrapper.lambda$17(LanguageServerWrapper.java:976)
	at java.base/java.util.concurrent.CompletableFuture$UniCompose.tryFire(CompletableFuture.java:1194)
	at java.base/java.util.concurrent.CompletableFuture$Completion.run(CompletableFuture.java:526)
	at java.base/java.util.concurrent.ThreadPoolExecutor.runWorker(ThreadPoolExecutor.java:1144)
	at java.base/java.util.concurrent.ThreadPoolExecutor$Worker.run(ThreadPoolExecutor.java:642)
	at java.base/java.lang.Thread.run(Thread.java:1575)
Caused by: org.eclipse.lsp4j.jsonrpc.JsonRpcException: java.io.IOException: 파이프가 닫히는 중입니다
	at org.eclipse.lsp4j.jsonrpc.json.StreamMessageConsumer.consume(StreamMessageConsumer.java:72)
	at org.eclipse.lsp4e.LanguageServerWrapper.lambda$3(LanguageServerWrapper.java:413)
	at org.eclipse.lsp4j.jsonrpc.RemoteEndpoint.request(RemoteEndpoint.java:171)
	at org.eclipse.lsp4j.jsonrpc.services.EndpointProxy.invoke(EndpointProxy.java:91)
	at jdk.proxy15/jdk.proxy15.$Proxy38.codeLens(Unknown Source)
	at org.eclipse.lsp4e.operations.codelens.CodeLensProvider.lambda$1(CodeLensProvider.java:40)
	... 7 more
Caused by: java.io.IOException: 파이프가 닫히는 중입니다
	at java.base/java.io.FileOutputStream.writeBytes(Native Method)
	at java.base/java.io.FileOutputStream.write(FileOutputStream.java:400)
	at java.base/java.lang.Process$PipeOutputStream.write(Process.java:907)
	at java.base/java.io.BufferedOutputStream.flushBuffer(BufferedOutputStream.java:125)
	at java.base/java.io.BufferedOutputStream.implWrite(BufferedOutputStream.java:222)
	at java.base/java.io.BufferedOutputStream.write(BufferedOutputStream.java:200)
	at java.base/java.io.FilterOutputStream.write(FilterOutputStream.java:110)
	at org.eclipse.lsp4j.jsonrpc.json.StreamMessageConsumer.consume(StreamMessageConsumer.java:67)
	... 12 more

!ENTRY org.eclipse.lsp4e 4 0 2025-09-16 14:54:47.244
!MESSAGE java.io.IOException: 파이프가 닫히는 중입니다
!STACK 0
org.eclipse.lsp4j.jsonrpc.JsonRpcException: java.io.IOException: 파이프가 닫히는 중입니다
	at org.eclipse.lsp4j.jsonrpc.json.StreamMessageConsumer.consume(StreamMessageConsumer.java:72)
	at org.eclipse.lsp4e.LanguageServerWrapper.lambda$3(LanguageServerWrapper.java:413)
	at org.eclipse.lsp4j.jsonrpc.RemoteEndpoint.request(RemoteEndpoint.java:171)
	at org.eclipse.lsp4j.jsonrpc.services.EndpointProxy.invoke(EndpointProxy.java:91)
	at jdk.proxy15/jdk.proxy15.$Proxy38.inlayHint(Unknown Source)
	at org.eclipse.lsp4e.operations.inlayhint.InlayHintProvider.lambda$1(InlayHintProvider.java:55)
	at org.eclipse.lsp4e.LanguageServers.lambda$24(LanguageServers.java:445)
	at org.eclipse.lsp4e.LanguageServerWrapper.lambda$17(LanguageServerWrapper.java:976)
	at java.base/java.util.concurrent.CompletableFuture$UniCompose.tryFire(CompletableFuture.java:1194)
	at java.base/java.util.concurrent.CompletableFuture$Completion.run(CompletableFuture.java:526)
	at java.base/java.util.concurrent.ThreadPoolExecutor.runWorker(ThreadPoolExecutor.java:1144)
	at java.base/java.util.concurrent.ThreadPoolExecutor$Worker.run(ThreadPoolExecutor.java:642)
	at java.base/java.lang.Thread.run(Thread.java:1575)
Caused by: java.io.IOException: 파이프가 닫히는 중입니다
	at java.base/java.io.FileOutputStream.writeBytes(Native Method)
	at java.base/java.io.FileOutputStream.write(FileOutputStream.java:400)
	at java.base/java.lang.Process$PipeOutputStream.write(Process.java:907)
	at java.base/java.io.BufferedOutputStream.flushBuffer(BufferedOutputStream.java:125)
	at java.base/java.io.BufferedOutputStream.implWrite(BufferedOutputStream.java:222)
	at java.base/java.io.BufferedOutputStream.write(BufferedOutputStream.java:200)
	at java.base/java.io.FilterOutputStream.write(FilterOutputStream.java:110)
	at org.eclipse.lsp4j.jsonrpc.json.StreamMessageConsumer.consume(StreamMessageConsumer.java:67)
	... 12 more

!ENTRY org.eclipse.jface.text 4 0 2025-09-16 14:54:47.245
!MESSAGE org.eclipse.lsp4j.jsonrpc.JsonRpcException: java.io.IOException: 파이프가 닫히는 중입니다
!STACK 0
java.util.concurrent.CompletionException: org.eclipse.lsp4j.jsonrpc.JsonRpcException: java.io.IOException: 파이프가 닫히는 중입니다
	at java.base/java.util.concurrent.CompletableFuture.wrapInCompletionException(CompletableFuture.java:323)
	at java.base/java.util.concurrent.CompletableFuture.encodeThrowable(CompletableFuture.java:376)
	at java.base/java.util.concurrent.CompletableFuture.uniApplyNow(CompletableFuture.java:718)
	at java.base/java.util.concurrent.CompletableFuture.uniApplyStage(CompletableFuture.java:706)
	at java.base/java.util.concurrent.CompletableFuture.thenApply(CompletableFuture.java:2244)
	at org.eclipse.lsp4e.operations.codelens.CodeLensProvider.lambda$1(CodeLensProvider.java:41)
	at org.eclipse.lsp4e.LanguageServers.lambda$24(LanguageServers.java:445)
	at org.eclipse.lsp4e.LanguageServerWrapper.lambda$17(LanguageServerWrapper.java:976)
	at java.base/java.util.concurrent.CompletableFuture$UniCompose.tryFire(CompletableFuture.java:1194)
	at java.base/java.util.concurrent.CompletableFuture$Completion.run(CompletableFuture.java:526)
	at java.base/java.util.concurrent.ThreadPoolExecutor.runWorker(ThreadPoolExecutor.java:1144)
	at java.base/java.util.concurrent.ThreadPoolExecutor$Worker.run(ThreadPoolExecutor.java:642)
	at java.base/java.lang.Thread.run(Thread.java:1575)
Caused by: org.eclipse.lsp4j.jsonrpc.JsonRpcException: java.io.IOException: 파이프가 닫히는 중입니다
	at org.eclipse.lsp4j.jsonrpc.json.StreamMessageConsumer.consume(StreamMessageConsumer.java:72)
	at org.eclipse.lsp4e.LanguageServerWrapper.lambda$3(LanguageServerWrapper.java:413)
	at org.eclipse.lsp4j.jsonrpc.RemoteEndpoint.request(RemoteEndpoint.java:171)
	at org.eclipse.lsp4j.jsonrpc.services.EndpointProxy.invoke(EndpointProxy.java:91)
	at jdk.proxy15/jdk.proxy15.$Proxy38.codeLens(Unknown Source)
	at org.eclipse.lsp4e.operations.codelens.CodeLensProvider.lambda$1(CodeLensProvider.java:40)
	... 7 more
Caused by: java.io.IOException: 파이프가 닫히는 중입니다
	at java.base/java.io.FileOutputStream.writeBytes(Native Method)
	at java.base/java.io.FileOutputStream.write(FileOutputStream.java:400)
	at java.base/java.lang.Process$PipeOutputStream.write(Process.java:907)
	at java.base/java.io.BufferedOutputStream.flushBuffer(BufferedOutputStream.java:125)
	at java.base/java.io.BufferedOutputStream.implWrite(BufferedOutputStream.java:222)
	at java.base/java.io.BufferedOutputStream.write(BufferedOutputStream.java:200)
	at java.base/java.io.FilterOutputStream.write(FilterOutputStream.java:110)
	at org.eclipse.lsp4j.jsonrpc.json.StreamMessageConsumer.consume(StreamMessageConsumer.java:67)
	... 12 more

!ENTRY org.eclipse.lsp4e 4 0 2025-09-16 14:54:47.245
!MESSAGE java.io.IOException: 파이프가 닫히는 중입니다
!STACK 0
org.eclipse.lsp4j.jsonrpc.JsonRpcException: java.io.IOException: 파이프가 닫히는 중입니다
	at org.eclipse.lsp4j.jsonrpc.json.StreamMessageConsumer.consume(StreamMessageConsumer.java:72)
	at org.eclipse.lsp4e.LanguageServerWrapper.lambda$3(LanguageServerWrapper.java:413)
	at org.eclipse.lsp4j.jsonrpc.RemoteEndpoint.request(RemoteEndpoint.java:171)
	at org.eclipse.lsp4j.jsonrpc.services.EndpointProxy.invoke(EndpointProxy.java:91)
	at jdk.proxy15/jdk.proxy15.$Proxy38.inlayHint(Unknown Source)
	at org.eclipse.lsp4e.operations.inlayhint.InlayHintProvider.lambda$1(InlayHintProvider.java:55)
	at org.eclipse.lsp4e.LanguageServers.lambda$24(LanguageServers.java:445)
	at org.eclipse.lsp4e.LanguageServerWrapper.lambda$17(LanguageServerWrapper.java:976)
	at java.base/java.util.concurrent.CompletableFuture$UniCompose.tryFire(CompletableFuture.java:1194)
	at java.base/java.util.concurrent.CompletableFuture$Completion.run(CompletableFuture.java:526)
	at java.base/java.util.concurrent.ThreadPoolExecutor.runWorker(ThreadPoolExecutor.java:1144)
	at java.base/java.util.concurrent.ThreadPoolExecutor$Worker.run(ThreadPoolExecutor.java:642)
	at java.base/java.lang.Thread.run(Thread.java:1575)
Caused by: java.io.IOException: 파이프가 닫히는 중입니다
	at java.base/java.io.FileOutputStream.writeBytes(Native Method)
	at java.base/java.io.FileOutputStream.write(FileOutputStream.java:400)
	at java.base/java.lang.Process$PipeOutputStream.write(Process.java:907)
	at java.base/java.io.BufferedOutputStream.flushBuffer(BufferedOutputStream.java:125)
	at java.base/java.io.BufferedOutputStream.implWrite(BufferedOutputStream.java:222)
	at java.base/java.io.BufferedOutputStream.write(BufferedOutputStream.java:200)
	at java.base/java.io.FilterOutputStream.write(FilterOutputStream.java:110)
	at org.eclipse.lsp4j.jsonrpc.json.StreamMessageConsumer.consume(StreamMessageConsumer.java:67)
	... 12 more

!ENTRY org.eclipse.jface.text 4 0 2025-09-16 14:54:47.246
!MESSAGE org.eclipse.lsp4j.jsonrpc.JsonRpcException: java.io.IOException: 파이프가 닫히는 중입니다
!STACK 0
java.util.concurrent.CompletionException: org.eclipse.lsp4j.jsonrpc.JsonRpcException: java.io.IOException: 파이프가 닫히는 중입니다
	at java.base/java.util.concurrent.CompletableFuture.wrapInCompletionException(CompletableFuture.java:323)
	at java.base/java.util.concurrent.CompletableFuture.encodeThrowable(CompletableFuture.java:376)
	at java.base/java.util.concurrent.CompletableFuture.uniApplyNow(CompletableFuture.java:718)
	at java.base/java.util.concurrent.CompletableFuture.uniApplyStage(CompletableFuture.java:706)
	at java.base/java.util.concurrent.CompletableFuture.thenApply(CompletableFuture.java:2244)
	at org.eclipse.lsp4e.operations.codelens.CodeLensProvider.lambda$1(CodeLensProvider.java:41)
	at org.eclipse.lsp4e.LanguageServers.lambda$24(LanguageServers.java:445)
	at org.eclipse.lsp4e.LanguageServerWrapper.lambda$17(LanguageServerWrapper.java:976)
	at java.base/java.util.concurrent.CompletableFuture$UniCompose.tryFire(CompletableFuture.java:1194)
	at java.base/java.util.concurrent.CompletableFuture$Completion.run(CompletableFuture.java:526)
	at java.base/java.util.concurrent.ThreadPoolExecutor.runWorker(ThreadPoolExecutor.java:1144)
	at java.base/java.util.concurrent.ThreadPoolExecutor$Worker.run(ThreadPoolExecutor.java:642)
	at java.base/java.lang.Thread.run(Thread.java:1575)
Caused by: org.eclipse.lsp4j.jsonrpc.JsonRpcException: java.io.IOException: 파이프가 닫히는 중입니다
	at org.eclipse.lsp4j.jsonrpc.json.StreamMessageConsumer.consume(StreamMessageConsumer.java:72)
	at org.eclipse.lsp4e.LanguageServerWrapper.lambda$3(LanguageServerWrapper.java:413)
	at org.eclipse.lsp4j.jsonrpc.RemoteEndpoint.request(RemoteEndpoint.java:171)
	at org.eclipse.lsp4j.jsonrpc.services.EndpointProxy.invoke(EndpointProxy.java:91)
	at jdk.proxy15/jdk.proxy15.$Proxy38.codeLens(Unknown Source)
	at org.eclipse.lsp4e.operations.codelens.CodeLensProvider.lambda$1(CodeLensProvider.java:40)
	... 7 more
Caused by: java.io.IOException: 파이프가 닫히는 중입니다
	at java.base/java.io.FileOutputStream.writeBytes(Native Method)
	at java.base/java.io.FileOutputStream.write(FileOutputStream.java:400)
	at java.base/java.lang.Process$PipeOutputStream.write(Process.java:907)
	at java.base/java.io.BufferedOutputStream.flushBuffer(BufferedOutputStream.java:125)
	at java.base/java.io.BufferedOutputStream.implWrite(BufferedOutputStream.java:222)
	at java.base/java.io.BufferedOutputStream.write(BufferedOutputStream.java:200)
	at java.base/java.io.FilterOutputStream.write(FilterOutputStream.java:110)
	at org.eclipse.lsp4j.jsonrpc.json.StreamMessageConsumer.consume(StreamMessageConsumer.java:67)
	... 12 more

!ENTRY org.eclipse.lsp4e 4 0 2025-09-16 14:54:47.246
!MESSAGE java.io.IOException: 파이프가 닫히는 중입니다
!STACK 0
org.eclipse.lsp4j.jsonrpc.JsonRpcException: java.io.IOException: 파이프가 닫히는 중입니다
	at org.eclipse.lsp4j.jsonrpc.json.StreamMessageConsumer.consume(StreamMessageConsumer.java:72)
	at org.eclipse.lsp4e.LanguageServerWrapper.lambda$3(LanguageServerWrapper.java:413)
	at org.eclipse.lsp4j.jsonrpc.RemoteEndpoint.request(RemoteEndpoint.java:171)
	at org.eclipse.lsp4j.jsonrpc.services.EndpointProxy.invoke(EndpointProxy.java:91)
	at jdk.proxy15/jdk.proxy15.$Proxy38.inlayHint(Unknown Source)
	at org.eclipse.lsp4e.operations.inlayhint.InlayHintProvider.lambda$1(InlayHintProvider.java:55)
	at org.eclipse.lsp4e.LanguageServers.lambda$24(LanguageServers.java:445)
	at org.eclipse.lsp4e.LanguageServerWrapper.lambda$17(LanguageServerWrapper.java:976)
	at java.base/java.util.concurrent.CompletableFuture$UniCompose.tryFire(CompletableFuture.java:1194)
	at java.base/java.util.concurrent.CompletableFuture$Completion.run(CompletableFuture.java:526)
	at java.base/java.util.concurrent.ThreadPoolExecutor.runWorker(ThreadPoolExecutor.java:1144)
	at java.base/java.util.concurrent.ThreadPoolExecutor$Worker.run(ThreadPoolExecutor.java:642)
	at java.base/java.lang.Thread.run(Thread.java:1575)
Caused by: java.io.IOException: 파이프가 닫히는 중입니다
	at java.base/java.io.FileOutputStream.writeBytes(Native Method)
	at java.base/java.io.FileOutputStream.write(FileOutputStream.java:400)
	at java.base/java.lang.Process$PipeOutputStream.write(Process.java:907)
	at java.base/java.io.BufferedOutputStream.flushBuffer(BufferedOutputStream.java:125)
	at java.base/java.io.BufferedOutputStream.implWrite(BufferedOutputStream.java:222)
	at java.base/java.io.BufferedOutputStream.write(BufferedOutputStream.java:200)
	at java.base/java.io.FilterOutputStream.write(FilterOutputStream.java:110)
	at org.eclipse.lsp4j.jsonrpc.json.StreamMessageConsumer.consume(StreamMessageConsumer.java:67)
	... 12 more

!ENTRY org.eclipse.jface.text 4 0 2025-09-16 14:54:47.246
!MESSAGE org.eclipse.lsp4j.jsonrpc.JsonRpcException: java.io.IOException: 파이프가 닫히는 중입니다
!STACK 0
java.util.concurrent.CompletionException: org.eclipse.lsp4j.jsonrpc.JsonRpcException: java.io.IOException: 파이프가 닫히는 중입니다
	at java.base/java.util.concurrent.CompletableFuture.wrapInCompletionException(CompletableFuture.java:323)
	at java.base/java.util.concurrent.CompletableFuture.encodeThrowable(CompletableFuture.java:376)
	at java.base/java.util.concurrent.CompletableFuture.uniApplyNow(CompletableFuture.java:718)
	at java.base/java.util.concurrent.CompletableFuture.uniApplyStage(CompletableFuture.java:706)
	at java.base/java.util.concurrent.CompletableFuture.thenApply(CompletableFuture.java:2244)
	at org.eclipse.lsp4e.operations.codelens.CodeLensProvider.lambda$1(CodeLensProvider.java:41)
	at org.eclipse.lsp4e.LanguageServers.lambda$24(LanguageServers.java:445)
	at org.eclipse.lsp4e.LanguageServerWrapper.lambda$17(LanguageServerWrapper.java:976)
	at java.base/java.util.concurrent.CompletableFuture$UniCompose.tryFire(CompletableFuture.java:1194)
	at java.base/java.util.concurrent.CompletableFuture$Completion.run(CompletableFuture.java:526)
	at java.base/java.util.concurrent.ThreadPoolExecutor.runWorker(ThreadPoolExecutor.java:1144)
	at java.base/java.util.concurrent.ThreadPoolExecutor$Worker.run(ThreadPoolExecutor.java:642)
	at java.base/java.lang.Thread.run(Thread.java:1575)
Caused by: org.eclipse.lsp4j.jsonrpc.JsonRpcException: java.io.IOException: 파이프가 닫히는 중입니다
	at org.eclipse.lsp4j.jsonrpc.json.StreamMessageConsumer.consume(StreamMessageConsumer.java:72)
	at org.eclipse.lsp4e.LanguageServerWrapper.lambda$3(LanguageServerWrapper.java:413)
	at org.eclipse.lsp4j.jsonrpc.RemoteEndpoint.request(RemoteEndpoint.java:171)
	at org.eclipse.lsp4j.jsonrpc.services.EndpointProxy.invoke(EndpointProxy.java:91)
	at jdk.proxy15/jdk.proxy15.$Proxy38.codeLens(Unknown Source)
	at org.eclipse.lsp4e.operations.codelens.CodeLensProvider.lambda$1(CodeLensProvider.java:40)
	... 7 more
Caused by: java.io.IOException: 파이프가 닫히는 중입니다
	at java.base/java.io.FileOutputStream.writeBytes(Native Method)
	at java.base/java.io.FileOutputStream.write(FileOutputStream.java:400)
	at java.base/java.lang.Process$PipeOutputStream.write(Process.java:907)
	at java.base/java.io.BufferedOutputStream.flushBuffer(BufferedOutputStream.java:125)
	at java.base/java.io.BufferedOutputStream.implWrite(BufferedOutputStream.java:222)
	at java.base/java.io.BufferedOutputStream.write(BufferedOutputStream.java:200)
	at java.base/java.io.FilterOutputStream.write(FilterOutputStream.java:110)
	at org.eclipse.lsp4j.jsonrpc.json.StreamMessageConsumer.consume(StreamMessageConsumer.java:67)
	... 12 more

!ENTRY org.eclipse.lsp4e 4 0 2025-09-16 14:54:47.246
!MESSAGE java.io.IOException: 파이프가 닫히는 중입니다
!STACK 0
org.eclipse.lsp4j.jsonrpc.JsonRpcException: java.io.IOException: 파이프가 닫히는 중입니다
	at org.eclipse.lsp4j.jsonrpc.json.StreamMessageConsumer.consume(StreamMessageConsumer.java:72)
	at org.eclipse.lsp4e.LanguageServerWrapper.lambda$3(LanguageServerWrapper.java:413)
	at org.eclipse.lsp4j.jsonrpc.RemoteEndpoint.request(RemoteEndpoint.java:171)
	at org.eclipse.lsp4j.jsonrpc.services.EndpointProxy.invoke(EndpointProxy.java:91)
	at jdk.proxy15/jdk.proxy15.$Proxy38.inlayHint(Unknown Source)
	at org.eclipse.lsp4e.operations.inlayhint.InlayHintProvider.lambda$1(InlayHintProvider.java:55)
	at org.eclipse.lsp4e.LanguageServers.lambda$24(LanguageServers.java:445)
	at org.eclipse.lsp4e.LanguageServerWrapper.lambda$17(LanguageServerWrapper.java:976)
	at java.base/java.util.concurrent.CompletableFuture$UniCompose.tryFire(CompletableFuture.java:1194)
	at java.base/java.util.concurrent.CompletableFuture$Completion.run(CompletableFuture.java:526)
	at java.base/java.util.concurrent.ThreadPoolExecutor.runWorker(ThreadPoolExecutor.java:1144)
	at java.base/java.util.concurrent.ThreadPoolExecutor$Worker.run(ThreadPoolExecutor.java:642)
	at java.base/java.lang.Thread.run(Thread.java:1575)
Caused by: java.io.IOException: 파이프가 닫히는 중입니다
	at java.base/java.io.FileOutputStream.writeBytes(Native Method)
	at java.base/java.io.FileOutputStream.write(FileOutputStream.java:400)
	at java.base/java.lang.Process$PipeOutputStream.write(Process.java:907)
	at java.base/java.io.BufferedOutputStream.flushBuffer(BufferedOutputStream.java:125)
	at java.base/java.io.BufferedOutputStream.implWrite(BufferedOutputStream.java:222)
	at java.base/java.io.BufferedOutputStream.write(BufferedOutputStream.java:200)
	at java.base/java.io.FilterOutputStream.write(FilterOutputStream.java:110)
	at org.eclipse.lsp4j.jsonrpc.json.StreamMessageConsumer.consume(StreamMessageConsumer.java:67)
	... 12 more

!ENTRY org.eclipse.jface.text 4 0 2025-09-16 14:54:47.247
!MESSAGE org.eclipse.lsp4j.jsonrpc.JsonRpcException: java.io.IOException: 파이프가 닫히는 중입니다
!STACK 0
java.util.concurrent.CompletionException: org.eclipse.lsp4j.jsonrpc.JsonRpcException: java.io.IOException: 파이프가 닫히는 중입니다
	at java.base/java.util.concurrent.CompletableFuture.wrapInCompletionException(CompletableFuture.java:323)
	at java.base/java.util.concurrent.CompletableFuture.encodeThrowable(CompletableFuture.java:376)
	at java.base/java.util.concurrent.CompletableFuture.uniApplyNow(CompletableFuture.java:718)
	at java.base/java.util.concurrent.CompletableFuture.uniApplyStage(CompletableFuture.java:706)
	at java.base/java.util.concurrent.CompletableFuture.thenApply(CompletableFuture.java:2244)
	at org.eclipse.lsp4e.operations.codelens.CodeLensProvider.lambda$1(CodeLensProvider.java:41)
	at org.eclipse.lsp4e.LanguageServers.lambda$24(LanguageServers.java:445)
	at org.eclipse.lsp4e.LanguageServerWrapper.lambda$17(LanguageServerWrapper.java:976)
	at java.base/java.util.concurrent.CompletableFuture$UniCompose.tryFire(CompletableFuture.java:1194)
	at java.base/java.util.concurrent.CompletableFuture$Completion.run(CompletableFuture.java:526)
	at java.base/java.util.concurrent.ThreadPoolExecutor.runWorker(ThreadPoolExecutor.java:1144)
	at java.base/java.util.concurrent.ThreadPoolExecutor$Worker.run(ThreadPoolExecutor.java:642)
	at java.base/java.lang.Thread.run(Thread.java:1575)
Caused by: org.eclipse.lsp4j.jsonrpc.JsonRpcException: java.io.IOException: 파이프가 닫히는 중입니다
	at org.eclipse.lsp4j.jsonrpc.json.StreamMessageConsumer.consume(StreamMessageConsumer.java:72)
	at org.eclipse.lsp4e.LanguageServerWrapper.lambda$3(LanguageServerWrapper.java:413)
	at org.eclipse.lsp4j.jsonrpc.RemoteEndpoint.request(RemoteEndpoint.java:171)
	at org.eclipse.lsp4j.jsonrpc.services.EndpointProxy.invoke(EndpointProxy.java:91)
	at jdk.proxy15/jdk.proxy15.$Proxy38.codeLens(Unknown Source)
	at org.eclipse.lsp4e.operations.codelens.CodeLensProvider.lambda$1(CodeLensProvider.java:40)
	... 7 more
Caused by: java.io.IOException: 파이프가 닫히는 중입니다
	at java.base/java.io.FileOutputStream.writeBytes(Native Method)
	at java.base/java.io.FileOutputStream.write(FileOutputStream.java:400)
	at java.base/java.lang.Process$PipeOutputStream.write(Process.java:907)
	at java.base/java.io.BufferedOutputStream.flushBuffer(BufferedOutputStream.java:125)
	at java.base/java.io.BufferedOutputStream.implWrite(BufferedOutputStream.java:222)
	at java.base/java.io.BufferedOutputStream.write(BufferedOutputStream.java:200)
	at java.base/java.io.FilterOutputStream.write(FilterOutputStream.java:110)
	at org.eclipse.lsp4j.jsonrpc.json.StreamMessageConsumer.consume(StreamMessageConsumer.java:67)
	... 12 more

!ENTRY org.eclipse.lsp4e 4 0 2025-09-16 14:54:47.247
!MESSAGE java.io.IOException: 파이프가 닫히는 중입니다
!STACK 0
org.eclipse.lsp4j.jsonrpc.JsonRpcException: java.io.IOException: 파이프가 닫히는 중입니다
	at org.eclipse.lsp4j.jsonrpc.json.StreamMessageConsumer.consume(StreamMessageConsumer.java:72)
	at org.eclipse.lsp4e.LanguageServerWrapper.lambda$3(LanguageServerWrapper.java:413)
	at org.eclipse.lsp4j.jsonrpc.RemoteEndpoint.request(RemoteEndpoint.java:171)
	at org.eclipse.lsp4j.jsonrpc.services.EndpointProxy.invoke(EndpointProxy.java:91)
	at jdk.proxy15/jdk.proxy15.$Proxy38.inlayHint(Unknown Source)
	at org.eclipse.lsp4e.operations.inlayhint.InlayHintProvider.lambda$1(InlayHintProvider.java:55)
	at org.eclipse.lsp4e.LanguageServers.lambda$24(LanguageServers.java:445)
	at org.eclipse.lsp4e.LanguageServerWrapper.lambda$17(LanguageServerWrapper.java:976)
	at java.base/java.util.concurrent.CompletableFuture$UniCompose.tryFire(CompletableFuture.java:1194)
	at java.base/java.util.concurrent.CompletableFuture$Completion.run(CompletableFuture.java:526)
	at java.base/java.util.concurrent.ThreadPoolExecutor.runWorker(ThreadPoolExecutor.java:1144)
	at java.base/java.util.concurrent.ThreadPoolExecutor$Worker.run(ThreadPoolExecutor.java:642)
	at java.base/java.lang.Thread.run(Thread.java:1575)
Caused by: java.io.IOException: 파이프가 닫히는 중입니다
	at java.base/java.io.FileOutputStream.writeBytes(Native Method)
	at java.base/java.io.FileOutputStream.write(FileOutputStream.java:400)
	at java.base/java.lang.Process$PipeOutputStream.write(Process.java:907)
	at java.base/java.io.BufferedOutputStream.flushBuffer(BufferedOutputStream.java:125)
	at java.base/java.io.BufferedOutputStream.implWrite(BufferedOutputStream.java:222)
	at java.base/java.io.BufferedOutputStream.write(BufferedOutputStream.java:200)
	at java.base/java.io.FilterOutputStream.write(FilterOutputStream.java:110)
	at org.eclipse.lsp4j.jsonrpc.json.StreamMessageConsumer.consume(StreamMessageConsumer.java:67)
	... 12 more

!ENTRY org.eclipse.jface.text 4 0 2025-09-16 14:54:47.247
!MESSAGE org.eclipse.lsp4j.jsonrpc.JsonRpcException: java.io.IOException: 파이프가 닫히는 중입니다
!STACK 0
java.util.concurrent.CompletionException: org.eclipse.lsp4j.jsonrpc.JsonRpcException: java.io.IOException: 파이프가 닫히는 중입니다
	at java.base/java.util.concurrent.CompletableFuture.wrapInCompletionException(CompletableFuture.java:323)
	at java.base/java.util.concurrent.CompletableFuture.encodeThrowable(CompletableFuture.java:376)
	at java.base/java.util.concurrent.CompletableFuture.uniApplyNow(CompletableFuture.java:718)
	at java.base/java.util.concurrent.CompletableFuture.uniApplyStage(CompletableFuture.java:706)
	at java.base/java.util.concurrent.CompletableFuture.thenApply(CompletableFuture.java:2244)
	at org.eclipse.lsp4e.operations.codelens.CodeLensProvider.lambda$1(CodeLensProvider.java:41)
	at org.eclipse.lsp4e.LanguageServers.lambda$24(LanguageServers.java:445)
	at org.eclipse.lsp4e.LanguageServerWrapper.lambda$17(LanguageServerWrapper.java:976)
	at java.base/java.util.concurrent.CompletableFuture$UniCompose.tryFire(CompletableFuture.java:1194)
	at java.base/java.util.concurrent.CompletableFuture$Completion.run(CompletableFuture.java:526)
	at java.base/java.util.concurrent.ThreadPoolExecutor.runWorker(ThreadPoolExecutor.java:1144)
	at java.base/java.util.concurrent.ThreadPoolExecutor$Worker.run(ThreadPoolExecutor.java:642)
	at java.base/java.lang.Thread.run(Thread.java:1575)
Caused by: org.eclipse.lsp4j.jsonrpc.JsonRpcException: java.io.IOException: 파이프가 닫히는 중입니다
	at org.eclipse.lsp4j.jsonrpc.json.StreamMessageConsumer.consume(StreamMessageConsumer.java:72)
	at org.eclipse.lsp4e.LanguageServerWrapper.lambda$3(LanguageServerWrapper.java:413)
	at org.eclipse.lsp4j.jsonrpc.RemoteEndpoint.request(RemoteEndpoint.java:171)
	at org.eclipse.lsp4j.jsonrpc.services.EndpointProxy.invoke(EndpointProxy.java:91)
	at jdk.proxy15/jdk.proxy15.$Proxy38.codeLens(Unknown Source)
	at org.eclipse.lsp4e.operations.codelens.CodeLensProvider.lambda$1(CodeLensProvider.java:40)
	... 7 more
Caused by: java.io.IOException: 파이프가 닫히는 중입니다
	at java.base/java.io.FileOutputStream.writeBytes(Native Method)
	at java.base/java.io.FileOutputStream.write(FileOutputStream.java:400)
	at java.base/java.lang.Process$PipeOutputStream.write(Process.java:907)
	at java.base/java.io.BufferedOutputStream.flushBuffer(BufferedOutputStream.java:125)
	at java.base/java.io.BufferedOutputStream.implWrite(BufferedOutputStream.java:222)
	at java.base/java.io.BufferedOutputStream.write(BufferedOutputStream.java:200)
	at java.base/java.io.FilterOutputStream.write(FilterOutputStream.java:110)
	at org.eclipse.lsp4j.jsonrpc.json.StreamMessageConsumer.consume(StreamMessageConsumer.java:67)
	... 12 more

!ENTRY org.eclipse.lsp4e 4 0 2025-09-16 14:54:47.248
!MESSAGE java.io.IOException: 파이프가 닫히는 중입니다
!STACK 0
org.eclipse.lsp4j.jsonrpc.JsonRpcException: java.io.IOException: 파이프가 닫히는 중입니다
	at org.eclipse.lsp4j.jsonrpc.json.StreamMessageConsumer.consume(StreamMessageConsumer.java:72)
	at org.eclipse.lsp4e.LanguageServerWrapper.lambda$3(LanguageServerWrapper.java:413)
	at org.eclipse.lsp4j.jsonrpc.RemoteEndpoint.request(RemoteEndpoint.java:171)
	at org.eclipse.lsp4j.jsonrpc.services.EndpointProxy.invoke(EndpointProxy.java:91)
	at jdk.proxy15/jdk.proxy15.$Proxy38.inlayHint(Unknown Source)
	at org.eclipse.lsp4e.operations.inlayhint.InlayHintProvider.lambda$1(InlayHintProvider.java:55)
	at org.eclipse.lsp4e.LanguageServers.lambda$24(LanguageServers.java:445)
	at org.eclipse.lsp4e.LanguageServerWrapper.lambda$17(LanguageServerWrapper.java:976)
	at java.base/java.util.concurrent.CompletableFuture$UniCompose.tryFire(CompletableFuture.java:1194)
	at java.base/java.util.concurrent.CompletableFuture$Completion.run(CompletableFuture.java:526)
	at java.base/java.util.concurrent.ThreadPoolExecutor.runWorker(ThreadPoolExecutor.java:1144)
	at java.base/java.util.concurrent.ThreadPoolExecutor$Worker.run(ThreadPoolExecutor.java:642)
	at java.base/java.lang.Thread.run(Thread.java:1575)
Caused by: java.io.IOException: 파이프가 닫히는 중입니다
	at java.base/java.io.FileOutputStream.writeBytes(Native Method)
	at java.base/java.io.FileOutputStream.write(FileOutputStream.java:400)
	at java.base/java.lang.Process$PipeOutputStream.write(Process.java:907)
	at java.base/java.io.BufferedOutputStream.flushBuffer(BufferedOutputStream.java:125)
	at java.base/java.io.BufferedOutputStream.implWrite(BufferedOutputStream.java:222)
	at java.base/java.io.BufferedOutputStream.write(BufferedOutputStream.java:200)
	at java.base/java.io.FilterOutputStream.write(FilterOutputStream.java:110)
	at org.eclipse.lsp4j.jsonrpc.json.StreamMessageConsumer.consume(StreamMessageConsumer.java:67)
	... 12 more

!ENTRY org.eclipse.jface.text 4 0 2025-09-16 14:54:47.248
!MESSAGE org.eclipse.lsp4j.jsonrpc.JsonRpcException: java.io.IOException: 파이프가 닫히는 중입니다
!STACK 0
java.util.concurrent.CompletionException: org.eclipse.lsp4j.jsonrpc.JsonRpcException: java.io.IOException: 파이프가 닫히는 중입니다
	at java.base/java.util.concurrent.CompletableFuture.wrapInCompletionException(CompletableFuture.java:323)
	at java.base/java.util.concurrent.CompletableFuture.encodeThrowable(CompletableFuture.java:376)
	at java.base/java.util.concurrent.CompletableFuture.uniApplyNow(CompletableFuture.java:718)
	at java.base/java.util.concurrent.CompletableFuture.uniApplyStage(CompletableFuture.java:706)
	at java.base/java.util.concurrent.CompletableFuture.thenApply(CompletableFuture.java:2244)
	at org.eclipse.lsp4e.operations.codelens.CodeLensProvider.lambda$1(CodeLensProvider.java:41)
	at org.eclipse.lsp4e.LanguageServers.lambda$24(LanguageServers.java:445)
	at org.eclipse.lsp4e.LanguageServerWrapper.lambda$17(LanguageServerWrapper.java:976)
	at java.base/java.util.concurrent.CompletableFuture$UniCompose.tryFire(CompletableFuture.java:1194)
	at java.base/java.util.concurrent.CompletableFuture$Completion.run(CompletableFuture.java:526)
	at java.base/java.util.concurrent.ThreadPoolExecutor.runWorker(ThreadPoolExecutor.java:1144)
	at java.base/java.util.concurrent.ThreadPoolExecutor$Worker.run(ThreadPoolExecutor.java:642)
	at java.base/java.lang.Thread.run(Thread.java:1575)
Caused by: org.eclipse.lsp4j.jsonrpc.JsonRpcException: java.io.IOException: 파이프가 닫히는 중입니다
	at org.eclipse.lsp4j.jsonrpc.json.StreamMessageConsumer.consume(StreamMessageConsumer.java:72)
	at org.eclipse.lsp4e.LanguageServerWrapper.lambda$3(LanguageServerWrapper.java:413)
	at org.eclipse.lsp4j.jsonrpc.RemoteEndpoint.request(RemoteEndpoint.java:171)
	at org.eclipse.lsp4j.jsonrpc.services.EndpointProxy.invoke(EndpointProxy.java:91)
	at jdk.proxy15/jdk.proxy15.$Proxy38.codeLens(Unknown Source)
	at org.eclipse.lsp4e.operations.codelens.CodeLensProvider.lambda$1(CodeLensProvider.java:40)
	... 7 more
Caused by: java.io.IOException: 파이프가 닫히는 중입니다
	at java.base/java.io.FileOutputStream.writeBytes(Native Method)
	at java.base/java.io.FileOutputStream.write(FileOutputStream.java:400)
	at java.base/java.lang.Process$PipeOutputStream.write(Process.java:907)
	at java.base/java.io.BufferedOutputStream.flushBuffer(BufferedOutputStream.java:125)
	at java.base/java.io.BufferedOutputStream.implWrite(BufferedOutputStream.java:222)
	at java.base/java.io.BufferedOutputStream.write(BufferedOutputStream.java:200)
	at java.base/java.io.FilterOutputStream.write(FilterOutputStream.java:110)
	at org.eclipse.lsp4j.jsonrpc.json.StreamMessageConsumer.consume(StreamMessageConsumer.java:67)
	... 12 more

!ENTRY org.eclipse.lsp4e 4 0 2025-09-16 14:54:47.248
!MESSAGE java.io.IOException: 파이프가 닫히는 중입니다
!STACK 0
org.eclipse.lsp4j.jsonrpc.JsonRpcException: java.io.IOException: 파이프가 닫히는 중입니다
	at org.eclipse.lsp4j.jsonrpc.json.StreamMessageConsumer.consume(StreamMessageConsumer.java:72)
	at org.eclipse.lsp4e.LanguageServerWrapper.lambda$3(LanguageServerWrapper.java:413)
	at org.eclipse.lsp4j.jsonrpc.RemoteEndpoint.request(RemoteEndpoint.java:171)
	at org.eclipse.lsp4j.jsonrpc.services.EndpointProxy.invoke(EndpointProxy.java:91)
	at jdk.proxy15/jdk.proxy15.$Proxy38.inlayHint(Unknown Source)
	at org.eclipse.lsp4e.operations.inlayhint.InlayHintProvider.lambda$1(InlayHintProvider.java:55)
	at org.eclipse.lsp4e.LanguageServers.lambda$24(LanguageServers.java:445)
	at org.eclipse.lsp4e.LanguageServerWrapper.lambda$17(LanguageServerWrapper.java:976)
	at java.base/java.util.concurrent.CompletableFuture$UniCompose.tryFire(CompletableFuture.java:1194)
	at java.base/java.util.concurrent.CompletableFuture$Completion.run(CompletableFuture.java:526)
	at java.base/java.util.concurrent.ThreadPoolExecutor.runWorker(ThreadPoolExecutor.java:1144)
	at java.base/java.util.concurrent.ThreadPoolExecutor$Worker.run(ThreadPoolExecutor.java:642)
	at java.base/java.lang.Thread.run(Thread.java:1575)
Caused by: java.io.IOException: 파이프가 닫히는 중입니다
	at java.base/java.io.FileOutputStream.writeBytes(Native Method)
	at java.base/java.io.FileOutputStream.write(FileOutputStream.java:400)
	at java.base/java.lang.Process$PipeOutputStream.write(Process.java:907)
	at java.base/java.io.BufferedOutputStream.flushBuffer(BufferedOutputStream.java:125)
	at java.base/java.io.BufferedOutputStream.implWrite(BufferedOutputStream.java:222)
	at java.base/java.io.BufferedOutputStream.write(BufferedOutputStream.java:200)
	at java.base/java.io.FilterOutputStream.write(FilterOutputStream.java:110)
	at org.eclipse.lsp4j.jsonrpc.json.StreamMessageConsumer.consume(StreamMessageConsumer.java:67)
	... 12 more

!ENTRY org.eclipse.jface.text 4 0 2025-09-16 14:54:47.249
!MESSAGE org.eclipse.lsp4j.jsonrpc.JsonRpcException: java.io.IOException: 파이프가 닫히는 중입니다
!STACK 0
java.util.concurrent.CompletionException: org.eclipse.lsp4j.jsonrpc.JsonRpcException: java.io.IOException: 파이프가 닫히는 중입니다
	at java.base/java.util.concurrent.CompletableFuture.wrapInCompletionException(CompletableFuture.java:323)
	at java.base/java.util.concurrent.CompletableFuture.encodeThrowable(CompletableFuture.java:376)
	at java.base/java.util.concurrent.CompletableFuture.uniApplyNow(CompletableFuture.java:718)
	at java.base/java.util.concurrent.CompletableFuture.uniApplyStage(CompletableFuture.java:706)
	at java.base/java.util.concurrent.CompletableFuture.thenApply(CompletableFuture.java:2244)
	at org.eclipse.lsp4e.operations.codelens.CodeLensProvider.lambda$1(CodeLensProvider.java:41)
	at org.eclipse.lsp4e.LanguageServers.lambda$24(LanguageServers.java:445)
	at org.eclipse.lsp4e.LanguageServerWrapper.lambda$17(LanguageServerWrapper.java:976)
	at java.base/java.util.concurrent.CompletableFuture$UniCompose.tryFire(CompletableFuture.java:1194)
	at java.base/java.util.concurrent.CompletableFuture$Completion.run(CompletableFuture.java:526)
	at java.base/java.util.concurrent.ThreadPoolExecutor.runWorker(ThreadPoolExecutor.java:1144)
	at java.base/java.util.concurrent.ThreadPoolExecutor$Worker.run(ThreadPoolExecutor.java:642)
	at java.base/java.lang.Thread.run(Thread.java:1575)
Caused by: org.eclipse.lsp4j.jsonrpc.JsonRpcException: java.io.IOException: 파이프가 닫히는 중입니다
	at org.eclipse.lsp4j.jsonrpc.json.StreamMessageConsumer.consume(StreamMessageConsumer.java:72)
	at org.eclipse.lsp4e.LanguageServerWrapper.lambda$3(LanguageServerWrapper.java:413)
	at org.eclipse.lsp4j.jsonrpc.RemoteEndpoint.request(RemoteEndpoint.java:171)
	at org.eclipse.lsp4j.jsonrpc.services.EndpointProxy.invoke(EndpointProxy.java:91)
	at jdk.proxy15/jdk.proxy15.$Proxy38.codeLens(Unknown Source)
	at org.eclipse.lsp4e.operations.codelens.CodeLensProvider.lambda$1(CodeLensProvider.java:40)
	... 7 more
Caused by: java.io.IOException: 파이프가 닫히는 중입니다
	at java.base/java.io.FileOutputStream.writeBytes(Native Method)
	at java.base/java.io.FileOutputStream.write(FileOutputStream.java:400)
	at java.base/java.lang.Process$PipeOutputStream.write(Process.java:907)
	at java.base/java.io.BufferedOutputStream.flushBuffer(BufferedOutputStream.java:125)
	at java.base/java.io.BufferedOutputStream.implWrite(BufferedOutputStream.java:222)
	at java.base/java.io.BufferedOutputStream.write(BufferedOutputStream.java:200)
	at java.base/java.io.FilterOutputStream.write(FilterOutputStream.java:110)
	at org.eclipse.lsp4j.jsonrpc.json.StreamMessageConsumer.consume(StreamMessageConsumer.java:67)
	... 12 more

!ENTRY org.eclipse.lsp4e 4 0 2025-09-16 14:54:47.249
!MESSAGE java.io.IOException: 파이프가 닫히는 중입니다
!STACK 0
org.eclipse.lsp4j.jsonrpc.JsonRpcException: java.io.IOException: 파이프가 닫히는 중입니다
	at org.eclipse.lsp4j.jsonrpc.json.StreamMessageConsumer.consume(StreamMessageConsumer.java:72)
	at org.eclipse.lsp4e.LanguageServerWrapper.lambda$3(LanguageServerWrapper.java:413)
	at org.eclipse.lsp4j.jsonrpc.RemoteEndpoint.request(RemoteEndpoint.java:171)
	at org.eclipse.lsp4j.jsonrpc.services.EndpointProxy.invoke(EndpointProxy.java:91)
	at jdk.proxy15/jdk.proxy15.$Proxy38.inlayHint(Unknown Source)
	at org.eclipse.lsp4e.operations.inlayhint.InlayHintProvider.lambda$1(InlayHintProvider.java:55)
	at org.eclipse.lsp4e.LanguageServers.lambda$24(LanguageServers.java:445)
	at org.eclipse.lsp4e.LanguageServerWrapper.lambda$17(LanguageServerWrapper.java:976)
	at java.base/java.util.concurrent.CompletableFuture$UniCompose.tryFire(CompletableFuture.java:1194)
	at java.base/java.util.concurrent.CompletableFuture$Completion.run(CompletableFuture.java:526)
	at java.base/java.util.concurrent.ThreadPoolExecutor.runWorker(ThreadPoolExecutor.java:1144)
	at java.base/java.util.concurrent.ThreadPoolExecutor$Worker.run(ThreadPoolExecutor.java:642)
	at java.base/java.lang.Thread.run(Thread.java:1575)
Caused by: java.io.IOException: 파이프가 닫히는 중입니다
	at java.base/java.io.FileOutputStream.writeBytes(Native Method)
	at java.base/java.io.FileOutputStream.write(FileOutputStream.java:400)
	at java.base/java.lang.Process$PipeOutputStream.write(Process.java:907)
	at java.base/java.io.BufferedOutputStream.flushBuffer(BufferedOutputStream.java:125)
	at java.base/java.io.BufferedOutputStream.implWrite(BufferedOutputStream.java:222)
	at java.base/java.io.BufferedOutputStream.write(BufferedOutputStream.java:200)
	at java.base/java.io.FilterOutputStream.write(FilterOutputStream.java:110)
	at org.eclipse.lsp4j.jsonrpc.json.StreamMessageConsumer.consume(StreamMessageConsumer.java:67)
	... 12 more

!ENTRY org.eclipse.jface.text 4 0 2025-09-16 14:54:47.249
!MESSAGE org.eclipse.lsp4j.jsonrpc.JsonRpcException: java.io.IOException: 파이프가 닫히는 중입니다
!STACK 0
java.util.concurrent.CompletionException: org.eclipse.lsp4j.jsonrpc.JsonRpcException: java.io.IOException: 파이프가 닫히는 중입니다
	at java.base/java.util.concurrent.CompletableFuture.wrapInCompletionException(CompletableFuture.java:323)
	at java.base/java.util.concurrent.CompletableFuture.encodeThrowable(CompletableFuture.java:376)
	at java.base/java.util.concurrent.CompletableFuture.uniApplyNow(CompletableFuture.java:718)
	at java.base/java.util.concurrent.CompletableFuture.uniApplyStage(CompletableFuture.java:706)
	at java.base/java.util.concurrent.CompletableFuture.thenApply(CompletableFuture.java:2244)
	at org.eclipse.lsp4e.operations.codelens.CodeLensProvider.lambda$1(CodeLensProvider.java:41)
	at org.eclipse.lsp4e.LanguageServers.lambda$24(LanguageServers.java:445)
	at org.eclipse.lsp4e.LanguageServerWrapper.lambda$17(LanguageServerWrapper.java:976)
	at java.base/java.util.concurrent.CompletableFuture$UniCompose.tryFire(CompletableFuture.java:1194)
	at java.base/java.util.concurrent.CompletableFuture$Completion.run(CompletableFuture.java:526)
	at java.base/java.util.concurrent.ThreadPoolExecutor.runWorker(ThreadPoolExecutor.java:1144)
	at java.base/java.util.concurrent.ThreadPoolExecutor$Worker.run(ThreadPoolExecutor.java:642)
	at java.base/java.lang.Thread.run(Thread.java:1575)
Caused by: org.eclipse.lsp4j.jsonrpc.JsonRpcException: java.io.IOException: 파이프가 닫히는 중입니다
	at org.eclipse.lsp4j.jsonrpc.json.StreamMessageConsumer.consume(StreamMessageConsumer.java:72)
	at org.eclipse.lsp4e.LanguageServerWrapper.lambda$3(LanguageServerWrapper.java:413)
	at org.eclipse.lsp4j.jsonrpc.RemoteEndpoint.request(RemoteEndpoint.java:171)
	at org.eclipse.lsp4j.jsonrpc.services.EndpointProxy.invoke(EndpointProxy.java:91)
	at jdk.proxy15/jdk.proxy15.$Proxy38.codeLens(Unknown Source)
	at org.eclipse.lsp4e.operations.codelens.CodeLensProvider.lambda$1(CodeLensProvider.java:40)
	... 7 more
Caused by: java.io.IOException: 파이프가 닫히는 중입니다
	at java.base/java.io.FileOutputStream.writeBytes(Native Method)
	at java.base/java.io.FileOutputStream.write(FileOutputStream.java:400)
	at java.base/java.lang.Process$PipeOutputStream.write(Process.java:907)
	at java.base/java.io.BufferedOutputStream.flushBuffer(BufferedOutputStream.java:125)
	at java.base/java.io.BufferedOutputStream.implWrite(BufferedOutputStream.java:222)
	at java.base/java.io.BufferedOutputStream.write(BufferedOutputStream.java:200)
	at java.base/java.io.FilterOutputStream.write(FilterOutputStream.java:110)
	at org.eclipse.lsp4j.jsonrpc.json.StreamMessageConsumer.consume(StreamMessageConsumer.java:67)
	... 12 more

!ENTRY org.eclipse.lsp4e 4 0 2025-09-16 14:54:47.249
!MESSAGE java.io.IOException: 파이프가 닫히는 중입니다
!STACK 0
org.eclipse.lsp4j.jsonrpc.JsonRpcException: java.io.IOException: 파이프가 닫히는 중입니다
	at org.eclipse.lsp4j.jsonrpc.json.StreamMessageConsumer.consume(StreamMessageConsumer.java:72)
	at org.eclipse.lsp4e.LanguageServerWrapper.lambda$3(LanguageServerWrapper.java:413)
	at org.eclipse.lsp4j.jsonrpc.RemoteEndpoint.request(RemoteEndpoint.java:171)
	at org.eclipse.lsp4j.jsonrpc.services.EndpointProxy.invoke(EndpointProxy.java:91)
	at jdk.proxy15/jdk.proxy15.$Proxy38.inlayHint(Unknown Source)
	at org.eclipse.lsp4e.operations.inlayhint.InlayHintProvider.lambda$1(InlayHintProvider.java:55)
	at org.eclipse.lsp4e.LanguageServers.lambda$24(LanguageServers.java:445)
	at org.eclipse.lsp4e.LanguageServerWrapper.lambda$17(LanguageServerWrapper.java:976)
	at java.base/java.util.concurrent.CompletableFuture$UniCompose.tryFire(CompletableFuture.java:1194)
	at java.base/java.util.concurrent.CompletableFuture$Completion.run(CompletableFuture.java:526)
	at java.base/java.util.concurrent.ThreadPoolExecutor.runWorker(ThreadPoolExecutor.java:1144)
	at java.base/java.util.concurrent.ThreadPoolExecutor$Worker.run(ThreadPoolExecutor.java:642)
	at java.base/java.lang.Thread.run(Thread.java:1575)
Caused by: java.io.IOException: 파이프가 닫히는 중입니다
	at java.base/java.io.FileOutputStream.writeBytes(Native Method)
	at java.base/java.io.FileOutputStream.write(FileOutputStream.java:400)
	at java.base/java.lang.Process$PipeOutputStream.write(Process.java:907)
	at java.base/java.io.BufferedOutputStream.flushBuffer(BufferedOutputStream.java:125)
	at java.base/java.io.BufferedOutputStream.implWrite(BufferedOutputStream.java:222)
	at java.base/java.io.BufferedOutputStream.write(BufferedOutputStream.java:200)
	at java.base/java.io.FilterOutputStream.write(FilterOutputStream.java:110)
	at org.eclipse.lsp4j.jsonrpc.json.StreamMessageConsumer.consume(StreamMessageConsumer.java:67)
	... 12 more

!ENTRY org.eclipse.jface.text 4 0 2025-09-16 14:54:47.250
!MESSAGE org.eclipse.lsp4j.jsonrpc.JsonRpcException: java.io.IOException: 파이프가 닫히는 중입니다
!STACK 0
java.util.concurrent.CompletionException: org.eclipse.lsp4j.jsonrpc.JsonRpcException: java.io.IOException: 파이프가 닫히는 중입니다
	at java.base/java.util.concurrent.CompletableFuture.wrapInCompletionException(CompletableFuture.java:323)
	at java.base/java.util.concurrent.CompletableFuture.encodeThrowable(CompletableFuture.java:376)
	at java.base/java.util.concurrent.CompletableFuture.uniApplyNow(CompletableFuture.java:718)
	at java.base/java.util.concurrent.CompletableFuture.uniApplyStage(CompletableFuture.java:706)
	at java.base/java.util.concurrent.CompletableFuture.thenApply(CompletableFuture.java:2244)
	at org.eclipse.lsp4e.operations.codelens.CodeLensProvider.lambda$1(CodeLensProvider.java:41)
	at org.eclipse.lsp4e.LanguageServers.lambda$24(LanguageServers.java:445)
	at org.eclipse.lsp4e.LanguageServerWrapper.lambda$17(LanguageServerWrapper.java:976)
	at java.base/java.util.concurrent.CompletableFuture$UniCompose.tryFire(CompletableFuture.java:1194)
	at java.base/java.util.concurrent.CompletableFuture$Completion.run(CompletableFuture.java:526)
	at java.base/java.util.concurrent.ThreadPoolExecutor.runWorker(ThreadPoolExecutor.java:1144)
	at java.base/java.util.concurrent.ThreadPoolExecutor$Worker.run(ThreadPoolExecutor.java:642)
	at java.base/java.lang.Thread.run(Thread.java:1575)
Caused by: org.eclipse.lsp4j.jsonrpc.JsonRpcException: java.io.IOException: 파이프가 닫히는 중입니다
	at org.eclipse.lsp4j.jsonrpc.json.StreamMessageConsumer.consume(StreamMessageConsumer.java:72)
	at org.eclipse.lsp4e.LanguageServerWrapper.lambda$3(LanguageServerWrapper.java:413)
	at org.eclipse.lsp4j.jsonrpc.RemoteEndpoint.request(RemoteEndpoint.java:171)
	at org.eclipse.lsp4j.jsonrpc.services.EndpointProxy.invoke(EndpointProxy.java:91)
	at jdk.proxy15/jdk.proxy15.$Proxy38.codeLens(Unknown Source)
	at org.eclipse.lsp4e.operations.codelens.CodeLensProvider.lambda$1(CodeLensProvider.java:40)
	... 7 more
Caused by: java.io.IOException: 파이프가 닫히는 중입니다
	at java.base/java.io.FileOutputStream.writeBytes(Native Method)
	at java.base/java.io.FileOutputStream.write(FileOutputStream.java:400)
	at java.base/java.lang.Process$PipeOutputStream.write(Process.java:907)
	at java.base/java.io.BufferedOutputStream.flushBuffer(BufferedOutputStream.java:125)
	at java.base/java.io.BufferedOutputStream.implWrite(BufferedOutputStream.java:222)
	at java.base/java.io.BufferedOutputStream.write(BufferedOutputStream.java:200)
	at java.base/java.io.FilterOutputStream.write(FilterOutputStream.java:110)
	at org.eclipse.lsp4j.jsonrpc.json.StreamMessageConsumer.consume(StreamMessageConsumer.java:67)
	... 12 more

!ENTRY org.eclipse.lsp4e 4 0 2025-09-16 14:54:47.250
!MESSAGE java.io.IOException: 파이프가 닫히는 중입니다
!STACK 0
org.eclipse.lsp4j.jsonrpc.JsonRpcException: java.io.IOException: 파이프가 닫히는 중입니다
	at org.eclipse.lsp4j.jsonrpc.json.StreamMessageConsumer.consume(StreamMessageConsumer.java:72)
	at org.eclipse.lsp4e.LanguageServerWrapper.lambda$3(LanguageServerWrapper.java:413)
	at org.eclipse.lsp4j.jsonrpc.RemoteEndpoint.request(RemoteEndpoint.java:171)
	at org.eclipse.lsp4j.jsonrpc.services.EndpointProxy.invoke(EndpointProxy.java:91)
	at jdk.proxy15/jdk.proxy15.$Proxy38.inlayHint(Unknown Source)
	at org.eclipse.lsp4e.operations.inlayhint.InlayHintProvider.lambda$1(InlayHintProvider.java:55)
	at org.eclipse.lsp4e.LanguageServers.lambda$24(LanguageServers.java:445)
	at org.eclipse.lsp4e.LanguageServerWrapper.lambda$17(LanguageServerWrapper.java:976)
	at java.base/java.util.concurrent.CompletableFuture$UniCompose.tryFire(CompletableFuture.java:1194)
	at java.base/java.util.concurrent.CompletableFuture$Completion.run(CompletableFuture.java:526)
	at java.base/java.util.concurrent.ThreadPoolExecutor.runWorker(ThreadPoolExecutor.java:1144)
	at java.base/java.util.concurrent.ThreadPoolExecutor$Worker.run(ThreadPoolExecutor.java:642)
	at java.base/java.lang.Thread.run(Thread.java:1575)
Caused by: java.io.IOException: 파이프가 닫히는 중입니다
	at java.base/java.io.FileOutputStream.writeBytes(Native Method)
	at java.base/java.io.FileOutputStream.write(FileOutputStream.java:400)
	at java.base/java.lang.Process$PipeOutputStream.write(Process.java:907)
	at java.base/java.io.BufferedOutputStream.flushBuffer(BufferedOutputStream.java:125)
	at java.base/java.io.BufferedOutputStream.implWrite(BufferedOutputStream.java:222)
	at java.base/java.io.BufferedOutputStream.write(BufferedOutputStream.java:200)
	at java.base/java.io.FilterOutputStream.write(FilterOutputStream.java:110)
	at org.eclipse.lsp4j.jsonrpc.json.StreamMessageConsumer.consume(StreamMessageConsumer.java:67)
	... 12 more

!ENTRY org.eclipse.jface.text 4 0 2025-09-16 14:54:47.251
!MESSAGE org.eclipse.lsp4j.jsonrpc.JsonRpcException: java.io.IOException: 파이프가 닫히는 중입니다
!STACK 0
java.util.concurrent.CompletionException: org.eclipse.lsp4j.jsonrpc.JsonRpcException: java.io.IOException: 파이프가 닫히는 중입니다
	at java.base/java.util.concurrent.CompletableFuture.wrapInCompletionException(CompletableFuture.java:323)
	at java.base/java.util.concurrent.CompletableFuture.encodeThrowable(CompletableFuture.java:376)
	at java.base/java.util.concurrent.CompletableFuture.uniApplyNow(CompletableFuture.java:718)
	at java.base/java.util.concurrent.CompletableFuture.uniApplyStage(CompletableFuture.java:706)
	at java.base/java.util.concurrent.CompletableFuture.thenApply(CompletableFuture.java:2244)
	at org.eclipse.lsp4e.operations.codelens.CodeLensProvider.lambda$1(CodeLensProvider.java:41)
	at org.eclipse.lsp4e.LanguageServers.lambda$24(LanguageServers.java:445)
	at org.eclipse.lsp4e.LanguageServerWrapper.lambda$17(LanguageServerWrapper.java:976)
	at java.base/java.util.concurrent.CompletableFuture$UniCompose.tryFire(CompletableFuture.java:1194)
	at java.base/java.util.concurrent.CompletableFuture$Completion.run(CompletableFuture.java:526)
	at java.base/java.util.concurrent.ThreadPoolExecutor.runWorker(ThreadPoolExecutor.java:1144)
	at java.base/java.util.concurrent.ThreadPoolExecutor$Worker.run(ThreadPoolExecutor.java:642)
	at java.base/java.lang.Thread.run(Thread.java:1575)
Caused by: org.eclipse.lsp4j.jsonrpc.JsonRpcException: java.io.IOException: 파이프가 닫히는 중입니다
	at org.eclipse.lsp4j.jsonrpc.json.StreamMessageConsumer.consume(StreamMessageConsumer.java:72)
	at org.eclipse.lsp4e.LanguageServerWrapper.lambda$3(LanguageServerWrapper.java:413)
	at org.eclipse.lsp4j.jsonrpc.RemoteEndpoint.request(RemoteEndpoint.java:171)
	at org.eclipse.lsp4j.jsonrpc.services.EndpointProxy.invoke(EndpointProxy.java:91)
	at jdk.proxy15/jdk.proxy15.$Proxy38.codeLens(Unknown Source)
	at org.eclipse.lsp4e.operations.codelens.CodeLensProvider.lambda$1(CodeLensProvider.java:40)
	... 7 more
Caused by: java.io.IOException: 파이프가 닫히는 중입니다
	at java.base/java.io.FileOutputStream.writeBytes(Native Method)
	at java.base/java.io.FileOutputStream.write(FileOutputStream.java:400)
	at java.base/java.lang.Process$PipeOutputStream.write(Process.java:907)
	at java.base/java.io.BufferedOutputStream.flushBuffer(BufferedOutputStream.java:125)
	at java.base/java.io.BufferedOutputStream.implWrite(BufferedOutputStream.java:222)
	at java.base/java.io.BufferedOutputStream.write(BufferedOutputStream.java:200)
	at java.base/java.io.FilterOutputStream.write(FilterOutputStream.java:110)
	at org.eclipse.lsp4j.jsonrpc.json.StreamMessageConsumer.consume(StreamMessageConsumer.java:67)
	... 12 more

!ENTRY org.eclipse.lsp4e 4 0 2025-09-16 14:54:47.251
!MESSAGE java.io.IOException: 파이프가 닫히는 중입니다
!STACK 0
org.eclipse.lsp4j.jsonrpc.JsonRpcException: java.io.IOException: 파이프가 닫히는 중입니다
	at org.eclipse.lsp4j.jsonrpc.json.StreamMessageConsumer.consume(StreamMessageConsumer.java:72)
	at org.eclipse.lsp4e.LanguageServerWrapper.lambda$3(LanguageServerWrapper.java:413)
	at org.eclipse.lsp4j.jsonrpc.RemoteEndpoint.request(RemoteEndpoint.java:171)
	at org.eclipse.lsp4j.jsonrpc.services.EndpointProxy.invoke(EndpointProxy.java:91)
	at jdk.proxy15/jdk.proxy15.$Proxy38.inlayHint(Unknown Source)
	at org.eclipse.lsp4e.operations.inlayhint.InlayHintProvider.lambda$1(InlayHintProvider.java:55)
	at org.eclipse.lsp4e.LanguageServers.lambda$24(LanguageServers.java:445)
	at org.eclipse.lsp4e.LanguageServerWrapper.lambda$17(LanguageServerWrapper.java:976)
	at java.base/java.util.concurrent.CompletableFuture$UniCompose.tryFire(CompletableFuture.java:1194)
	at java.base/java.util.concurrent.CompletableFuture$Completion.run(CompletableFuture.java:526)
	at java.base/java.util.concurrent.ThreadPoolExecutor.runWorker(ThreadPoolExecutor.java:1144)
	at java.base/java.util.concurrent.ThreadPoolExecutor$Worker.run(ThreadPoolExecutor.java:642)
	at java.base/java.lang.Thread.run(Thread.java:1575)
Caused by: java.io.IOException: 파이프가 닫히는 중입니다
	at java.base/java.io.FileOutputStream.writeBytes(Native Method)
	at java.base/java.io.FileOutputStream.write(FileOutputStream.java:400)
	at java.base/java.lang.Process$PipeOutputStream.write(Process.java:907)
	at java.base/java.io.BufferedOutputStream.flushBuffer(BufferedOutputStream.java:125)
	at java.base/java.io.BufferedOutputStream.implWrite(BufferedOutputStream.java:222)
	at java.base/java.io.BufferedOutputStream.write(BufferedOutputStream.java:200)
	at java.base/java.io.FilterOutputStream.write(FilterOutputStream.java:110)
	at org.eclipse.lsp4j.jsonrpc.json.StreamMessageConsumer.consume(StreamMessageConsumer.java:67)
	... 12 more

!ENTRY org.eclipse.jface.text 4 0 2025-09-16 14:54:47.251
!MESSAGE org.eclipse.lsp4j.jsonrpc.JsonRpcException: java.io.IOException: 파이프가 닫히는 중입니다
!STACK 0
java.util.concurrent.CompletionException: org.eclipse.lsp4j.jsonrpc.JsonRpcException: java.io.IOException: 파이프가 닫히는 중입니다
	at java.base/java.util.concurrent.CompletableFuture.wrapInCompletionException(CompletableFuture.java:323)
	at java.base/java.util.concurrent.CompletableFuture.encodeThrowable(CompletableFuture.java:376)
	at java.base/java.util.concurrent.CompletableFuture.uniApplyNow(CompletableFuture.java:718)
	at java.base/java.util.concurrent.CompletableFuture.uniApplyStage(CompletableFuture.java:706)
	at java.base/java.util.concurrent.CompletableFuture.thenApply(CompletableFuture.java:2244)
	at org.eclipse.lsp4e.operations.codelens.CodeLensProvider.lambda$1(CodeLensProvider.java:41)
	at org.eclipse.lsp4e.LanguageServers.lambda$24(LanguageServers.java:445)
	at org.eclipse.lsp4e.LanguageServerWrapper.lambda$17(LanguageServerWrapper.java:976)
	at java.base/java.util.concurrent.CompletableFuture$UniCompose.tryFire(CompletableFuture.java:1194)
	at java.base/java.util.concurrent.CompletableFuture$Completion.run(CompletableFuture.java:526)
	at java.base/java.util.concurrent.ThreadPoolExecutor.runWorker(ThreadPoolExecutor.java:1144)
	at java.base/java.util.concurrent.ThreadPoolExecutor$Worker.run(ThreadPoolExecutor.java:642)
	at java.base/java.lang.Thread.run(Thread.java:1575)
Caused by: org.eclipse.lsp4j.jsonrpc.JsonRpcException: java.io.IOException: 파이프가 닫히는 중입니다
	at org.eclipse.lsp4j.jsonrpc.json.StreamMessageConsumer.consume(StreamMessageConsumer.java:72)
	at org.eclipse.lsp4e.LanguageServerWrapper.lambda$3(LanguageServerWrapper.java:413)
	at org.eclipse.lsp4j.jsonrpc.RemoteEndpoint.request(RemoteEndpoint.java:171)
	at org.eclipse.lsp4j.jsonrpc.services.EndpointProxy.invoke(EndpointProxy.java:91)
	at jdk.proxy15/jdk.proxy15.$Proxy38.codeLens(Unknown Source)
	at org.eclipse.lsp4e.operations.codelens.CodeLensProvider.lambda$1(CodeLensProvider.java:40)
	... 7 more
Caused by: java.io.IOException: 파이프가 닫히는 중입니다
	at java.base/java.io.FileOutputStream.writeBytes(Native Method)
	at java.base/java.io.FileOutputStream.write(FileOutputStream.java:400)
	at java.base/java.lang.Process$PipeOutputStream.write(Process.java:907)
	at java.base/java.io.BufferedOutputStream.flushBuffer(BufferedOutputStream.java:125)
	at java.base/java.io.BufferedOutputStream.implWrite(BufferedOutputStream.java:222)
	at java.base/java.io.BufferedOutputStream.write(BufferedOutputStream.java:200)
	at java.base/java.io.FilterOutputStream.write(FilterOutputStream.java:110)
	at org.eclipse.lsp4j.jsonrpc.json.StreamMessageConsumer.consume(StreamMessageConsumer.java:67)
	... 12 more

!ENTRY org.eclipse.lsp4e 4 0 2025-09-16 14:54:47.251
!MESSAGE java.io.IOException: 파이프가 닫히는 중입니다
!STACK 0
org.eclipse.lsp4j.jsonrpc.JsonRpcException: java.io.IOException: 파이프가 닫히는 중입니다
	at org.eclipse.lsp4j.jsonrpc.json.StreamMessageConsumer.consume(StreamMessageConsumer.java:72)
	at org.eclipse.lsp4e.LanguageServerWrapper.lambda$3(LanguageServerWrapper.java:413)
	at org.eclipse.lsp4j.jsonrpc.RemoteEndpoint.request(RemoteEndpoint.java:171)
	at org.eclipse.lsp4j.jsonrpc.services.EndpointProxy.invoke(EndpointProxy.java:91)
	at jdk.proxy15/jdk.proxy15.$Proxy38.inlayHint(Unknown Source)
	at org.eclipse.lsp4e.operations.inlayhint.InlayHintProvider.lambda$1(InlayHintProvider.java:55)
	at org.eclipse.lsp4e.LanguageServers.lambda$24(LanguageServers.java:445)
	at org.eclipse.lsp4e.LanguageServerWrapper.lambda$17(LanguageServerWrapper.java:976)
	at java.base/java.util.concurrent.CompletableFuture$UniCompose.tryFire(CompletableFuture.java:1194)
	at java.base/java.util.concurrent.CompletableFuture$Completion.run(CompletableFuture.java:526)
	at java.base/java.util.concurrent.ThreadPoolExecutor.runWorker(ThreadPoolExecutor.java:1144)
	at java.base/java.util.concurrent.ThreadPoolExecutor$Worker.run(ThreadPoolExecutor.java:642)
	at java.base/java.lang.Thread.run(Thread.java:1575)
Caused by: java.io.IOException: 파이프가 닫히는 중입니다
	at java.base/java.io.FileOutputStream.writeBytes(Native Method)
	at java.base/java.io.FileOutputStream.write(FileOutputStream.java:400)
	at java.base/java.lang.Process$PipeOutputStream.write(Process.java:907)
	at java.base/java.io.BufferedOutputStream.flushBuffer(BufferedOutputStream.java:125)
	at java.base/java.io.BufferedOutputStream.implWrite(BufferedOutputStream.java:222)
	at java.base/java.io.BufferedOutputStream.write(BufferedOutputStream.java:200)
	at java.base/java.io.FilterOutputStream.write(FilterOutputStream.java:110)
	at org.eclipse.lsp4j.jsonrpc.json.StreamMessageConsumer.consume(StreamMessageConsumer.java:67)
	... 12 more

!ENTRY org.eclipse.jface.text 4 0 2025-09-16 14:54:47.253
!MESSAGE org.eclipse.lsp4j.jsonrpc.JsonRpcException: java.io.IOException: 파이프가 닫히는 중입니다
!STACK 0
java.util.concurrent.CompletionException: org.eclipse.lsp4j.jsonrpc.JsonRpcException: java.io.IOException: 파이프가 닫히는 중입니다
	at java.base/java.util.concurrent.CompletableFuture.wrapInCompletionException(CompletableFuture.java:323)
	at java.base/java.util.concurrent.CompletableFuture.encodeThrowable(CompletableFuture.java:376)
	at java.base/java.util.concurrent.CompletableFuture.uniApplyNow(CompletableFuture.java:718)
	at java.base/java.util.concurrent.CompletableFuture.uniApplyStage(CompletableFuture.java:706)
	at java.base/java.util.concurrent.CompletableFuture.thenApply(CompletableFuture.java:2244)
	at org.eclipse.lsp4e.operations.codelens.CodeLensProvider.lambda$1(CodeLensProvider.java:41)
	at org.eclipse.lsp4e.LanguageServers.lambda$24(LanguageServers.java:445)
	at org.eclipse.lsp4e.LanguageServerWrapper.lambda$17(LanguageServerWrapper.java:976)
	at java.base/java.util.concurrent.CompletableFuture$UniCompose.tryFire(CompletableFuture.java:1194)
	at java.base/java.util.concurrent.CompletableFuture$Completion.run(CompletableFuture.java:526)
	at java.base/java.util.concurrent.ThreadPoolExecutor.runWorker(ThreadPoolExecutor.java:1144)
	at java.base/java.util.concurrent.ThreadPoolExecutor$Worker.run(ThreadPoolExecutor.java:642)
	at java.base/java.lang.Thread.run(Thread.java:1575)
Caused by: org.eclipse.lsp4j.jsonrpc.JsonRpcException: java.io.IOException: 파이프가 닫히는 중입니다
	at org.eclipse.lsp4j.jsonrpc.json.StreamMessageConsumer.consume(StreamMessageConsumer.java:72)
	at org.eclipse.lsp4e.LanguageServerWrapper.lambda$3(LanguageServerWrapper.java:413)
	at org.eclipse.lsp4j.jsonrpc.RemoteEndpoint.request(RemoteEndpoint.java:171)
	at org.eclipse.lsp4j.jsonrpc.services.EndpointProxy.invoke(EndpointProxy.java:91)
	at jdk.proxy15/jdk.proxy15.$Proxy38.codeLens(Unknown Source)
	at org.eclipse.lsp4e.operations.codelens.CodeLensProvider.lambda$1(CodeLensProvider.java:40)
	... 7 more
Caused by: java.io.IOException: 파이프가 닫히는 중입니다
	at java.base/java.io.FileOutputStream.writeBytes(Native Method)
	at java.base/java.io.FileOutputStream.write(FileOutputStream.java:400)
	at java.base/java.lang.Process$PipeOutputStream.write(Process.java:907)
	at java.base/java.io.BufferedOutputStream.flushBuffer(BufferedOutputStream.java:125)
	at java.base/java.io.BufferedOutputStream.implWrite(BufferedOutputStream.java:222)
	at java.base/java.io.BufferedOutputStream.write(BufferedOutputStream.java:200)
	at java.base/java.io.FilterOutputStream.write(FilterOutputStream.java:110)
	at org.eclipse.lsp4j.jsonrpc.json.StreamMessageConsumer.consume(StreamMessageConsumer.java:67)
	... 12 more

!ENTRY org.eclipse.lsp4e 4 0 2025-09-16 14:54:47.253
!MESSAGE java.io.IOException: 파이프가 닫히는 중입니다
!STACK 0
org.eclipse.lsp4j.jsonrpc.JsonRpcException: java.io.IOException: 파이프가 닫히는 중입니다
	at org.eclipse.lsp4j.jsonrpc.json.StreamMessageConsumer.consume(StreamMessageConsumer.java:72)
	at org.eclipse.lsp4e.LanguageServerWrapper.lambda$3(LanguageServerWrapper.java:413)
	at org.eclipse.lsp4j.jsonrpc.RemoteEndpoint.request(RemoteEndpoint.java:171)
	at org.eclipse.lsp4j.jsonrpc.services.EndpointProxy.invoke(EndpointProxy.java:91)
	at jdk.proxy15/jdk.proxy15.$Proxy38.inlayHint(Unknown Source)
	at org.eclipse.lsp4e.operations.inlayhint.InlayHintProvider.lambda$1(InlayHintProvider.java:55)
	at org.eclipse.lsp4e.LanguageServers.lambda$24(LanguageServers.java:445)
	at org.eclipse.lsp4e.LanguageServerWrapper.lambda$17(LanguageServerWrapper.java:976)
	at java.base/java.util.concurrent.CompletableFuture$UniCompose.tryFire(CompletableFuture.java:1194)
	at java.base/java.util.concurrent.CompletableFuture$Completion.run(CompletableFuture.java:526)
	at java.base/java.util.concurrent.ThreadPoolExecutor.runWorker(ThreadPoolExecutor.java:1144)
	at java.base/java.util.concurrent.ThreadPoolExecutor$Worker.run(ThreadPoolExecutor.java:642)
	at java.base/java.lang.Thread.run(Thread.java:1575)
Caused by: java.io.IOException: 파이프가 닫히는 중입니다
	at java.base/java.io.FileOutputStream.writeBytes(Native Method)
	at java.base/java.io.FileOutputStream.write(FileOutputStream.java:400)
	at java.base/java.lang.Process$PipeOutputStream.write(Process.java:907)
	at java.base/java.io.BufferedOutputStream.flushBuffer(BufferedOutputStream.java:125)
	at java.base/java.io.BufferedOutputStream.implWrite(BufferedOutputStream.java:222)
	at java.base/java.io.BufferedOutputStream.write(BufferedOutputStream.java:200)
	at java.base/java.io.FilterOutputStream.write(FilterOutputStream.java:110)
	at org.eclipse.lsp4j.jsonrpc.json.StreamMessageConsumer.consume(StreamMessageConsumer.java:67)
	... 12 more

!ENTRY org.eclipse.jface.text 4 0 2025-09-16 14:54:47.253
!MESSAGE org.eclipse.lsp4j.jsonrpc.JsonRpcException: java.io.IOException: 파이프가 닫히는 중입니다
!STACK 0
java.util.concurrent.CompletionException: org.eclipse.lsp4j.jsonrpc.JsonRpcException: java.io.IOException: 파이프가 닫히는 중입니다
	at java.base/java.util.concurrent.CompletableFuture.wrapInCompletionException(CompletableFuture.java:323)
	at java.base/java.util.concurrent.CompletableFuture.encodeThrowable(CompletableFuture.java:376)
	at java.base/java.util.concurrent.CompletableFuture.uniApplyNow(CompletableFuture.java:718)
	at java.base/java.util.concurrent.CompletableFuture.uniApplyStage(CompletableFuture.java:706)
	at java.base/java.util.concurrent.CompletableFuture.thenApply(CompletableFuture.java:2244)
	at org.eclipse.lsp4e.operations.codelens.CodeLensProvider.lambda$1(CodeLensProvider.java:41)
	at org.eclipse.lsp4e.LanguageServers.lambda$24(LanguageServers.java:445)
	at org.eclipse.lsp4e.LanguageServerWrapper.lambda$17(LanguageServerWrapper.java:976)
	at java.base/java.util.concurrent.CompletableFuture$UniCompose.tryFire(CompletableFuture.java:1194)
	at java.base/java.util.concurrent.CompletableFuture$Completion.run(CompletableFuture.java:526)
	at java.base/java.util.concurrent.ThreadPoolExecutor.runWorker(ThreadPoolExecutor.java:1144)
	at java.base/java.util.concurrent.ThreadPoolExecutor$Worker.run(ThreadPoolExecutor.java:642)
	at java.base/java.lang.Thread.run(Thread.java:1575)
Caused by: org.eclipse.lsp4j.jsonrpc.JsonRpcException: java.io.IOException: 파이프가 닫히는 중입니다
	at org.eclipse.lsp4j.jsonrpc.json.StreamMessageConsumer.consume(StreamMessageConsumer.java:72)
	at org.eclipse.lsp4e.LanguageServerWrapper.lambda$3(LanguageServerWrapper.java:413)
	at org.eclipse.lsp4j.jsonrpc.RemoteEndpoint.request(RemoteEndpoint.java:171)
	at org.eclipse.lsp4j.jsonrpc.services.EndpointProxy.invoke(EndpointProxy.java:91)
	at jdk.proxy15/jdk.proxy15.$Proxy38.codeLens(Unknown Source)
	at org.eclipse.lsp4e.operations.codelens.CodeLensProvider.lambda$1(CodeLensProvider.java:40)
	... 7 more
Caused by: java.io.IOException: 파이프가 닫히는 중입니다
	at java.base/java.io.FileOutputStream.writeBytes(Native Method)
	at java.base/java.io.FileOutputStream.write(FileOutputStream.java:400)
	at java.base/java.lang.Process$PipeOutputStream.write(Process.java:907)
	at java.base/java.io.BufferedOutputStream.flushBuffer(BufferedOutputStream.java:125)
	at java.base/java.io.BufferedOutputStream.implWrite(BufferedOutputStream.java:222)
	at java.base/java.io.BufferedOutputStream.write(BufferedOutputStream.java:200)
	at java.base/java.io.FilterOutputStream.write(FilterOutputStream.java:110)
	at org.eclipse.lsp4j.jsonrpc.json.StreamMessageConsumer.consume(StreamMessageConsumer.java:67)
	... 12 more

!ENTRY org.eclipse.lsp4e 4 0 2025-09-16 14:54:47.254
!MESSAGE java.io.IOException: 파이프가 닫히는 중입니다
!STACK 0
org.eclipse.lsp4j.jsonrpc.JsonRpcException: java.io.IOException: 파이프가 닫히는 중입니다
	at org.eclipse.lsp4j.jsonrpc.json.StreamMessageConsumer.consume(StreamMessageConsumer.java:72)
	at org.eclipse.lsp4e.LanguageServerWrapper.lambda$3(LanguageServerWrapper.java:413)
	at org.eclipse.lsp4j.jsonrpc.RemoteEndpoint.request(RemoteEndpoint.java:171)
	at org.eclipse.lsp4j.jsonrpc.services.EndpointProxy.invoke(EndpointProxy.java:91)
	at jdk.proxy15/jdk.proxy15.$Proxy38.inlayHint(Unknown Source)
	at org.eclipse.lsp4e.operations.inlayhint.InlayHintProvider.lambda$1(InlayHintProvider.java:55)
	at org.eclipse.lsp4e.LanguageServers.lambda$24(LanguageServers.java:445)
	at org.eclipse.lsp4e.LanguageServerWrapper.lambda$17(LanguageServerWrapper.java:976)
	at java.base/java.util.concurrent.CompletableFuture$UniCompose.tryFire(CompletableFuture.java:1194)
	at java.base/java.util.concurrent.CompletableFuture$Completion.run(CompletableFuture.java:526)
	at java.base/java.util.concurrent.ThreadPoolExecutor.runWorker(ThreadPoolExecutor.java:1144)
	at java.base/java.util.concurrent.ThreadPoolExecutor$Worker.run(ThreadPoolExecutor.java:642)
	at java.base/java.lang.Thread.run(Thread.java:1575)
Caused by: java.io.IOException: 파이프가 닫히는 중입니다
	at java.base/java.io.FileOutputStream.writeBytes(Native Method)
	at java.base/java.io.FileOutputStream.write(FileOutputStream.java:400)
	at java.base/java.lang.Process$PipeOutputStream.write(Process.java:907)
	at java.base/java.io.BufferedOutputStream.flushBuffer(BufferedOutputStream.java:125)
	at java.base/java.io.BufferedOutputStream.implWrite(BufferedOutputStream.java:222)
	at java.base/java.io.BufferedOutputStream.write(BufferedOutputStream.java:200)
	at java.base/java.io.FilterOutputStream.write(FilterOutputStream.java:110)
	at org.eclipse.lsp4j.jsonrpc.json.StreamMessageConsumer.consume(StreamMessageConsumer.java:67)
	... 12 more

!ENTRY org.eclipse.jface.text 4 0 2025-09-16 14:54:47.254
!MESSAGE org.eclipse.lsp4j.jsonrpc.JsonRpcException: java.io.IOException: 파이프가 닫히는 중입니다
!STACK 0
java.util.concurrent.CompletionException: org.eclipse.lsp4j.jsonrpc.JsonRpcException: java.io.IOException: 파이프가 닫히는 중입니다
	at java.base/java.util.concurrent.CompletableFuture.wrapInCompletionException(CompletableFuture.java:323)
	at java.base/java.util.concurrent.CompletableFuture.encodeThrowable(CompletableFuture.java:376)
	at java.base/java.util.concurrent.CompletableFuture.uniApplyNow(CompletableFuture.java:718)
	at java.base/java.util.concurrent.CompletableFuture.uniApplyStage(CompletableFuture.java:706)
	at java.base/java.util.concurrent.CompletableFuture.thenApply(CompletableFuture.java:2244)
	at org.eclipse.lsp4e.operations.codelens.CodeLensProvider.lambda$1(CodeLensProvider.java:41)
	at org.eclipse.lsp4e.LanguageServers.lambda$24(LanguageServers.java:445)
	at org.eclipse.lsp4e.LanguageServerWrapper.lambda$17(LanguageServerWrapper.java:976)
	at java.base/java.util.concurrent.CompletableFuture$UniCompose.tryFire(CompletableFuture.java:1194)
	at java.base/java.util.concurrent.CompletableFuture$Completion.run(CompletableFuture.java:526)
	at java.base/java.util.concurrent.ThreadPoolExecutor.runWorker(ThreadPoolExecutor.java:1144)
	at java.base/java.util.concurrent.ThreadPoolExecutor$Worker.run(ThreadPoolExecutor.java:642)
	at java.base/java.lang.Thread.run(Thread.java:1575)
Caused by: org.eclipse.lsp4j.jsonrpc.JsonRpcException: java.io.IOException: 파이프가 닫히는 중입니다
	at org.eclipse.lsp4j.jsonrpc.json.StreamMessageConsumer.consume(StreamMessageConsumer.java:72)
	at org.eclipse.lsp4e.LanguageServerWrapper.lambda$3(LanguageServerWrapper.java:413)
	at org.eclipse.lsp4j.jsonrpc.RemoteEndpoint.request(RemoteEndpoint.java:171)
	at org.eclipse.lsp4j.jsonrpc.services.EndpointProxy.invoke(EndpointProxy.java:91)
	at jdk.proxy15/jdk.proxy15.$Proxy38.codeLens(Unknown Source)
	at org.eclipse.lsp4e.operations.codelens.CodeLensProvider.lambda$1(CodeLensProvider.java:40)
	... 7 more
Caused by: java.io.IOException: 파이프가 닫히는 중입니다
	at java.base/java.io.FileOutputStream.writeBytes(Native Method)
	at java.base/java.io.FileOutputStream.write(FileOutputStream.java:400)
	at java.base/java.lang.Process$PipeOutputStream.write(Process.java:907)
	at java.base/java.io.BufferedOutputStream.flushBuffer(BufferedOutputStream.java:125)
	at java.base/java.io.BufferedOutputStream.implWrite(BufferedOutputStream.java:222)
	at java.base/java.io.BufferedOutputStream.write(BufferedOutputStream.java:200)
	at java.base/java.io.FilterOutputStream.write(FilterOutputStream.java:110)
	at org.eclipse.lsp4j.jsonrpc.json.StreamMessageConsumer.consume(StreamMessageConsumer.java:67)
	... 12 more

!ENTRY org.eclipse.lsp4e 4 0 2025-09-16 14:54:47.254
!MESSAGE java.io.IOException: 파이프가 닫히는 중입니다
!STACK 0
org.eclipse.lsp4j.jsonrpc.JsonRpcException: java.io.IOException: 파이프가 닫히는 중입니다
	at org.eclipse.lsp4j.jsonrpc.json.StreamMessageConsumer.consume(StreamMessageConsumer.java:72)
	at org.eclipse.lsp4e.LanguageServerWrapper.lambda$3(LanguageServerWrapper.java:413)
	at org.eclipse.lsp4j.jsonrpc.RemoteEndpoint.request(RemoteEndpoint.java:171)
	at org.eclipse.lsp4j.jsonrpc.services.EndpointProxy.invoke(EndpointProxy.java:91)
	at jdk.proxy15/jdk.proxy15.$Proxy38.inlayHint(Unknown Source)
	at org.eclipse.lsp4e.operations.inlayhint.InlayHintProvider.lambda$1(InlayHintProvider.java:55)
	at org.eclipse.lsp4e.LanguageServers.lambda$24(LanguageServers.java:445)
	at org.eclipse.lsp4e.LanguageServerWrapper.lambda$17(LanguageServerWrapper.java:976)
	at java.base/java.util.concurrent.CompletableFuture$UniCompose.tryFire(CompletableFuture.java:1194)
	at java.base/java.util.concurrent.CompletableFuture$Completion.run(CompletableFuture.java:526)
	at java.base/java.util.concurrent.ThreadPoolExecutor.runWorker(ThreadPoolExecutor.java:1144)
	at java.base/java.util.concurrent.ThreadPoolExecutor$Worker.run(ThreadPoolExecutor.java:642)
	at java.base/java.lang.Thread.run(Thread.java:1575)
Caused by: java.io.IOException: 파이프가 닫히는 중입니다
	at java.base/java.io.FileOutputStream.writeBytes(Native Method)
	at java.base/java.io.FileOutputStream.write(FileOutputStream.java:400)
	at java.base/java.lang.Process$PipeOutputStream.write(Process.java:907)
	at java.base/java.io.BufferedOutputStream.flushBuffer(BufferedOutputStream.java:125)
	at java.base/java.io.BufferedOutputStream.implWrite(BufferedOutputStream.java:222)
	at java.base/java.io.BufferedOutputStream.write(BufferedOutputStream.java:200)
	at java.base/java.io.FilterOutputStream.write(FilterOutputStream.java:110)
	at org.eclipse.lsp4j.jsonrpc.json.StreamMessageConsumer.consume(StreamMessageConsumer.java:67)
	... 12 more

!ENTRY org.eclipse.jface.text 4 0 2025-09-16 14:54:47.255
!MESSAGE org.eclipse.lsp4j.jsonrpc.JsonRpcException: java.io.IOException: 파이프가 닫히는 중입니다
!STACK 0
java.util.concurrent.CompletionException: org.eclipse.lsp4j.jsonrpc.JsonRpcException: java.io.IOException: 파이프가 닫히는 중입니다
	at java.base/java.util.concurrent.CompletableFuture.wrapInCompletionException(CompletableFuture.java:323)
	at java.base/java.util.concurrent.CompletableFuture.encodeThrowable(CompletableFuture.java:376)
	at java.base/java.util.concurrent.CompletableFuture.uniApplyNow(CompletableFuture.java:718)
	at java.base/java.util.concurrent.CompletableFuture.uniApplyStage(CompletableFuture.java:706)
	at java.base/java.util.concurrent.CompletableFuture.thenApply(CompletableFuture.java:2244)
	at org.eclipse.lsp4e.operations.codelens.CodeLensProvider.lambda$1(CodeLensProvider.java:41)
	at org.eclipse.lsp4e.LanguageServers.lambda$24(LanguageServers.java:445)
	at org.eclipse.lsp4e.LanguageServerWrapper.lambda$17(LanguageServerWrapper.java:976)
	at java.base/java.util.concurrent.CompletableFuture$UniCompose.tryFire(CompletableFuture.java:1194)
	at java.base/java.util.concurrent.CompletableFuture$Completion.run(CompletableFuture.java:526)
	at java.base/java.util.concurrent.ThreadPoolExecutor.runWorker(ThreadPoolExecutor.java:1144)
	at java.base/java.util.concurrent.ThreadPoolExecutor$Worker.run(ThreadPoolExecutor.java:642)
	at java.base/java.lang.Thread.run(Thread.java:1575)
Caused by: org.eclipse.lsp4j.jsonrpc.JsonRpcException: java.io.IOException: 파이프가 닫히는 중입니다
	at org.eclipse.lsp4j.jsonrpc.json.StreamMessageConsumer.consume(StreamMessageConsumer.java:72)
	at org.eclipse.lsp4e.LanguageServerWrapper.lambda$3(LanguageServerWrapper.java:413)
	at org.eclipse.lsp4j.jsonrpc.RemoteEndpoint.request(RemoteEndpoint.java:171)
	at org.eclipse.lsp4j.jsonrpc.services.EndpointProxy.invoke(EndpointProxy.java:91)
	at jdk.proxy15/jdk.proxy15.$Proxy38.codeLens(Unknown Source)
	at org.eclipse.lsp4e.operations.codelens.CodeLensProvider.lambda$1(CodeLensProvider.java:40)
	... 7 more
Caused by: java.io.IOException: 파이프가 닫히는 중입니다
	at java.base/java.io.FileOutputStream.writeBytes(Native Method)
	at java.base/java.io.FileOutputStream.write(FileOutputStream.java:400)
	at java.base/java.lang.Process$PipeOutputStream.write(Process.java:907)
	at java.base/java.io.BufferedOutputStream.flushBuffer(BufferedOutputStream.java:125)
	at java.base/java.io.BufferedOutputStream.implWrite(BufferedOutputStream.java:222)
	at java.base/java.io.BufferedOutputStream.write(BufferedOutputStream.java:200)
	at java.base/java.io.FilterOutputStream.write(FilterOutputStream.java:110)
	at org.eclipse.lsp4j.jsonrpc.json.StreamMessageConsumer.consume(StreamMessageConsumer.java:67)
	... 12 more

!ENTRY org.eclipse.lsp4e 4 0 2025-09-16 14:54:47.255
!MESSAGE java.io.IOException: 파이프가 닫히는 중입니다
!STACK 0
org.eclipse.lsp4j.jsonrpc.JsonRpcException: java.io.IOException: 파이프가 닫히는 중입니다
	at org.eclipse.lsp4j.jsonrpc.json.StreamMessageConsumer.consume(StreamMessageConsumer.java:72)
	at org.eclipse.lsp4e.LanguageServerWrapper.lambda$3(LanguageServerWrapper.java:413)
	at org.eclipse.lsp4j.jsonrpc.RemoteEndpoint.request(RemoteEndpoint.java:171)
	at org.eclipse.lsp4j.jsonrpc.services.EndpointProxy.invoke(EndpointProxy.java:91)
	at jdk.proxy15/jdk.proxy15.$Proxy38.inlayHint(Unknown Source)
	at org.eclipse.lsp4e.operations.inlayhint.InlayHintProvider.lambda$1(InlayHintProvider.java:55)
	at org.eclipse.lsp4e.LanguageServers.lambda$24(LanguageServers.java:445)
	at org.eclipse.lsp4e.LanguageServerWrapper.lambda$17(LanguageServerWrapper.java:976)
	at java.base/java.util.concurrent.CompletableFuture$UniCompose.tryFire(CompletableFuture.java:1194)
	at java.base/java.util.concurrent.CompletableFuture$Completion.run(CompletableFuture.java:526)
	at java.base/java.util.concurrent.ThreadPoolExecutor.runWorker(ThreadPoolExecutor.java:1144)
	at java.base/java.util.concurrent.ThreadPoolExecutor$Worker.run(ThreadPoolExecutor.java:642)
	at java.base/java.lang.Thread.run(Thread.java:1575)
Caused by: java.io.IOException: 파이프가 닫히는 중입니다
	at java.base/java.io.FileOutputStream.writeBytes(Native Method)
	at java.base/java.io.FileOutputStream.write(FileOutputStream.java:400)
	at java.base/java.lang.Process$PipeOutputStream.write(Process.java:907)
	at java.base/java.io.BufferedOutputStream.flushBuffer(BufferedOutputStream.java:125)
	at java.base/java.io.BufferedOutputStream.implWrite(BufferedOutputStream.java:222)
	at java.base/java.io.BufferedOutputStream.write(BufferedOutputStream.java:200)
	at java.base/java.io.FilterOutputStream.write(FilterOutputStream.java:110)
	at org.eclipse.lsp4j.jsonrpc.json.StreamMessageConsumer.consume(StreamMessageConsumer.java:67)
	... 12 more

!ENTRY org.eclipse.jface.text 4 0 2025-09-16 14:54:47.256
!MESSAGE org.eclipse.lsp4j.jsonrpc.JsonRpcException: java.io.IOException: 파이프가 닫히는 중입니다
!STACK 0
java.util.concurrent.CompletionException: org.eclipse.lsp4j.jsonrpc.JsonRpcException: java.io.IOException: 파이프가 닫히는 중입니다
	at java.base/java.util.concurrent.CompletableFuture.wrapInCompletionException(CompletableFuture.java:323)
	at java.base/java.util.concurrent.CompletableFuture.encodeThrowable(CompletableFuture.java:376)
	at java.base/java.util.concurrent.CompletableFuture.uniApplyNow(CompletableFuture.java:718)
	at java.base/java.util.concurrent.CompletableFuture.uniApplyStage(CompletableFuture.java:706)
	at java.base/java.util.concurrent.CompletableFuture.thenApply(CompletableFuture.java:2244)
	at org.eclipse.lsp4e.operations.codelens.CodeLensProvider.lambda$1(CodeLensProvider.java:41)
	at org.eclipse.lsp4e.LanguageServers.lambda$24(LanguageServers.java:445)
	at org.eclipse.lsp4e.LanguageServerWrapper.lambda$17(LanguageServerWrapper.java:976)
	at java.base/java.util.concurrent.CompletableFuture$UniCompose.tryFire(CompletableFuture.java:1194)
	at java.base/java.util.concurrent.CompletableFuture$Completion.run(CompletableFuture.java:526)
	at java.base/java.util.concurrent.ThreadPoolExecutor.runWorker(ThreadPoolExecutor.java:1144)
	at java.base/java.util.concurrent.ThreadPoolExecutor$Worker.run(ThreadPoolExecutor.java:642)
	at java.base/java.lang.Thread.run(Thread.java:1575)
Caused by: org.eclipse.lsp4j.jsonrpc.JsonRpcException: java.io.IOException: 파이프가 닫히는 중입니다
	at org.eclipse.lsp4j.jsonrpc.json.StreamMessageConsumer.consume(StreamMessageConsumer.java:72)
	at org.eclipse.lsp4e.LanguageServerWrapper.lambda$3(LanguageServerWrapper.java:413)
	at org.eclipse.lsp4j.jsonrpc.RemoteEndpoint.request(RemoteEndpoint.java:171)
	at org.eclipse.lsp4j.jsonrpc.services.EndpointProxy.invoke(EndpointProxy.java:91)
	at jdk.proxy15/jdk.proxy15.$Proxy38.codeLens(Unknown Source)
	at org.eclipse.lsp4e.operations.codelens.CodeLensProvider.lambda$1(CodeLensProvider.java:40)
	... 7 more
Caused by: java.io.IOException: 파이프가 닫히는 중입니다
	at java.base/java.io.FileOutputStream.writeBytes(Native Method)
	at java.base/java.io.FileOutputStream.write(FileOutputStream.java:400)
	at java.base/java.lang.Process$PipeOutputStream.write(Process.java:907)
	at java.base/java.io.BufferedOutputStream.flushBuffer(BufferedOutputStream.java:125)
	at java.base/java.io.BufferedOutputStream.implWrite(BufferedOutputStream.java:222)
	at java.base/java.io.BufferedOutputStream.write(BufferedOutputStream.java:200)
	at java.base/java.io.FilterOutputStream.write(FilterOutputStream.java:110)
	at org.eclipse.lsp4j.jsonrpc.json.StreamMessageConsumer.consume(StreamMessageConsumer.java:67)
	... 12 more

!ENTRY org.eclipse.lsp4e 4 0 2025-09-16 14:54:47.256
!MESSAGE java.io.IOException: 파이프가 닫히는 중입니다
!STACK 0
org.eclipse.lsp4j.jsonrpc.JsonRpcException: java.io.IOException: 파이프가 닫히는 중입니다
	at org.eclipse.lsp4j.jsonrpc.json.StreamMessageConsumer.consume(StreamMessageConsumer.java:72)
	at org.eclipse.lsp4e.LanguageServerWrapper.lambda$3(LanguageServerWrapper.java:413)
	at org.eclipse.lsp4j.jsonrpc.RemoteEndpoint.request(RemoteEndpoint.java:171)
	at org.eclipse.lsp4j.jsonrpc.services.EndpointProxy.invoke(EndpointProxy.java:91)
	at jdk.proxy15/jdk.proxy15.$Proxy38.inlayHint(Unknown Source)
	at org.eclipse.lsp4e.operations.inlayhint.InlayHintProvider.lambda$1(InlayHintProvider.java:55)
	at org.eclipse.lsp4e.LanguageServers.lambda$24(LanguageServers.java:445)
	at org.eclipse.lsp4e.LanguageServerWrapper.lambda$17(LanguageServerWrapper.java:976)
	at java.base/java.util.concurrent.CompletableFuture$UniCompose.tryFire(CompletableFuture.java:1194)
	at java.base/java.util.concurrent.CompletableFuture$Completion.run(CompletableFuture.java:526)
	at java.base/java.util.concurrent.ThreadPoolExecutor.runWorker(ThreadPoolExecutor.java:1144)
	at java.base/java.util.concurrent.ThreadPoolExecutor$Worker.run(ThreadPoolExecutor.java:642)
	at java.base/java.lang.Thread.run(Thread.java:1575)
Caused by: java.io.IOException: 파이프가 닫히는 중입니다
	at java.base/java.io.FileOutputStream.writeBytes(Native Method)
	at java.base/java.io.FileOutputStream.write(FileOutputStream.java:400)
	at java.base/java.lang.Process$PipeOutputStream.write(Process.java:907)
	at java.base/java.io.BufferedOutputStream.flushBuffer(BufferedOutputStream.java:125)
	at java.base/java.io.BufferedOutputStream.implWrite(BufferedOutputStream.java:222)
	at java.base/java.io.BufferedOutputStream.write(BufferedOutputStream.java:200)
	at java.base/java.io.FilterOutputStream.write(FilterOutputStream.java:110)
	at org.eclipse.lsp4j.jsonrpc.json.StreamMessageConsumer.consume(StreamMessageConsumer.java:67)
	... 12 more

!ENTRY org.eclipse.jface.text 4 0 2025-09-16 14:54:47.256
!MESSAGE org.eclipse.lsp4j.jsonrpc.JsonRpcException: java.io.IOException: 파이프가 닫히는 중입니다
!STACK 0
java.util.concurrent.CompletionException: org.eclipse.lsp4j.jsonrpc.JsonRpcException: java.io.IOException: 파이프가 닫히는 중입니다
	at java.base/java.util.concurrent.CompletableFuture.wrapInCompletionException(CompletableFuture.java:323)
	at java.base/java.util.concurrent.CompletableFuture.encodeThrowable(CompletableFuture.java:376)
	at java.base/java.util.concurrent.CompletableFuture.uniApplyNow(CompletableFuture.java:718)
	at java.base/java.util.concurrent.CompletableFuture.uniApplyStage(CompletableFuture.java:706)
	at java.base/java.util.concurrent.CompletableFuture.thenApply(CompletableFuture.java:2244)
	at org.eclipse.lsp4e.operations.codelens.CodeLensProvider.lambda$1(CodeLensProvider.java:41)
	at org.eclipse.lsp4e.LanguageServers.lambda$24(LanguageServers.java:445)
	at org.eclipse.lsp4e.LanguageServerWrapper.lambda$17(LanguageServerWrapper.java:976)
	at java.base/java.util.concurrent.CompletableFuture$UniCompose.tryFire(CompletableFuture.java:1194)
	at java.base/java.util.concurrent.CompletableFuture$Completion.run(CompletableFuture.java:526)
	at java.base/java.util.concurrent.ThreadPoolExecutor.runWorker(ThreadPoolExecutor.java:1144)
	at java.base/java.util.concurrent.ThreadPoolExecutor$Worker.run(ThreadPoolExecutor.java:642)
	at java.base/java.lang.Thread.run(Thread.java:1575)
Caused by: org.eclipse.lsp4j.jsonrpc.JsonRpcException: java.io.IOException: 파이프가 닫히는 중입니다
	at org.eclipse.lsp4j.jsonrpc.json.StreamMessageConsumer.consume(StreamMessageConsumer.java:72)
	at org.eclipse.lsp4e.LanguageServerWrapper.lambda$3(LanguageServerWrapper.java:413)
	at org.eclipse.lsp4j.jsonrpc.RemoteEndpoint.request(RemoteEndpoint.java:171)
	at org.eclipse.lsp4j.jsonrpc.services.EndpointProxy.invoke(EndpointProxy.java:91)
	at jdk.proxy15/jdk.proxy15.$Proxy38.codeLens(Unknown Source)
	at org.eclipse.lsp4e.operations.codelens.CodeLensProvider.lambda$1(CodeLensProvider.java:40)
	... 7 more
Caused by: java.io.IOException: 파이프가 닫히는 중입니다
	at java.base/java.io.FileOutputStream.writeBytes(Native Method)
	at java.base/java.io.FileOutputStream.write(FileOutputStream.java:400)
	at java.base/java.lang.Process$PipeOutputStream.write(Process.java:907)
	at java.base/java.io.BufferedOutputStream.flushBuffer(BufferedOutputStream.java:125)
	at java.base/java.io.BufferedOutputStream.implWrite(BufferedOutputStream.java:222)
	at java.base/java.io.BufferedOutputStream.write(BufferedOutputStream.java:200)
	at java.base/java.io.FilterOutputStream.write(FilterOutputStream.java:110)
	at org.eclipse.lsp4j.jsonrpc.json.StreamMessageConsumer.consume(StreamMessageConsumer.java:67)
	... 12 more

!ENTRY org.eclipse.lsp4e 4 0 2025-09-16 14:54:47.257
!MESSAGE java.io.IOException: 파이프가 닫히는 중입니다
!STACK 0
org.eclipse.lsp4j.jsonrpc.JsonRpcException: java.io.IOException: 파이프가 닫히는 중입니다
	at org.eclipse.lsp4j.jsonrpc.json.StreamMessageConsumer.consume(StreamMessageConsumer.java:72)
	at org.eclipse.lsp4e.LanguageServerWrapper.lambda$3(LanguageServerWrapper.java:413)
	at org.eclipse.lsp4j.jsonrpc.RemoteEndpoint.request(RemoteEndpoint.java:171)
	at org.eclipse.lsp4j.jsonrpc.services.EndpointProxy.invoke(EndpointProxy.java:91)
	at jdk.proxy15/jdk.proxy15.$Proxy38.inlayHint(Unknown Source)
	at org.eclipse.lsp4e.operations.inlayhint.InlayHintProvider.lambda$1(InlayHintProvider.java:55)
	at org.eclipse.lsp4e.LanguageServers.lambda$24(LanguageServers.java:445)
	at org.eclipse.lsp4e.LanguageServerWrapper.lambda$17(LanguageServerWrapper.java:976)
	at java.base/java.util.concurrent.CompletableFuture$UniCompose.tryFire(CompletableFuture.java:1194)
	at java.base/java.util.concurrent.CompletableFuture$Completion.run(CompletableFuture.java:526)
	at java.base/java.util.concurrent.ThreadPoolExecutor.runWorker(ThreadPoolExecutor.java:1144)
	at java.base/java.util.concurrent.ThreadPoolExecutor$Worker.run(ThreadPoolExecutor.java:642)
	at java.base/java.lang.Thread.run(Thread.java:1575)
Caused by: java.io.IOException: 파이프가 닫히는 중입니다
	at java.base/java.io.FileOutputStream.writeBytes(Native Method)
	at java.base/java.io.FileOutputStream.write(FileOutputStream.java:400)
	at java.base/java.lang.Process$PipeOutputStream.write(Process.java:907)
	at java.base/java.io.BufferedOutputStream.flushBuffer(BufferedOutputStream.java:125)
	at java.base/java.io.BufferedOutputStream.implWrite(BufferedOutputStream.java:222)
	at java.base/java.io.BufferedOutputStream.write(BufferedOutputStream.java:200)
	at java.base/java.io.FilterOutputStream.write(FilterOutputStream.java:110)
	at org.eclipse.lsp4j.jsonrpc.json.StreamMessageConsumer.consume(StreamMessageConsumer.java:67)
	... 12 more

!ENTRY org.eclipse.jface.text 4 0 2025-09-16 14:54:47.257
!MESSAGE org.eclipse.lsp4j.jsonrpc.JsonRpcException: java.io.IOException: 파이프가 닫히는 중입니다
!STACK 0
java.util.concurrent.CompletionException: org.eclipse.lsp4j.jsonrpc.JsonRpcException: java.io.IOException: 파이프가 닫히는 중입니다
	at java.base/java.util.concurrent.CompletableFuture.wrapInCompletionException(CompletableFuture.java:323)
	at java.base/java.util.concurrent.CompletableFuture.encodeThrowable(CompletableFuture.java:376)
	at java.base/java.util.concurrent.CompletableFuture.uniApplyNow(CompletableFuture.java:718)
	at java.base/java.util.concurrent.CompletableFuture.uniApplyStage(CompletableFuture.java:706)
	at java.base/java.util.concurrent.CompletableFuture.thenApply(CompletableFuture.java:2244)
	at org.eclipse.lsp4e.operations.codelens.CodeLensProvider.lambda$1(CodeLensProvider.java:41)
	at org.eclipse.lsp4e.LanguageServers.lambda$24(LanguageServers.java:445)
	at org.eclipse.lsp4e.LanguageServerWrapper.lambda$17(LanguageServerWrapper.java:976)
	at java.base/java.util.concurrent.CompletableFuture$UniCompose.tryFire(CompletableFuture.java:1194)
	at java.base/java.util.concurrent.CompletableFuture$Completion.run(CompletableFuture.java:526)
	at java.base/java.util.concurrent.ThreadPoolExecutor.runWorker(ThreadPoolExecutor.java:1144)
	at java.base/java.util.concurrent.ThreadPoolExecutor$Worker.run(ThreadPoolExecutor.java:642)
	at java.base/java.lang.Thread.run(Thread.java:1575)
Caused by: org.eclipse.lsp4j.jsonrpc.JsonRpcException: java.io.IOException: 파이프가 닫히는 중입니다
	at org.eclipse.lsp4j.jsonrpc.json.StreamMessageConsumer.consume(StreamMessageConsumer.java:72)
	at org.eclipse.lsp4e.LanguageServerWrapper.lambda$3(LanguageServerWrapper.java:413)
	at org.eclipse.lsp4j.jsonrpc.RemoteEndpoint.request(RemoteEndpoint.java:171)
	at org.eclipse.lsp4j.jsonrpc.services.EndpointProxy.invoke(EndpointProxy.java:91)
	at jdk.proxy15/jdk.proxy15.$Proxy38.codeLens(Unknown Source)
	at org.eclipse.lsp4e.operations.codelens.CodeLensProvider.lambda$1(CodeLensProvider.java:40)
	... 7 more
Caused by: java.io.IOException: 파이프가 닫히는 중입니다
	at java.base/java.io.FileOutputStream.writeBytes(Native Method)
	at java.base/java.io.FileOutputStream.write(FileOutputStream.java:400)
	at java.base/java.lang.Process$PipeOutputStream.write(Process.java:907)
	at java.base/java.io.BufferedOutputStream.flushBuffer(BufferedOutputStream.java:125)
	at java.base/java.io.BufferedOutputStream.implWrite(BufferedOutputStream.java:222)
	at java.base/java.io.BufferedOutputStream.write(BufferedOutputStream.java:200)
	at java.base/java.io.FilterOutputStream.write(FilterOutputStream.java:110)
	at org.eclipse.lsp4j.jsonrpc.json.StreamMessageConsumer.consume(StreamMessageConsumer.java:67)
	... 12 more

!ENTRY org.eclipse.lsp4e 4 0 2025-09-16 14:54:47.257
!MESSAGE java.io.IOException: 파이프가 닫히는 중입니다
!STACK 0
org.eclipse.lsp4j.jsonrpc.JsonRpcException: java.io.IOException: 파이프가 닫히는 중입니다
	at org.eclipse.lsp4j.jsonrpc.json.StreamMessageConsumer.consume(StreamMessageConsumer.java:72)
	at org.eclipse.lsp4e.LanguageServerWrapper.lambda$3(LanguageServerWrapper.java:413)
	at org.eclipse.lsp4j.jsonrpc.RemoteEndpoint.request(RemoteEndpoint.java:171)
	at org.eclipse.lsp4j.jsonrpc.services.EndpointProxy.invoke(EndpointProxy.java:91)
	at jdk.proxy15/jdk.proxy15.$Proxy38.inlayHint(Unknown Source)
	at org.eclipse.lsp4e.operations.inlayhint.InlayHintProvider.lambda$1(InlayHintProvider.java:55)
	at org.eclipse.lsp4e.LanguageServers.lambda$24(LanguageServers.java:445)
	at org.eclipse.lsp4e.LanguageServerWrapper.lambda$17(LanguageServerWrapper.java:976)
	at java.base/java.util.concurrent.CompletableFuture$UniCompose.tryFire(CompletableFuture.java:1194)
	at java.base/java.util.concurrent.CompletableFuture$Completion.run(CompletableFuture.java:526)
	at java.base/java.util.concurrent.ThreadPoolExecutor.runWorker(ThreadPoolExecutor.java:1144)
	at java.base/java.util.concurrent.ThreadPoolExecutor$Worker.run(ThreadPoolExecutor.java:642)
	at java.base/java.lang.Thread.run(Thread.java:1575)
Caused by: java.io.IOException: 파이프가 닫히는 중입니다
	at java.base/java.io.FileOutputStream.writeBytes(Native Method)
	at java.base/java.io.FileOutputStream.write(FileOutputStream.java:400)
	at java.base/java.lang.Process$PipeOutputStream.write(Process.java:907)
	at java.base/java.io.BufferedOutputStream.flushBuffer(BufferedOutputStream.java:125)
	at java.base/java.io.BufferedOutputStream.implWrite(BufferedOutputStream.java:222)
	at java.base/java.io.BufferedOutputStream.write(BufferedOutputStream.java:200)
	at java.base/java.io.FilterOutputStream.write(FilterOutputStream.java:110)
	at org.eclipse.lsp4j.jsonrpc.json.StreamMessageConsumer.consume(StreamMessageConsumer.java:67)
	... 12 more

!ENTRY org.eclipse.jface.text 4 0 2025-09-16 14:54:47.258
!MESSAGE org.eclipse.lsp4j.jsonrpc.JsonRpcException: java.io.IOException: 파이프가 닫히는 중입니다
!STACK 0
java.util.concurrent.CompletionException: org.eclipse.lsp4j.jsonrpc.JsonRpcException: java.io.IOException: 파이프가 닫히는 중입니다
	at java.base/java.util.concurrent.CompletableFuture.wrapInCompletionException(CompletableFuture.java:323)
	at java.base/java.util.concurrent.CompletableFuture.encodeThrowable(CompletableFuture.java:376)
	at java.base/java.util.concurrent.CompletableFuture.uniApplyNow(CompletableFuture.java:718)
	at java.base/java.util.concurrent.CompletableFuture.uniApplyStage(CompletableFuture.java:706)
	at java.base/java.util.concurrent.CompletableFuture.thenApply(CompletableFuture.java:2244)
	at org.eclipse.lsp4e.operations.codelens.CodeLensProvider.lambda$1(CodeLensProvider.java:41)
	at org.eclipse.lsp4e.LanguageServers.lambda$24(LanguageServers.java:445)
	at org.eclipse.lsp4e.LanguageServerWrapper.lambda$17(LanguageServerWrapper.java:976)
	at java.base/java.util.concurrent.CompletableFuture$UniCompose.tryFire(CompletableFuture.java:1194)
	at java.base/java.util.concurrent.CompletableFuture$Completion.run(CompletableFuture.java:526)
	at java.base/java.util.concurrent.ThreadPoolExecutor.runWorker(ThreadPoolExecutor.java:1144)
	at java.base/java.util.concurrent.ThreadPoolExecutor$Worker.run(ThreadPoolExecutor.java:642)
	at java.base/java.lang.Thread.run(Thread.java:1575)
Caused by: org.eclipse.lsp4j.jsonrpc.JsonRpcException: java.io.IOException: 파이프가 닫히는 중입니다
	at org.eclipse.lsp4j.jsonrpc.json.StreamMessageConsumer.consume(StreamMessageConsumer.java:72)
	at org.eclipse.lsp4e.LanguageServerWrapper.lambda$3(LanguageServerWrapper.java:413)
	at org.eclipse.lsp4j.jsonrpc.RemoteEndpoint.request(RemoteEndpoint.java:171)
	at org.eclipse.lsp4j.jsonrpc.services.EndpointProxy.invoke(EndpointProxy.java:91)
	at jdk.proxy15/jdk.proxy15.$Proxy38.codeLens(Unknown Source)
	at org.eclipse.lsp4e.operations.codelens.CodeLensProvider.lambda$1(CodeLensProvider.java:40)
	... 7 more
Caused by: java.io.IOException: 파이프가 닫히는 중입니다
	at java.base/java.io.FileOutputStream.writeBytes(Native Method)
	at java.base/java.io.FileOutputStream.write(FileOutputStream.java:400)
	at java.base/java.lang.Process$PipeOutputStream.write(Process.java:907)
	at java.base/java.io.BufferedOutputStream.flushBuffer(BufferedOutputStream.java:125)
	at java.base/java.io.BufferedOutputStream.implWrite(BufferedOutputStream.java:222)
	at java.base/java.io.BufferedOutputStream.write(BufferedOutputStream.java:200)
	at java.base/java.io.FilterOutputStream.write(FilterOutputStream.java:110)
	at org.eclipse.lsp4j.jsonrpc.json.StreamMessageConsumer.consume(StreamMessageConsumer.java:67)
	... 12 more

!ENTRY org.eclipse.lsp4e 4 0 2025-09-16 14:54:47.258
!MESSAGE java.io.IOException: 파이프가 닫히는 중입니다
!STACK 0
org.eclipse.lsp4j.jsonrpc.JsonRpcException: java.io.IOException: 파이프가 닫히는 중입니다
	at org.eclipse.lsp4j.jsonrpc.json.StreamMessageConsumer.consume(StreamMessageConsumer.java:72)
	at org.eclipse.lsp4e.LanguageServerWrapper.lambda$3(LanguageServerWrapper.java:413)
	at org.eclipse.lsp4j.jsonrpc.RemoteEndpoint.request(RemoteEndpoint.java:171)
	at org.eclipse.lsp4j.jsonrpc.services.EndpointProxy.invoke(EndpointProxy.java:91)
	at jdk.proxy15/jdk.proxy15.$Proxy38.inlayHint(Unknown Source)
	at org.eclipse.lsp4e.operations.inlayhint.InlayHintProvider.lambda$1(InlayHintProvider.java:55)
	at org.eclipse.lsp4e.LanguageServers.lambda$24(LanguageServers.java:445)
	at org.eclipse.lsp4e.LanguageServerWrapper.lambda$17(LanguageServerWrapper.java:976)
	at java.base/java.util.concurrent.CompletableFuture$UniCompose.tryFire(CompletableFuture.java:1194)
	at java.base/java.util.concurrent.CompletableFuture$Completion.run(CompletableFuture.java:526)
	at java.base/java.util.concurrent.ThreadPoolExecutor.runWorker(ThreadPoolExecutor.java:1144)
	at java.base/java.util.concurrent.ThreadPoolExecutor$Worker.run(ThreadPoolExecutor.java:642)
	at java.base/java.lang.Thread.run(Thread.java:1575)
Caused by: java.io.IOException: 파이프가 닫히는 중입니다
	at java.base/java.io.FileOutputStream.writeBytes(Native Method)
	at java.base/java.io.FileOutputStream.write(FileOutputStream.java:400)
	at java.base/java.lang.Process$PipeOutputStream.write(Process.java:907)
	at java.base/java.io.BufferedOutputStream.flushBuffer(BufferedOutputStream.java:125)
	at java.base/java.io.BufferedOutputStream.implWrite(BufferedOutputStream.java:222)
	at java.base/java.io.BufferedOutputStream.write(BufferedOutputStream.java:200)
	at java.base/java.io.FilterOutputStream.write(FilterOutputStream.java:110)
	at org.eclipse.lsp4j.jsonrpc.json.StreamMessageConsumer.consume(StreamMessageConsumer.java:67)
	... 12 more

!ENTRY org.eclipse.jface.text 4 0 2025-09-16 14:54:47.258
!MESSAGE org.eclipse.lsp4j.jsonrpc.JsonRpcException: java.io.IOException: 파이프가 닫히는 중입니다
!STACK 0
java.util.concurrent.CompletionException: org.eclipse.lsp4j.jsonrpc.JsonRpcException: java.io.IOException: 파이프가 닫히는 중입니다
	at java.base/java.util.concurrent.CompletableFuture.wrapInCompletionException(CompletableFuture.java:323)
	at java.base/java.util.concurrent.CompletableFuture.encodeThrowable(CompletableFuture.java:376)
	at java.base/java.util.concurrent.CompletableFuture.uniApplyNow(CompletableFuture.java:718)
	at java.base/java.util.concurrent.CompletableFuture.uniApplyStage(CompletableFuture.java:706)
	at java.base/java.util.concurrent.CompletableFuture.thenApply(CompletableFuture.java:2244)
	at org.eclipse.lsp4e.operations.codelens.CodeLensProvider.lambda$1(CodeLensProvider.java:41)
	at org.eclipse.lsp4e.LanguageServers.lambda$24(LanguageServers.java:445)
	at org.eclipse.lsp4e.LanguageServerWrapper.lambda$17(LanguageServerWrapper.java:976)
	at java.base/java.util.concurrent.CompletableFuture$UniCompose.tryFire(CompletableFuture.java:1194)
	at java.base/java.util.concurrent.CompletableFuture$Completion.run(CompletableFuture.java:526)
	at java.base/java.util.concurrent.ThreadPoolExecutor.runWorker(ThreadPoolExecutor.java:1144)
	at java.base/java.util.concurrent.ThreadPoolExecutor$Worker.run(ThreadPoolExecutor.java:642)
	at java.base/java.lang.Thread.run(Thread.java:1575)
Caused by: org.eclipse.lsp4j.jsonrpc.JsonRpcException: java.io.IOException: 파이프가 닫히는 중입니다
	at org.eclipse.lsp4j.jsonrpc.json.StreamMessageConsumer.consume(StreamMessageConsumer.java:72)
	at org.eclipse.lsp4e.LanguageServerWrapper.lambda$3(LanguageServerWrapper.java:413)
	at org.eclipse.lsp4j.jsonrpc.RemoteEndpoint.request(RemoteEndpoint.java:171)
	at org.eclipse.lsp4j.jsonrpc.services.EndpointProxy.invoke(EndpointProxy.java:91)
	at jdk.proxy15/jdk.proxy15.$Proxy38.codeLens(Unknown Source)
	at org.eclipse.lsp4e.operations.codelens.CodeLensProvider.lambda$1(CodeLensProvider.java:40)
	... 7 more
Caused by: java.io.IOException: 파이프가 닫히는 중입니다
	at java.base/java.io.FileOutputStream.writeBytes(Native Method)
	at java.base/java.io.FileOutputStream.write(FileOutputStream.java:400)
	at java.base/java.lang.Process$PipeOutputStream.write(Process.java:907)
	at java.base/java.io.BufferedOutputStream.flushBuffer(BufferedOutputStream.java:125)
	at java.base/java.io.BufferedOutputStream.implWrite(BufferedOutputStream.java:222)
	at java.base/java.io.BufferedOutputStream.write(BufferedOutputStream.java:200)
	at java.base/java.io.FilterOutputStream.write(FilterOutputStream.java:110)
	at org.eclipse.lsp4j.jsonrpc.json.StreamMessageConsumer.consume(StreamMessageConsumer.java:67)
	... 12 more

!ENTRY org.eclipse.lsp4e 4 0 2025-09-16 14:54:47.259
!MESSAGE java.io.IOException: 파이프가 닫히는 중입니다
!STACK 0
org.eclipse.lsp4j.jsonrpc.JsonRpcException: java.io.IOException: 파이프가 닫히는 중입니다
	at org.eclipse.lsp4j.jsonrpc.json.StreamMessageConsumer.consume(StreamMessageConsumer.java:72)
	at org.eclipse.lsp4e.LanguageServerWrapper.lambda$3(LanguageServerWrapper.java:413)
	at org.eclipse.lsp4j.jsonrpc.RemoteEndpoint.request(RemoteEndpoint.java:171)
	at org.eclipse.lsp4j.jsonrpc.services.EndpointProxy.invoke(EndpointProxy.java:91)
	at jdk.proxy15/jdk.proxy15.$Proxy38.inlayHint(Unknown Source)
	at org.eclipse.lsp4e.operations.inlayhint.InlayHintProvider.lambda$1(InlayHintProvider.java:55)
	at org.eclipse.lsp4e.LanguageServers.lambda$24(LanguageServers.java:445)
	at org.eclipse.lsp4e.LanguageServerWrapper.lambda$17(LanguageServerWrapper.java:976)
	at java.base/java.util.concurrent.CompletableFuture$UniCompose.tryFire(CompletableFuture.java:1194)
	at java.base/java.util.concurrent.CompletableFuture$Completion.run(CompletableFuture.java:526)
	at java.base/java.util.concurrent.ThreadPoolExecutor.runWorker(ThreadPoolExecutor.java:1144)
	at java.base/java.util.concurrent.ThreadPoolExecutor$Worker.run(ThreadPoolExecutor.java:642)
	at java.base/java.lang.Thread.run(Thread.java:1575)
Caused by: java.io.IOException: 파이프가 닫히는 중입니다
	at java.base/java.io.FileOutputStream.writeBytes(Native Method)
	at java.base/java.io.FileOutputStream.write(FileOutputStream.java:400)
	at java.base/java.lang.Process$PipeOutputStream.write(Process.java:907)
	at java.base/java.io.BufferedOutputStream.flushBuffer(BufferedOutputStream.java:125)
	at java.base/java.io.BufferedOutputStream.implWrite(BufferedOutputStream.java:222)
	at java.base/java.io.BufferedOutputStream.write(BufferedOutputStream.java:200)
	at java.base/java.io.FilterOutputStream.write(FilterOutputStream.java:110)
	at org.eclipse.lsp4j.jsonrpc.json.StreamMessageConsumer.consume(StreamMessageConsumer.java:67)
	... 12 more

!ENTRY org.eclipse.jface.text 4 0 2025-09-16 14:54:47.259
!MESSAGE org.eclipse.lsp4j.jsonrpc.JsonRpcException: java.io.IOException: 파이프가 닫히는 중입니다
!STACK 0
java.util.concurrent.CompletionException: org.eclipse.lsp4j.jsonrpc.JsonRpcException: java.io.IOException: 파이프가 닫히는 중입니다
	at java.base/java.util.concurrent.CompletableFuture.wrapInCompletionException(CompletableFuture.java:323)
	at java.base/java.util.concurrent.CompletableFuture.encodeThrowable(CompletableFuture.java:376)
	at java.base/java.util.concurrent.CompletableFuture.uniApplyNow(CompletableFuture.java:718)
	at java.base/java.util.concurrent.CompletableFuture.uniApplyStage(CompletableFuture.java:706)
	at java.base/java.util.concurrent.CompletableFuture.thenApply(CompletableFuture.java:2244)
	at org.eclipse.lsp4e.operations.codelens.CodeLensProvider.lambda$1(CodeLensProvider.java:41)
	at org.eclipse.lsp4e.LanguageServers.lambda$24(LanguageServers.java:445)
	at org.eclipse.lsp4e.LanguageServerWrapper.lambda$17(LanguageServerWrapper.java:976)
	at java.base/java.util.concurrent.CompletableFuture$UniCompose.tryFire(CompletableFuture.java:1194)
	at java.base/java.util.concurrent.CompletableFuture$Completion.run(CompletableFuture.java:526)
	at java.base/java.util.concurrent.ThreadPoolExecutor.runWorker(ThreadPoolExecutor.java:1144)
	at java.base/java.util.concurrent.ThreadPoolExecutor$Worker.run(ThreadPoolExecutor.java:642)
	at java.base/java.lang.Thread.run(Thread.java:1575)
Caused by: org.eclipse.lsp4j.jsonrpc.JsonRpcException: java.io.IOException: 파이프가 닫히는 중입니다
	at org.eclipse.lsp4j.jsonrpc.json.StreamMessageConsumer.consume(StreamMessageConsumer.java:72)
	at org.eclipse.lsp4e.LanguageServerWrapper.lambda$3(LanguageServerWrapper.java:413)
	at org.eclipse.lsp4j.jsonrpc.RemoteEndpoint.request(RemoteEndpoint.java:171)
	at org.eclipse.lsp4j.jsonrpc.services.EndpointProxy.invoke(EndpointProxy.java:91)
	at jdk.proxy15/jdk.proxy15.$Proxy38.codeLens(Unknown Source)
	at org.eclipse.lsp4e.operations.codelens.CodeLensProvider.lambda$1(CodeLensProvider.java:40)
	... 7 more
Caused by: java.io.IOException: 파이프가 닫히는 중입니다
	at java.base/java.io.FileOutputStream.writeBytes(Native Method)
	at java.base/java.io.FileOutputStream.write(FileOutputStream.java:400)
	at java.base/java.lang.Process$PipeOutputStream.write(Process.java:907)
	at java.base/java.io.BufferedOutputStream.flushBuffer(BufferedOutputStream.java:125)
	at java.base/java.io.BufferedOutputStream.implWrite(BufferedOutputStream.java:222)
	at java.base/java.io.BufferedOutputStream.write(BufferedOutputStream.java:200)
	at java.base/java.io.FilterOutputStream.write(FilterOutputStream.java:110)
	at org.eclipse.lsp4j.jsonrpc.json.StreamMessageConsumer.consume(StreamMessageConsumer.java:67)
	... 12 more

!ENTRY org.eclipse.lsp4e 4 0 2025-09-16 14:54:47.259
!MESSAGE java.io.IOException: 파이프가 닫히는 중입니다
!STACK 0
org.eclipse.lsp4j.jsonrpc.JsonRpcException: java.io.IOException: 파이프가 닫히는 중입니다
	at org.eclipse.lsp4j.jsonrpc.json.StreamMessageConsumer.consume(StreamMessageConsumer.java:72)
	at org.eclipse.lsp4e.LanguageServerWrapper.lambda$3(LanguageServerWrapper.java:413)
	at org.eclipse.lsp4j.jsonrpc.RemoteEndpoint.request(RemoteEndpoint.java:171)
	at org.eclipse.lsp4j.jsonrpc.services.EndpointProxy.invoke(EndpointProxy.java:91)
	at jdk.proxy15/jdk.proxy15.$Proxy38.inlayHint(Unknown Source)
	at org.eclipse.lsp4e.operations.inlayhint.InlayHintProvider.lambda$1(InlayHintProvider.java:55)
	at org.eclipse.lsp4e.LanguageServers.lambda$24(LanguageServers.java:445)
	at org.eclipse.lsp4e.LanguageServerWrapper.lambda$17(LanguageServerWrapper.java:976)
	at java.base/java.util.concurrent.CompletableFuture$UniCompose.tryFire(CompletableFuture.java:1194)
	at java.base/java.util.concurrent.CompletableFuture$Completion.run(CompletableFuture.java:526)
	at java.base/java.util.concurrent.ThreadPoolExecutor.runWorker(ThreadPoolExecutor.java:1144)
	at java.base/java.util.concurrent.ThreadPoolExecutor$Worker.run(ThreadPoolExecutor.java:642)
	at java.base/java.lang.Thread.run(Thread.java:1575)
Caused by: java.io.IOException: 파이프가 닫히는 중입니다
	at java.base/java.io.FileOutputStream.writeBytes(Native Method)
	at java.base/java.io.FileOutputStream.write(FileOutputStream.java:400)
	at java.base/java.lang.Process$PipeOutputStream.write(Process.java:907)
	at java.base/java.io.BufferedOutputStream.flushBuffer(BufferedOutputStream.java:125)
	at java.base/java.io.BufferedOutputStream.implWrite(BufferedOutputStream.java:222)
	at java.base/java.io.BufferedOutputStream.write(BufferedOutputStream.java:200)
	at java.base/java.io.FilterOutputStream.write(FilterOutputStream.java:110)
	at org.eclipse.lsp4j.jsonrpc.json.StreamMessageConsumer.consume(StreamMessageConsumer.java:67)
	... 12 more

!ENTRY org.eclipse.jface.text 4 0 2025-09-16 14:54:47.260
!MESSAGE org.eclipse.lsp4j.jsonrpc.JsonRpcException: java.io.IOException: 파이프가 닫히는 중입니다
!STACK 0
java.util.concurrent.CompletionException: org.eclipse.lsp4j.jsonrpc.JsonRpcException: java.io.IOException: 파이프가 닫히는 중입니다
	at java.base/java.util.concurrent.CompletableFuture.wrapInCompletionException(CompletableFuture.java:323)
	at java.base/java.util.concurrent.CompletableFuture.encodeThrowable(CompletableFuture.java:376)
	at java.base/java.util.concurrent.CompletableFuture.uniApplyNow(CompletableFuture.java:718)
	at java.base/java.util.concurrent.CompletableFuture.uniApplyStage(CompletableFuture.java:706)
	at java.base/java.util.concurrent.CompletableFuture.thenApply(CompletableFuture.java:2244)
	at org.eclipse.lsp4e.operations.codelens.CodeLensProvider.lambda$1(CodeLensProvider.java:41)
	at org.eclipse.lsp4e.LanguageServers.lambda$24(LanguageServers.java:445)
	at org.eclipse.lsp4e.LanguageServerWrapper.lambda$17(LanguageServerWrapper.java:976)
	at java.base/java.util.concurrent.CompletableFuture$UniCompose.tryFire(CompletableFuture.java:1194)
	at java.base/java.util.concurrent.CompletableFuture$Completion.run(CompletableFuture.java:526)
	at java.base/java.util.concurrent.ThreadPoolExecutor.runWorker(ThreadPoolExecutor.java:1144)
	at java.base/java.util.concurrent.ThreadPoolExecutor$Worker.run(ThreadPoolExecutor.java:642)
	at java.base/java.lang.Thread.run(Thread.java:1575)
Caused by: org.eclipse.lsp4j.jsonrpc.JsonRpcException: java.io.IOException: 파이프가 닫히는 중입니다
	at org.eclipse.lsp4j.jsonrpc.json.StreamMessageConsumer.consume(StreamMessageConsumer.java:72)
	at org.eclipse.lsp4e.LanguageServerWrapper.lambda$3(LanguageServerWrapper.java:413)
	at org.eclipse.lsp4j.jsonrpc.RemoteEndpoint.request(RemoteEndpoint.java:171)
	at org.eclipse.lsp4j.jsonrpc.services.EndpointProxy.invoke(EndpointProxy.java:91)
	at jdk.proxy15/jdk.proxy15.$Proxy38.codeLens(Unknown Source)
	at org.eclipse.lsp4e.operations.codelens.CodeLensProvider.lambda$1(CodeLensProvider.java:40)
	... 7 more
Caused by: java.io.IOException: 파이프가 닫히는 중입니다
	at java.base/java.io.FileOutputStream.writeBytes(Native Method)
	at java.base/java.io.FileOutputStream.write(FileOutputStream.java:400)
	at java.base/java.lang.Process$PipeOutputStream.write(Process.java:907)
	at java.base/java.io.BufferedOutputStream.flushBuffer(BufferedOutputStream.java:125)
	at java.base/java.io.BufferedOutputStream.implWrite(BufferedOutputStream.java:222)
	at java.base/java.io.BufferedOutputStream.write(BufferedOutputStream.java:200)
	at java.base/java.io.FilterOutputStream.write(FilterOutputStream.java:110)
	at org.eclipse.lsp4j.jsonrpc.json.StreamMessageConsumer.consume(StreamMessageConsumer.java:67)
	... 12 more

!ENTRY org.eclipse.lsp4e 4 0 2025-09-16 14:54:47.260
!MESSAGE java.io.IOException: 파이프가 닫히는 중입니다
!STACK 0
org.eclipse.lsp4j.jsonrpc.JsonRpcException: java.io.IOException: 파이프가 닫히는 중입니다
	at org.eclipse.lsp4j.jsonrpc.json.StreamMessageConsumer.consume(StreamMessageConsumer.java:72)
	at org.eclipse.lsp4e.LanguageServerWrapper.lambda$3(LanguageServerWrapper.java:413)
	at org.eclipse.lsp4j.jsonrpc.RemoteEndpoint.request(RemoteEndpoint.java:171)
	at org.eclipse.lsp4j.jsonrpc.services.EndpointProxy.invoke(EndpointProxy.java:91)
	at jdk.proxy15/jdk.proxy15.$Proxy38.inlayHint(Unknown Source)
	at org.eclipse.lsp4e.operations.inlayhint.InlayHintProvider.lambda$1(InlayHintProvider.java:55)
	at org.eclipse.lsp4e.LanguageServers.lambda$24(LanguageServers.java:445)
	at org.eclipse.lsp4e.LanguageServerWrapper.lambda$17(LanguageServerWrapper.java:976)
	at java.base/java.util.concurrent.CompletableFuture$UniCompose.tryFire(CompletableFuture.java:1194)
	at java.base/java.util.concurrent.CompletableFuture$Completion.run(CompletableFuture.java:526)
	at java.base/java.util.concurrent.ThreadPoolExecutor.runWorker(ThreadPoolExecutor.java:1144)
	at java.base/java.util.concurrent.ThreadPoolExecutor$Worker.run(ThreadPoolExecutor.java:642)
	at java.base/java.lang.Thread.run(Thread.java:1575)
Caused by: java.io.IOException: 파이프가 닫히는 중입니다
	at java.base/java.io.FileOutputStream.writeBytes(Native Method)
	at java.base/java.io.FileOutputStream.write(FileOutputStream.java:400)
	at java.base/java.lang.Process$PipeOutputStream.write(Process.java:907)
	at java.base/java.io.BufferedOutputStream.flushBuffer(BufferedOutputStream.java:125)
	at java.base/java.io.BufferedOutputStream.implWrite(BufferedOutputStream.java:222)
	at java.base/java.io.BufferedOutputStream.write(BufferedOutputStream.java:200)
	at java.base/java.io.FilterOutputStream.write(FilterOutputStream.java:110)
	at org.eclipse.lsp4j.jsonrpc.json.StreamMessageConsumer.consume(StreamMessageConsumer.java:67)
	... 12 more

!ENTRY org.eclipse.jface.text 4 0 2025-09-16 14:54:47.260
!MESSAGE org.eclipse.lsp4j.jsonrpc.JsonRpcException: java.io.IOException: 파이프가 닫히는 중입니다
!STACK 0
java.util.concurrent.CompletionException: org.eclipse.lsp4j.jsonrpc.JsonRpcException: java.io.IOException: 파이프가 닫히는 중입니다
	at java.base/java.util.concurrent.CompletableFuture.wrapInCompletionException(CompletableFuture.java:323)
	at java.base/java.util.concurrent.CompletableFuture.encodeThrowable(CompletableFuture.java:376)
	at java.base/java.util.concurrent.CompletableFuture.uniApplyNow(CompletableFuture.java:718)
	at java.base/java.util.concurrent.CompletableFuture.uniApplyStage(CompletableFuture.java:706)
	at java.base/java.util.concurrent.CompletableFuture.thenApply(CompletableFuture.java:2244)
	at org.eclipse.lsp4e.operations.codelens.CodeLensProvider.lambda$1(CodeLensProvider.java:41)
	at org.eclipse.lsp4e.LanguageServers.lambda$24(LanguageServers.java:445)
	at org.eclipse.lsp4e.LanguageServerWrapper.lambda$17(LanguageServerWrapper.java:976)
	at java.base/java.util.concurrent.CompletableFuture$UniCompose.tryFire(CompletableFuture.java:1194)
	at java.base/java.util.concurrent.CompletableFuture$Completion.run(CompletableFuture.java:526)
	at java.base/java.util.concurrent.ThreadPoolExecutor.runWorker(ThreadPoolExecutor.java:1144)
	at java.base/java.util.concurrent.ThreadPoolExecutor$Worker.run(ThreadPoolExecutor.java:642)
	at java.base/java.lang.Thread.run(Thread.java:1575)
Caused by: org.eclipse.lsp4j.jsonrpc.JsonRpcException: java.io.IOException: 파이프가 닫히는 중입니다
	at org.eclipse.lsp4j.jsonrpc.json.StreamMessageConsumer.consume(StreamMessageConsumer.java:72)
	at org.eclipse.lsp4e.LanguageServerWrapper.lambda$3(LanguageServerWrapper.java:413)
	at org.eclipse.lsp4j.jsonrpc.RemoteEndpoint.request(RemoteEndpoint.java:171)
	at org.eclipse.lsp4j.jsonrpc.services.EndpointProxy.invoke(EndpointProxy.java:91)
	at jdk.proxy15/jdk.proxy15.$Proxy38.codeLens(Unknown Source)
	at org.eclipse.lsp4e.operations.codelens.CodeLensProvider.lambda$1(CodeLensProvider.java:40)
	... 7 more
Caused by: java.io.IOException: 파이프가 닫히는 중입니다
	at java.base/java.io.FileOutputStream.writeBytes(Native Method)
	at java.base/java.io.FileOutputStream.write(FileOutputStream.java:400)
	at java.base/java.lang.Process$PipeOutputStream.write(Process.java:907)
	at java.base/java.io.BufferedOutputStream.flushBuffer(BufferedOutputStream.java:125)
	at java.base/java.io.BufferedOutputStream.implWrite(BufferedOutputStream.java:222)
	at java.base/java.io.BufferedOutputStream.write(BufferedOutputStream.java:200)
	at java.base/java.io.FilterOutputStream.write(FilterOutputStream.java:110)
	at org.eclipse.lsp4j.jsonrpc.json.StreamMessageConsumer.consume(StreamMessageConsumer.java:67)
	... 12 more

!ENTRY org.eclipse.lsp4e 4 0 2025-09-16 14:54:47.260
!MESSAGE java.io.IOException: 파이프가 닫히는 중입니다
!STACK 0
org.eclipse.lsp4j.jsonrpc.JsonRpcException: java.io.IOException: 파이프가 닫히는 중입니다
	at org.eclipse.lsp4j.jsonrpc.json.StreamMessageConsumer.consume(StreamMessageConsumer.java:72)
	at org.eclipse.lsp4e.LanguageServerWrapper.lambda$3(LanguageServerWrapper.java:413)
	at org.eclipse.lsp4j.jsonrpc.RemoteEndpoint.request(RemoteEndpoint.java:171)
	at org.eclipse.lsp4j.jsonrpc.services.EndpointProxy.invoke(EndpointProxy.java:91)
	at jdk.proxy15/jdk.proxy15.$Proxy38.inlayHint(Unknown Source)
	at org.eclipse.lsp4e.operations.inlayhint.InlayHintProvider.lambda$1(InlayHintProvider.java:55)
	at org.eclipse.lsp4e.LanguageServers.lambda$24(LanguageServers.java:445)
	at org.eclipse.lsp4e.LanguageServerWrapper.lambda$17(LanguageServerWrapper.java:976)
	at java.base/java.util.concurrent.CompletableFuture$UniCompose.tryFire(CompletableFuture.java:1194)
	at java.base/java.util.concurrent.CompletableFuture$Completion.run(CompletableFuture.java:526)
	at java.base/java.util.concurrent.ThreadPoolExecutor.runWorker(ThreadPoolExecutor.java:1144)
	at java.base/java.util.concurrent.ThreadPoolExecutor$Worker.run(ThreadPoolExecutor.java:642)
	at java.base/java.lang.Thread.run(Thread.java:1575)
Caused by: java.io.IOException: 파이프가 닫히는 중입니다
	at java.base/java.io.FileOutputStream.writeBytes(Native Method)
	at java.base/java.io.FileOutputStream.write(FileOutputStream.java:400)
	at java.base/java.lang.Process$PipeOutputStream.write(Process.java:907)
	at java.base/java.io.BufferedOutputStream.flushBuffer(BufferedOutputStream.java:125)
	at java.base/java.io.BufferedOutputStream.implWrite(BufferedOutputStream.java:222)
	at java.base/java.io.BufferedOutputStream.write(BufferedOutputStream.java:200)
	at java.base/java.io.FilterOutputStream.write(FilterOutputStream.java:110)
	at org.eclipse.lsp4j.jsonrpc.json.StreamMessageConsumer.consume(StreamMessageConsumer.java:67)
	... 12 more

!ENTRY org.eclipse.jface.text 4 0 2025-09-16 14:54:47.261
!MESSAGE org.eclipse.lsp4j.jsonrpc.JsonRpcException: java.io.IOException: 파이프가 닫히는 중입니다
!STACK 0
java.util.concurrent.CompletionException: org.eclipse.lsp4j.jsonrpc.JsonRpcException: java.io.IOException: 파이프가 닫히는 중입니다
	at java.base/java.util.concurrent.CompletableFuture.wrapInCompletionException(CompletableFuture.java:323)
	at java.base/java.util.concurrent.CompletableFuture.encodeThrowable(CompletableFuture.java:376)
	at java.base/java.util.concurrent.CompletableFuture.uniApplyNow(CompletableFuture.java:718)
	at java.base/java.util.concurrent.CompletableFuture.uniApplyStage(CompletableFuture.java:706)
	at java.base/java.util.concurrent.CompletableFuture.thenApply(CompletableFuture.java:2244)
	at org.eclipse.lsp4e.operations.codelens.CodeLensProvider.lambda$1(CodeLensProvider.java:41)
	at org.eclipse.lsp4e.LanguageServers.lambda$24(LanguageServers.java:445)
	at org.eclipse.lsp4e.LanguageServerWrapper.lambda$17(LanguageServerWrapper.java:976)
	at java.base/java.util.concurrent.CompletableFuture$UniCompose.tryFire(CompletableFuture.java:1194)
	at java.base/java.util.concurrent.CompletableFuture$Completion.run(CompletableFuture.java:526)
	at java.base/java.util.concurrent.ThreadPoolExecutor.runWorker(ThreadPoolExecutor.java:1144)
	at java.base/java.util.concurrent.ThreadPoolExecutor$Worker.run(ThreadPoolExecutor.java:642)
	at java.base/java.lang.Thread.run(Thread.java:1575)
Caused by: org.eclipse.lsp4j.jsonrpc.JsonRpcException: java.io.IOException: 파이프가 닫히는 중입니다
	at org.eclipse.lsp4j.jsonrpc.json.StreamMessageConsumer.consume(StreamMessageConsumer.java:72)
	at org.eclipse.lsp4e.LanguageServerWrapper.lambda$3(LanguageServerWrapper.java:413)
	at org.eclipse.lsp4j.jsonrpc.RemoteEndpoint.request(RemoteEndpoint.java:171)
	at org.eclipse.lsp4j.jsonrpc.services.EndpointProxy.invoke(EndpointProxy.java:91)
	at jdk.proxy15/jdk.proxy15.$Proxy38.codeLens(Unknown Source)
	at org.eclipse.lsp4e.operations.codelens.CodeLensProvider.lambda$1(CodeLensProvider.java:40)
	... 7 more
Caused by: java.io.IOException: 파이프가 닫히는 중입니다
	at java.base/java.io.FileOutputStream.writeBytes(Native Method)
	at java.base/java.io.FileOutputStream.write(FileOutputStream.java:400)
	at java.base/java.lang.Process$PipeOutputStream.write(Process.java:907)
	at java.base/java.io.BufferedOutputStream.flushBuffer(BufferedOutputStream.java:125)
	at java.base/java.io.BufferedOutputStream.implWrite(BufferedOutputStream.java:222)
	at java.base/java.io.BufferedOutputStream.write(BufferedOutputStream.java:200)
	at java.base/java.io.FilterOutputStream.write(FilterOutputStream.java:110)
	at org.eclipse.lsp4j.jsonrpc.json.StreamMessageConsumer.consume(StreamMessageConsumer.java:67)
	... 12 more

!ENTRY org.eclipse.lsp4e 4 0 2025-09-16 14:54:47.261
!MESSAGE java.io.IOException: 파이프가 닫히는 중입니다
!STACK 0
org.eclipse.lsp4j.jsonrpc.JsonRpcException: java.io.IOException: 파이프가 닫히는 중입니다
	at org.eclipse.lsp4j.jsonrpc.json.StreamMessageConsumer.consume(StreamMessageConsumer.java:72)
	at org.eclipse.lsp4e.LanguageServerWrapper.lambda$3(LanguageServerWrapper.java:413)
	at org.eclipse.lsp4j.jsonrpc.RemoteEndpoint.request(RemoteEndpoint.java:171)
	at org.eclipse.lsp4j.jsonrpc.services.EndpointProxy.invoke(EndpointProxy.java:91)
	at jdk.proxy15/jdk.proxy15.$Proxy38.inlayHint(Unknown Source)
	at org.eclipse.lsp4e.operations.inlayhint.InlayHintProvider.lambda$1(InlayHintProvider.java:55)
	at org.eclipse.lsp4e.LanguageServers.lambda$24(LanguageServers.java:445)
	at org.eclipse.lsp4e.LanguageServerWrapper.lambda$17(LanguageServerWrapper.java:976)
	at java.base/java.util.concurrent.CompletableFuture$UniCompose.tryFire(CompletableFuture.java:1194)
	at java.base/java.util.concurrent.CompletableFuture$Completion.run(CompletableFuture.java:526)
	at java.base/java.util.concurrent.ThreadPoolExecutor.runWorker(ThreadPoolExecutor.java:1144)
	at java.base/java.util.concurrent.ThreadPoolExecutor$Worker.run(ThreadPoolExecutor.java:642)
	at java.base/java.lang.Thread.run(Thread.java:1575)
Caused by: java.io.IOException: 파이프가 닫히는 중입니다
	at java.base/java.io.FileOutputStream.writeBytes(Native Method)
	at java.base/java.io.FileOutputStream.write(FileOutputStream.java:400)
	at java.base/java.lang.Process$PipeOutputStream.write(Process.java:907)
	at java.base/java.io.BufferedOutputStream.flushBuffer(BufferedOutputStream.java:125)
	at java.base/java.io.BufferedOutputStream.implWrite(BufferedOutputStream.java:222)
	at java.base/java.io.BufferedOutputStream.write(BufferedOutputStream.java:200)
	at java.base/java.io.FilterOutputStream.write(FilterOutputStream.java:110)
	at org.eclipse.lsp4j.jsonrpc.json.StreamMessageConsumer.consume(StreamMessageConsumer.java:67)
	... 12 more

!ENTRY org.eclipse.jface.text 4 0 2025-09-16 14:54:47.261
!MESSAGE org.eclipse.lsp4j.jsonrpc.JsonRpcException: java.io.IOException: 파이프가 닫히는 중입니다
!STACK 0
java.util.concurrent.CompletionException: org.eclipse.lsp4j.jsonrpc.JsonRpcException: java.io.IOException: 파이프가 닫히는 중입니다
	at java.base/java.util.concurrent.CompletableFuture.wrapInCompletionException(CompletableFuture.java:323)
	at java.base/java.util.concurrent.CompletableFuture.encodeThrowable(CompletableFuture.java:376)
	at java.base/java.util.concurrent.CompletableFuture.uniApplyNow(CompletableFuture.java:718)
	at java.base/java.util.concurrent.CompletableFuture.uniApplyStage(CompletableFuture.java:706)
	at java.base/java.util.concurrent.CompletableFuture.thenApply(CompletableFuture.java:2244)
	at org.eclipse.lsp4e.operations.codelens.CodeLensProvider.lambda$1(CodeLensProvider.java:41)
	at org.eclipse.lsp4e.LanguageServers.lambda$24(LanguageServers.java:445)
	at org.eclipse.lsp4e.LanguageServerWrapper.lambda$17(LanguageServerWrapper.java:976)
	at java.base/java.util.concurrent.CompletableFuture$UniCompose.tryFire(CompletableFuture.java:1194)
	at java.base/java.util.concurrent.CompletableFuture$Completion.run(CompletableFuture.java:526)
	at java.base/java.util.concurrent.ThreadPoolExecutor.runWorker(ThreadPoolExecutor.java:1144)
	at java.base/java.util.concurrent.ThreadPoolExecutor$Worker.run(ThreadPoolExecutor.java:642)
	at java.base/java.lang.Thread.run(Thread.java:1575)
Caused by: org.eclipse.lsp4j.jsonrpc.JsonRpcException: java.io.IOException: 파이프가 닫히는 중입니다
	at org.eclipse.lsp4j.jsonrpc.json.StreamMessageConsumer.consume(StreamMessageConsumer.java:72)
	at org.eclipse.lsp4e.LanguageServerWrapper.lambda$3(LanguageServerWrapper.java:413)
	at org.eclipse.lsp4j.jsonrpc.RemoteEndpoint.request(RemoteEndpoint.java:171)
	at org.eclipse.lsp4j.jsonrpc.services.EndpointProxy.invoke(EndpointProxy.java:91)
	at jdk.proxy15/jdk.proxy15.$Proxy38.codeLens(Unknown Source)
	at org.eclipse.lsp4e.operations.codelens.CodeLensProvider.lambda$1(CodeLensProvider.java:40)
	... 7 more
Caused by: java.io.IOException: 파이프가 닫히는 중입니다
	at java.base/java.io.FileOutputStream.writeBytes(Native Method)
	at java.base/java.io.FileOutputStream.write(FileOutputStream.java:400)
	at java.base/java.lang.Process$PipeOutputStream.write(Process.java:907)
	at java.base/java.io.BufferedOutputStream.flushBuffer(BufferedOutputStream.java:125)
	at java.base/java.io.BufferedOutputStream.implWrite(BufferedOutputStream.java:222)
	at java.base/java.io.BufferedOutputStream.write(BufferedOutputStream.java:200)
	at java.base/java.io.FilterOutputStream.write(FilterOutputStream.java:110)
	at org.eclipse.lsp4j.jsonrpc.json.StreamMessageConsumer.consume(StreamMessageConsumer.java:67)
	... 12 more

!ENTRY org.eclipse.lsp4e 4 0 2025-09-16 14:54:47.261
!MESSAGE java.io.IOException: 파이프가 닫히는 중입니다
!STACK 0
org.eclipse.lsp4j.jsonrpc.JsonRpcException: java.io.IOException: 파이프가 닫히는 중입니다
	at org.eclipse.lsp4j.jsonrpc.json.StreamMessageConsumer.consume(StreamMessageConsumer.java:72)
	at org.eclipse.lsp4e.LanguageServerWrapper.lambda$3(LanguageServerWrapper.java:413)
	at org.eclipse.lsp4j.jsonrpc.RemoteEndpoint.request(RemoteEndpoint.java:171)
	at org.eclipse.lsp4j.jsonrpc.services.EndpointProxy.invoke(EndpointProxy.java:91)
	at jdk.proxy15/jdk.proxy15.$Proxy38.inlayHint(Unknown Source)
	at org.eclipse.lsp4e.operations.inlayhint.InlayHintProvider.lambda$1(InlayHintProvider.java:55)
	at org.eclipse.lsp4e.LanguageServers.lambda$24(LanguageServers.java:445)
	at org.eclipse.lsp4e.LanguageServerWrapper.lambda$17(LanguageServerWrapper.java:976)
	at java.base/java.util.concurrent.CompletableFuture$UniCompose.tryFire(CompletableFuture.java:1194)
	at java.base/java.util.concurrent.CompletableFuture$Completion.run(CompletableFuture.java:526)
	at java.base/java.util.concurrent.ThreadPoolExecutor.runWorker(ThreadPoolExecutor.java:1144)
	at java.base/java.util.concurrent.ThreadPoolExecutor$Worker.run(ThreadPoolExecutor.java:642)
	at java.base/java.lang.Thread.run(Thread.java:1575)
Caused by: java.io.IOException: 파이프가 닫히는 중입니다
	at java.base/java.io.FileOutputStream.writeBytes(Native Method)
	at java.base/java.io.FileOutputStream.write(FileOutputStream.java:400)
	at java.base/java.lang.Process$PipeOutputStream.write(Process.java:907)
	at java.base/java.io.BufferedOutputStream.flushBuffer(BufferedOutputStream.java:125)
	at java.base/java.io.BufferedOutputStream.implWrite(BufferedOutputStream.java:222)
	at java.base/java.io.BufferedOutputStream.write(BufferedOutputStream.java:200)
	at java.base/java.io.FilterOutputStream.write(FilterOutputStream.java:110)
	at org.eclipse.lsp4j.jsonrpc.json.StreamMessageConsumer.consume(StreamMessageConsumer.java:67)
	... 12 more

!ENTRY org.eclipse.jface.text 4 0 2025-09-16 14:54:47.262
!MESSAGE org.eclipse.lsp4j.jsonrpc.JsonRpcException: java.io.IOException: 파이프가 닫히는 중입니다
!STACK 0
java.util.concurrent.CompletionException: org.eclipse.lsp4j.jsonrpc.JsonRpcException: java.io.IOException: 파이프가 닫히는 중입니다
	at java.base/java.util.concurrent.CompletableFuture.wrapInCompletionException(CompletableFuture.java:323)
	at java.base/java.util.concurrent.CompletableFuture.encodeThrowable(CompletableFuture.java:376)
	at java.base/java.util.concurrent.CompletableFuture.uniApplyNow(CompletableFuture.java:718)
	at java.base/java.util.concurrent.CompletableFuture.uniApplyStage(CompletableFuture.java:706)
	at java.base/java.util.concurrent.CompletableFuture.thenApply(CompletableFuture.java:2244)
	at org.eclipse.lsp4e.operations.codelens.CodeLensProvider.lambda$1(CodeLensProvider.java:41)
	at org.eclipse.lsp4e.LanguageServers.lambda$24(LanguageServers.java:445)
	at org.eclipse.lsp4e.LanguageServerWrapper.lambda$17(LanguageServerWrapper.java:976)
	at java.base/java.util.concurrent.CompletableFuture$UniCompose.tryFire(CompletableFuture.java:1194)
	at java.base/java.util.concurrent.CompletableFuture$Completion.run(CompletableFuture.java:526)
	at java.base/java.util.concurrent.ThreadPoolExecutor.runWorker(ThreadPoolExecutor.java:1144)
	at java.base/java.util.concurrent.ThreadPoolExecutor$Worker.run(ThreadPoolExecutor.java:642)
	at java.base/java.lang.Thread.run(Thread.java:1575)
Caused by: org.eclipse.lsp4j.jsonrpc.JsonRpcException: java.io.IOException: 파이프가 닫히는 중입니다
	at org.eclipse.lsp4j.jsonrpc.json.StreamMessageConsumer.consume(StreamMessageConsumer.java:72)
	at org.eclipse.lsp4e.LanguageServerWrapper.lambda$3(LanguageServerWrapper.java:413)
	at org.eclipse.lsp4j.jsonrpc.RemoteEndpoint.request(RemoteEndpoint.java:171)
	at org.eclipse.lsp4j.jsonrpc.services.EndpointProxy.invoke(EndpointProxy.java:91)
	at jdk.proxy15/jdk.proxy15.$Proxy38.codeLens(Unknown Source)
	at org.eclipse.lsp4e.operations.codelens.CodeLensProvider.lambda$1(CodeLensProvider.java:40)
	... 7 more
Caused by: java.io.IOException: 파이프가 닫히는 중입니다
	at java.base/java.io.FileOutputStream.writeBytes(Native Method)
	at java.base/java.io.FileOutputStream.write(FileOutputStream.java:400)
	at java.base/java.lang.Process$PipeOutputStream.write(Process.java:907)
	at java.base/java.io.BufferedOutputStream.flushBuffer(BufferedOutputStream.java:125)
	at java.base/java.io.BufferedOutputStream.implWrite(BufferedOutputStream.java:222)
	at java.base/java.io.BufferedOutputStream.write(BufferedOutputStream.java:200)
	at java.base/java.io.FilterOutputStream.write(FilterOutputStream.java:110)
	at org.eclipse.lsp4j.jsonrpc.json.StreamMessageConsumer.consume(StreamMessageConsumer.java:67)
	... 12 more

!ENTRY org.eclipse.lsp4e 4 0 2025-09-16 14:54:47.262
!MESSAGE java.io.IOException: 파이프가 닫히는 중입니다
!STACK 0
org.eclipse.lsp4j.jsonrpc.JsonRpcException: java.io.IOException: 파이프가 닫히는 중입니다
	at org.eclipse.lsp4j.jsonrpc.json.StreamMessageConsumer.consume(StreamMessageConsumer.java:72)
	at org.eclipse.lsp4e.LanguageServerWrapper.lambda$3(LanguageServerWrapper.java:413)
	at org.eclipse.lsp4j.jsonrpc.RemoteEndpoint.request(RemoteEndpoint.java:171)
	at org.eclipse.lsp4j.jsonrpc.services.EndpointProxy.invoke(EndpointProxy.java:91)
	at jdk.proxy15/jdk.proxy15.$Proxy38.inlayHint(Unknown Source)
	at org.eclipse.lsp4e.operations.inlayhint.InlayHintProvider.lambda$1(InlayHintProvider.java:55)
	at org.eclipse.lsp4e.LanguageServers.lambda$24(LanguageServers.java:445)
	at org.eclipse.lsp4e.LanguageServerWrapper.lambda$17(LanguageServerWrapper.java:976)
	at java.base/java.util.concurrent.CompletableFuture$UniCompose.tryFire(CompletableFuture.java:1194)
	at java.base/java.util.concurrent.CompletableFuture$Completion.run(CompletableFuture.java:526)
	at java.base/java.util.concurrent.ThreadPoolExecutor.runWorker(ThreadPoolExecutor.java:1144)
	at java.base/java.util.concurrent.ThreadPoolExecutor$Worker.run(ThreadPoolExecutor.java:642)
	at java.base/java.lang.Thread.run(Thread.java:1575)
Caused by: java.io.IOException: 파이프가 닫히는 중입니다
	at java.base/java.io.FileOutputStream.writeBytes(Native Method)
	at java.base/java.io.FileOutputStream.write(FileOutputStream.java:400)
	at java.base/java.lang.Process$PipeOutputStream.write(Process.java:907)
	at java.base/java.io.BufferedOutputStream.flushBuffer(BufferedOutputStream.java:125)
	at java.base/java.io.BufferedOutputStream.implWrite(BufferedOutputStream.java:222)
	at java.base/java.io.BufferedOutputStream.write(BufferedOutputStream.java:200)
	at java.base/java.io.FilterOutputStream.write(FilterOutputStream.java:110)
	at org.eclipse.lsp4j.jsonrpc.json.StreamMessageConsumer.consume(StreamMessageConsumer.java:67)
	... 12 more

!ENTRY org.eclipse.jface.text 4 0 2025-09-16 14:54:47.262
!MESSAGE org.eclipse.lsp4j.jsonrpc.JsonRpcException: java.io.IOException: 파이프가 닫히는 중입니다
!STACK 0
java.util.concurrent.CompletionException: org.eclipse.lsp4j.jsonrpc.JsonRpcException: java.io.IOException: 파이프가 닫히는 중입니다
	at java.base/java.util.concurrent.CompletableFuture.wrapInCompletionException(CompletableFuture.java:323)
	at java.base/java.util.concurrent.CompletableFuture.encodeThrowable(CompletableFuture.java:376)
	at java.base/java.util.concurrent.CompletableFuture.uniApplyNow(CompletableFuture.java:718)
	at java.base/java.util.concurrent.CompletableFuture.uniApplyStage(CompletableFuture.java:706)
	at java.base/java.util.concurrent.CompletableFuture.thenApply(CompletableFuture.java:2244)
	at org.eclipse.lsp4e.operations.codelens.CodeLensProvider.lambda$1(CodeLensProvider.java:41)
	at org.eclipse.lsp4e.LanguageServers.lambda$24(LanguageServers.java:445)
	at org.eclipse.lsp4e.LanguageServerWrapper.lambda$17(LanguageServerWrapper.java:976)
	at java.base/java.util.concurrent.CompletableFuture$UniCompose.tryFire(CompletableFuture.java:1194)
	at java.base/java.util.concurrent.CompletableFuture$Completion.run(CompletableFuture.java:526)
	at java.base/java.util.concurrent.ThreadPoolExecutor.runWorker(ThreadPoolExecutor.java:1144)
	at java.base/java.util.concurrent.ThreadPoolExecutor$Worker.run(ThreadPoolExecutor.java:642)
	at java.base/java.lang.Thread.run(Thread.java:1575)
Caused by: org.eclipse.lsp4j.jsonrpc.JsonRpcException: java.io.IOException: 파이프가 닫히는 중입니다
	at org.eclipse.lsp4j.jsonrpc.json.StreamMessageConsumer.consume(StreamMessageConsumer.java:72)
	at org.eclipse.lsp4e.LanguageServerWrapper.lambda$3(LanguageServerWrapper.java:413)
	at org.eclipse.lsp4j.jsonrpc.RemoteEndpoint.request(RemoteEndpoint.java:171)
	at org.eclipse.lsp4j.jsonrpc.services.EndpointProxy.invoke(EndpointProxy.java:91)
	at jdk.proxy15/jdk.proxy15.$Proxy38.codeLens(Unknown Source)
	at org.eclipse.lsp4e.operations.codelens.CodeLensProvider.lambda$1(CodeLensProvider.java:40)
	... 7 more
Caused by: java.io.IOException: 파이프가 닫히는 중입니다
	at java.base/java.io.FileOutputStream.writeBytes(Native Method)
	at java.base/java.io.FileOutputStream.write(FileOutputStream.java:400)
	at java.base/java.lang.Process$PipeOutputStream.write(Process.java:907)
	at java.base/java.io.BufferedOutputStream.flushBuffer(BufferedOutputStream.java:125)
	at java.base/java.io.BufferedOutputStream.implWrite(BufferedOutputStream.java:222)
	at java.base/java.io.BufferedOutputStream.write(BufferedOutputStream.java:200)
	at java.base/java.io.FilterOutputStream.write(FilterOutputStream.java:110)
	at org.eclipse.lsp4j.jsonrpc.json.StreamMessageConsumer.consume(StreamMessageConsumer.java:67)
	... 12 more

!ENTRY org.eclipse.lsp4e 4 0 2025-09-16 14:54:47.263
!MESSAGE java.io.IOException: 파이프가 닫히는 중입니다
!STACK 0
org.eclipse.lsp4j.jsonrpc.JsonRpcException: java.io.IOException: 파이프가 닫히는 중입니다
	at org.eclipse.lsp4j.jsonrpc.json.StreamMessageConsumer.consume(StreamMessageConsumer.java:72)
	at org.eclipse.lsp4e.LanguageServerWrapper.lambda$3(LanguageServerWrapper.java:413)
	at org.eclipse.lsp4j.jsonrpc.RemoteEndpoint.request(RemoteEndpoint.java:171)
	at org.eclipse.lsp4j.jsonrpc.services.EndpointProxy.invoke(EndpointProxy.java:91)
	at jdk.proxy15/jdk.proxy15.$Proxy38.inlayHint(Unknown Source)
	at org.eclipse.lsp4e.operations.inlayhint.InlayHintProvider.lambda$1(InlayHintProvider.java:55)
	at org.eclipse.lsp4e.LanguageServers.lambda$24(LanguageServers.java:445)
	at org.eclipse.lsp4e.LanguageServerWrapper.lambda$17(LanguageServerWrapper.java:976)
	at java.base/java.util.concurrent.CompletableFuture$UniCompose.tryFire(CompletableFuture.java:1194)
	at java.base/java.util.concurrent.CompletableFuture$Completion.run(CompletableFuture.java:526)
	at java.base/java.util.concurrent.ThreadPoolExecutor.runWorker(ThreadPoolExecutor.java:1144)
	at java.base/java.util.concurrent.ThreadPoolExecutor$Worker.run(ThreadPoolExecutor.java:642)
	at java.base/java.lang.Thread.run(Thread.java:1575)
Caused by: java.io.IOException: 파이프가 닫히는 중입니다
	at java.base/java.io.FileOutputStream.writeBytes(Native Method)
	at java.base/java.io.FileOutputStream.write(FileOutputStream.java:400)
	at java.base/java.lang.Process$PipeOutputStream.write(Process.java:907)
	at java.base/java.io.BufferedOutputStream.flushBuffer(BufferedOutputStream.java:125)
	at java.base/java.io.BufferedOutputStream.implWrite(BufferedOutputStream.java:222)
	at java.base/java.io.BufferedOutputStream.write(BufferedOutputStream.java:200)
	at java.base/java.io.FilterOutputStream.write(FilterOutputStream.java:110)
	at org.eclipse.lsp4j.jsonrpc.json.StreamMessageConsumer.consume(StreamMessageConsumer.java:67)
	... 12 more

!ENTRY org.eclipse.jface.text 4 0 2025-09-16 14:54:47.263
!MESSAGE org.eclipse.lsp4j.jsonrpc.JsonRpcException: java.io.IOException: 파이프가 닫히는 중입니다
!STACK 0
java.util.concurrent.CompletionException: org.eclipse.lsp4j.jsonrpc.JsonRpcException: java.io.IOException: 파이프가 닫히는 중입니다
	at java.base/java.util.concurrent.CompletableFuture.wrapInCompletionException(CompletableFuture.java:323)
	at java.base/java.util.concurrent.CompletableFuture.encodeThrowable(CompletableFuture.java:376)
	at java.base/java.util.concurrent.CompletableFuture.uniApplyNow(CompletableFuture.java:718)
	at java.base/java.util.concurrent.CompletableFuture.uniApplyStage(CompletableFuture.java:706)
	at java.base/java.util.concurrent.CompletableFuture.thenApply(CompletableFuture.java:2244)
	at org.eclipse.lsp4e.operations.codelens.CodeLensProvider.lambda$1(CodeLensProvider.java:41)
	at org.eclipse.lsp4e.LanguageServers.lambda$24(LanguageServers.java:445)
	at org.eclipse.lsp4e.LanguageServerWrapper.lambda$17(LanguageServerWrapper.java:976)
	at java.base/java.util.concurrent.CompletableFuture$UniCompose.tryFire(CompletableFuture.java:1194)
	at java.base/java.util.concurrent.CompletableFuture$Completion.run(CompletableFuture.java:526)
	at java.base/java.util.concurrent.ThreadPoolExecutor.runWorker(ThreadPoolExecutor.java:1144)
	at java.base/java.util.concurrent.ThreadPoolExecutor$Worker.run(ThreadPoolExecutor.java:642)
	at java.base/java.lang.Thread.run(Thread.java:1575)
Caused by: org.eclipse.lsp4j.jsonrpc.JsonRpcException: java.io.IOException: 파이프가 닫히는 중입니다
	at org.eclipse.lsp4j.jsonrpc.json.StreamMessageConsumer.consume(StreamMessageConsumer.java:72)
	at org.eclipse.lsp4e.LanguageServerWrapper.lambda$3(LanguageServerWrapper.java:413)
	at org.eclipse.lsp4j.jsonrpc.RemoteEndpoint.request(RemoteEndpoint.java:171)
	at org.eclipse.lsp4j.jsonrpc.services.EndpointProxy.invoke(EndpointProxy.java:91)
	at jdk.proxy15/jdk.proxy15.$Proxy38.codeLens(Unknown Source)
	at org.eclipse.lsp4e.operations.codelens.CodeLensProvider.lambda$1(CodeLensProvider.java:40)
	... 7 more
Caused by: java.io.IOException: 파이프가 닫히는 중입니다
	at java.base/java.io.FileOutputStream.writeBytes(Native Method)
	at java.base/java.io.FileOutputStream.write(FileOutputStream.java:400)
	at java.base/java.lang.Process$PipeOutputStream.write(Process.java:907)
	at java.base/java.io.BufferedOutputStream.flushBuffer(BufferedOutputStream.java:125)
	at java.base/java.io.BufferedOutputStream.implWrite(BufferedOutputStream.java:222)
	at java.base/java.io.BufferedOutputStream.write(BufferedOutputStream.java:200)
	at java.base/java.io.FilterOutputStream.write(FilterOutputStream.java:110)
	at org.eclipse.lsp4j.jsonrpc.json.StreamMessageConsumer.consume(StreamMessageConsumer.java:67)
	... 12 more

!ENTRY org.eclipse.lsp4e 4 0 2025-09-16 14:54:47.263
!MESSAGE java.io.IOException: 파이프가 닫히는 중입니다
!STACK 0
org.eclipse.lsp4j.jsonrpc.JsonRpcException: java.io.IOException: 파이프가 닫히는 중입니다
	at org.eclipse.lsp4j.jsonrpc.json.StreamMessageConsumer.consume(StreamMessageConsumer.java:72)
	at org.eclipse.lsp4e.LanguageServerWrapper.lambda$3(LanguageServerWrapper.java:413)
	at org.eclipse.lsp4j.jsonrpc.RemoteEndpoint.request(RemoteEndpoint.java:171)
	at org.eclipse.lsp4j.jsonrpc.services.EndpointProxy.invoke(EndpointProxy.java:91)
	at jdk.proxy15/jdk.proxy15.$Proxy38.inlayHint(Unknown Source)
	at org.eclipse.lsp4e.operations.inlayhint.InlayHintProvider.lambda$1(InlayHintProvider.java:55)
	at org.eclipse.lsp4e.LanguageServers.lambda$24(LanguageServers.java:445)
	at org.eclipse.lsp4e.LanguageServerWrapper.lambda$17(LanguageServerWrapper.java:976)
	at java.base/java.util.concurrent.CompletableFuture$UniCompose.tryFire(CompletableFuture.java:1194)
	at java.base/java.util.concurrent.CompletableFuture$Completion.run(CompletableFuture.java:526)
	at java.base/java.util.concurrent.ThreadPoolExecutor.runWorker(ThreadPoolExecutor.java:1144)
	at java.base/java.util.concurrent.ThreadPoolExecutor$Worker.run(ThreadPoolExecutor.java:642)
	at java.base/java.lang.Thread.run(Thread.java:1575)
Caused by: java.io.IOException: 파이프가 닫히는 중입니다
	at java.base/java.io.FileOutputStream.writeBytes(Native Method)
	at java.base/java.io.FileOutputStream.write(FileOutputStream.java:400)
	at java.base/java.lang.Process$PipeOutputStream.write(Process.java:907)
	at java.base/java.io.BufferedOutputStream.flushBuffer(BufferedOutputStream.java:125)
	at java.base/java.io.BufferedOutputStream.implWrite(BufferedOutputStream.java:222)
	at java.base/java.io.BufferedOutputStream.write(BufferedOutputStream.java:200)
	at java.base/java.io.FilterOutputStream.write(FilterOutputStream.java:110)
	at org.eclipse.lsp4j.jsonrpc.json.StreamMessageConsumer.consume(StreamMessageConsumer.java:67)
	... 12 more

!ENTRY org.eclipse.jface.text 4 0 2025-09-16 14:54:47.264
!MESSAGE org.eclipse.lsp4j.jsonrpc.JsonRpcException: java.io.IOException: 파이프가 닫히는 중입니다
!STACK 0
java.util.concurrent.CompletionException: org.eclipse.lsp4j.jsonrpc.JsonRpcException: java.io.IOException: 파이프가 닫히는 중입니다
	at java.base/java.util.concurrent.CompletableFuture.wrapInCompletionException(CompletableFuture.java:323)
	at java.base/java.util.concurrent.CompletableFuture.encodeThrowable(CompletableFuture.java:376)
	at java.base/java.util.concurrent.CompletableFuture.uniApplyNow(CompletableFuture.java:718)
	at java.base/java.util.concurrent.CompletableFuture.uniApplyStage(CompletableFuture.java:706)
	at java.base/java.util.concurrent.CompletableFuture.thenApply(CompletableFuture.java:2244)
	at org.eclipse.lsp4e.operations.codelens.CodeLensProvider.lambda$1(CodeLensProvider.java:41)
	at org.eclipse.lsp4e.LanguageServers.lambda$24(LanguageServers.java:445)
	at org.eclipse.lsp4e.LanguageServerWrapper.lambda$17(LanguageServerWrapper.java:976)
	at java.base/java.util.concurrent.CompletableFuture$UniCompose.tryFire(CompletableFuture.java:1194)
	at java.base/java.util.concurrent.CompletableFuture$Completion.run(CompletableFuture.java:526)
	at java.base/java.util.concurrent.ThreadPoolExecutor.runWorker(ThreadPoolExecutor.java:1144)
	at java.base/java.util.concurrent.ThreadPoolExecutor$Worker.run(ThreadPoolExecutor.java:642)
	at java.base/java.lang.Thread.run(Thread.java:1575)
Caused by: org.eclipse.lsp4j.jsonrpc.JsonRpcException: java.io.IOException: 파이프가 닫히는 중입니다
	at org.eclipse.lsp4j.jsonrpc.json.StreamMessageConsumer.consume(StreamMessageConsumer.java:72)
	at org.eclipse.lsp4e.LanguageServerWrapper.lambda$3(LanguageServerWrapper.java:413)
	at org.eclipse.lsp4j.jsonrpc.RemoteEndpoint.request(RemoteEndpoint.java:171)
	at org.eclipse.lsp4j.jsonrpc.services.EndpointProxy.invoke(EndpointProxy.java:91)
	at jdk.proxy15/jdk.proxy15.$Proxy38.codeLens(Unknown Source)
	at org.eclipse.lsp4e.operations.codelens.CodeLensProvider.lambda$1(CodeLensProvider.java:40)
	... 7 more
Caused by: java.io.IOException: 파이프가 닫히는 중입니다
	at java.base/java.io.FileOutputStream.writeBytes(Native Method)
	at java.base/java.io.FileOutputStream.write(FileOutputStream.java:400)
	at java.base/java.lang.Process$PipeOutputStream.write(Process.java:907)
	at java.base/java.io.BufferedOutputStream.flushBuffer(BufferedOutputStream.java:125)
	at java.base/java.io.BufferedOutputStream.implWrite(BufferedOutputStream.java:222)
	at java.base/java.io.BufferedOutputStream.write(BufferedOutputStream.java:200)
	at java.base/java.io.FilterOutputStream.write(FilterOutputStream.java:110)
	at org.eclipse.lsp4j.jsonrpc.json.StreamMessageConsumer.consume(StreamMessageConsumer.java:67)
	... 12 more

!ENTRY org.eclipse.lsp4e 4 0 2025-09-16 14:54:47.264
!MESSAGE java.io.IOException: 파이프가 닫히는 중입니다
!STACK 0
org.eclipse.lsp4j.jsonrpc.JsonRpcException: java.io.IOException: 파이프가 닫히는 중입니다
	at org.eclipse.lsp4j.jsonrpc.json.StreamMessageConsumer.consume(StreamMessageConsumer.java:72)
	at org.eclipse.lsp4e.LanguageServerWrapper.lambda$3(LanguageServerWrapper.java:413)
	at org.eclipse.lsp4j.jsonrpc.RemoteEndpoint.request(RemoteEndpoint.java:171)
	at org.eclipse.lsp4j.jsonrpc.services.EndpointProxy.invoke(EndpointProxy.java:91)
	at jdk.proxy15/jdk.proxy15.$Proxy38.inlayHint(Unknown Source)
	at org.eclipse.lsp4e.operations.inlayhint.InlayHintProvider.lambda$1(InlayHintProvider.java:55)
	at org.eclipse.lsp4e.LanguageServers.lambda$24(LanguageServers.java:445)
	at org.eclipse.lsp4e.LanguageServerWrapper.lambda$17(LanguageServerWrapper.java:976)
	at java.base/java.util.concurrent.CompletableFuture$UniCompose.tryFire(CompletableFuture.java:1194)
	at java.base/java.util.concurrent.CompletableFuture$Completion.run(CompletableFuture.java:526)
	at java.base/java.util.concurrent.ThreadPoolExecutor.runWorker(ThreadPoolExecutor.java:1144)
	at java.base/java.util.concurrent.ThreadPoolExecutor$Worker.run(ThreadPoolExecutor.java:642)
	at java.base/java.lang.Thread.run(Thread.java:1575)
Caused by: java.io.IOException: 파이프가 닫히는 중입니다
	at java.base/java.io.FileOutputStream.writeBytes(Native Method)
	at java.base/java.io.FileOutputStream.write(FileOutputStream.java:400)
	at java.base/java.lang.Process$PipeOutputStream.write(Process.java:907)
	at java.base/java.io.BufferedOutputStream.flushBuffer(BufferedOutputStream.java:125)
	at java.base/java.io.BufferedOutputStream.implWrite(BufferedOutputStream.java:222)
	at java.base/java.io.BufferedOutputStream.write(BufferedOutputStream.java:200)
	at java.base/java.io.FilterOutputStream.write(FilterOutputStream.java:110)
	at org.eclipse.lsp4j.jsonrpc.json.StreamMessageConsumer.consume(StreamMessageConsumer.java:67)
	... 12 more

!ENTRY org.eclipse.jface.text 4 0 2025-09-16 14:54:47.264
!MESSAGE org.eclipse.lsp4j.jsonrpc.JsonRpcException: java.io.IOException: 파이프가 닫히는 중입니다
!STACK 0
java.util.concurrent.CompletionException: org.eclipse.lsp4j.jsonrpc.JsonRpcException: java.io.IOException: 파이프가 닫히는 중입니다
	at java.base/java.util.concurrent.CompletableFuture.wrapInCompletionException(CompletableFuture.java:323)
	at java.base/java.util.concurrent.CompletableFuture.encodeThrowable(CompletableFuture.java:376)
	at java.base/java.util.concurrent.CompletableFuture.uniApplyNow(CompletableFuture.java:718)
	at java.base/java.util.concurrent.CompletableFuture.uniApplyStage(CompletableFuture.java:706)
	at java.base/java.util.concurrent.CompletableFuture.thenApply(CompletableFuture.java:2244)
	at org.eclipse.lsp4e.operations.codelens.CodeLensProvider.lambda$1(CodeLensProvider.java:41)
	at org.eclipse.lsp4e.LanguageServers.lambda$24(LanguageServers.java:445)
	at org.eclipse.lsp4e.LanguageServerWrapper.lambda$17(LanguageServerWrapper.java:976)
	at java.base/java.util.concurrent.CompletableFuture$UniCompose.tryFire(CompletableFuture.java:1194)
	at java.base/java.util.concurrent.CompletableFuture$Completion.run(CompletableFuture.java:526)
	at java.base/java.util.concurrent.ThreadPoolExecutor.runWorker(ThreadPoolExecutor.java:1144)
	at java.base/java.util.concurrent.ThreadPoolExecutor$Worker.run(ThreadPoolExecutor.java:642)
	at java.base/java.lang.Thread.run(Thread.java:1575)
Caused by: org.eclipse.lsp4j.jsonrpc.JsonRpcException: java.io.IOException: 파이프가 닫히는 중입니다
	at org.eclipse.lsp4j.jsonrpc.json.StreamMessageConsumer.consume(StreamMessageConsumer.java:72)
	at org.eclipse.lsp4e.LanguageServerWrapper.lambda$3(LanguageServerWrapper.java:413)
	at org.eclipse.lsp4j.jsonrpc.RemoteEndpoint.request(RemoteEndpoint.java:171)
	at org.eclipse.lsp4j.jsonrpc.services.EndpointProxy.invoke(EndpointProxy.java:91)
	at jdk.proxy15/jdk.proxy15.$Proxy38.codeLens(Unknown Source)
	at org.eclipse.lsp4e.operations.codelens.CodeLensProvider.lambda$1(CodeLensProvider.java:40)
	... 7 more
Caused by: java.io.IOException: 파이프가 닫히는 중입니다
	at java.base/java.io.FileOutputStream.writeBytes(Native Method)
	at java.base/java.io.FileOutputStream.write(FileOutputStream.java:400)
	at java.base/java.lang.Process$PipeOutputStream.write(Process.java:907)
	at java.base/java.io.BufferedOutputStream.flushBuffer(BufferedOutputStream.java:125)
	at java.base/java.io.BufferedOutputStream.implWrite(BufferedOutputStream.java:222)
	at java.base/java.io.BufferedOutputStream.write(BufferedOutputStream.java:200)
	at java.base/java.io.FilterOutputStream.write(FilterOutputStream.java:110)
	at org.eclipse.lsp4j.jsonrpc.json.StreamMessageConsumer.consume(StreamMessageConsumer.java:67)
	... 12 more

!ENTRY org.eclipse.lsp4e 4 0 2025-09-16 14:54:47.264
!MESSAGE java.io.IOException: 파이프가 닫히는 중입니다
!STACK 0
org.eclipse.lsp4j.jsonrpc.JsonRpcException: java.io.IOException: 파이프가 닫히는 중입니다
	at org.eclipse.lsp4j.jsonrpc.json.StreamMessageConsumer.consume(StreamMessageConsumer.java:72)
	at org.eclipse.lsp4e.LanguageServerWrapper.lambda$3(LanguageServerWrapper.java:413)
	at org.eclipse.lsp4j.jsonrpc.RemoteEndpoint.request(RemoteEndpoint.java:171)
	at org.eclipse.lsp4j.jsonrpc.services.EndpointProxy.invoke(EndpointProxy.java:91)
	at jdk.proxy15/jdk.proxy15.$Proxy38.inlayHint(Unknown Source)
	at org.eclipse.lsp4e.operations.inlayhint.InlayHintProvider.lambda$1(InlayHintProvider.java:55)
	at org.eclipse.lsp4e.LanguageServers.lambda$24(LanguageServers.java:445)
	at org.eclipse.lsp4e.LanguageServerWrapper.lambda$17(LanguageServerWrapper.java:976)
	at java.base/java.util.concurrent.CompletableFuture$UniCompose.tryFire(CompletableFuture.java:1194)
	at java.base/java.util.concurrent.CompletableFuture$Completion.run(CompletableFuture.java:526)
	at java.base/java.util.concurrent.ThreadPoolExecutor.runWorker(ThreadPoolExecutor.java:1144)
	at java.base/java.util.concurrent.ThreadPoolExecutor$Worker.run(ThreadPoolExecutor.java:642)
	at java.base/java.lang.Thread.run(Thread.java:1575)
Caused by: java.io.IOException: 파이프가 닫히는 중입니다
	at java.base/java.io.FileOutputStream.writeBytes(Native Method)
	at java.base/java.io.FileOutputStream.write(FileOutputStream.java:400)
	at java.base/java.lang.Process$PipeOutputStream.write(Process.java:907)
	at java.base/java.io.BufferedOutputStream.flushBuffer(BufferedOutputStream.java:125)
	at java.base/java.io.BufferedOutputStream.implWrite(BufferedOutputStream.java:222)
	at java.base/java.io.BufferedOutputStream.write(BufferedOutputStream.java:200)
	at java.base/java.io.FilterOutputStream.write(FilterOutputStream.java:110)
	at org.eclipse.lsp4j.jsonrpc.json.StreamMessageConsumer.consume(StreamMessageConsumer.java:67)
	... 12 more

!ENTRY org.eclipse.jface.text 4 0 2025-09-16 14:54:47.265
!MESSAGE org.eclipse.lsp4j.jsonrpc.JsonRpcException: java.io.IOException: 파이프가 닫히는 중입니다
!STACK 0
java.util.concurrent.CompletionException: org.eclipse.lsp4j.jsonrpc.JsonRpcException: java.io.IOException: 파이프가 닫히는 중입니다
	at java.base/java.util.concurrent.CompletableFuture.wrapInCompletionException(CompletableFuture.java:323)
	at java.base/java.util.concurrent.CompletableFuture.encodeThrowable(CompletableFuture.java:376)
	at java.base/java.util.concurrent.CompletableFuture.uniApplyNow(CompletableFuture.java:718)
	at java.base/java.util.concurrent.CompletableFuture.uniApplyStage(CompletableFuture.java:706)
	at java.base/java.util.concurrent.CompletableFuture.thenApply(CompletableFuture.java:2244)
	at org.eclipse.lsp4e.operations.codelens.CodeLensProvider.lambda$1(CodeLensProvider.java:41)
	at org.eclipse.lsp4e.LanguageServers.lambda$24(LanguageServers.java:445)
	at org.eclipse.lsp4e.LanguageServerWrapper.lambda$17(LanguageServerWrapper.java:976)
	at java.base/java.util.concurrent.CompletableFuture$UniCompose.tryFire(CompletableFuture.java:1194)
	at java.base/java.util.concurrent.CompletableFuture$Completion.run(CompletableFuture.java:526)
	at java.base/java.util.concurrent.ThreadPoolExecutor.runWorker(ThreadPoolExecutor.java:1144)
	at java.base/java.util.concurrent.ThreadPoolExecutor$Worker.run(ThreadPoolExecutor.java:642)
	at java.base/java.lang.Thread.run(Thread.java:1575)
Caused by: org.eclipse.lsp4j.jsonrpc.JsonRpcException: java.io.IOException: 파이프가 닫히는 중입니다
	at org.eclipse.lsp4j.jsonrpc.json.StreamMessageConsumer.consume(StreamMessageConsumer.java:72)
	at org.eclipse.lsp4e.LanguageServerWrapper.lambda$3(LanguageServerWrapper.java:413)
	at org.eclipse.lsp4j.jsonrpc.RemoteEndpoint.request(RemoteEndpoint.java:171)
	at org.eclipse.lsp4j.jsonrpc.services.EndpointProxy.invoke(EndpointProxy.java:91)
	at jdk.proxy15/jdk.proxy15.$Proxy38.codeLens(Unknown Source)
	at org.eclipse.lsp4e.operations.codelens.CodeLensProvider.lambda$1(CodeLensProvider.java:40)
	... 7 more
Caused by: java.io.IOException: 파이프가 닫히는 중입니다
	at java.base/java.io.FileOutputStream.writeBytes(Native Method)
	at java.base/java.io.FileOutputStream.write(FileOutputStream.java:400)
	at java.base/java.lang.Process$PipeOutputStream.write(Process.java:907)
	at java.base/java.io.BufferedOutputStream.flushBuffer(BufferedOutputStream.java:125)
	at java.base/java.io.BufferedOutputStream.implWrite(BufferedOutputStream.java:222)
	at java.base/java.io.BufferedOutputStream.write(BufferedOutputStream.java:200)
	at java.base/java.io.FilterOutputStream.write(FilterOutputStream.java:110)
	at org.eclipse.lsp4j.jsonrpc.json.StreamMessageConsumer.consume(StreamMessageConsumer.java:67)
	... 12 more

!ENTRY org.eclipse.lsp4e 4 0 2025-09-16 14:54:47.265
!MESSAGE java.io.IOException: 파이프가 닫히는 중입니다
!STACK 0
org.eclipse.lsp4j.jsonrpc.JsonRpcException: java.io.IOException: 파이프가 닫히는 중입니다
	at org.eclipse.lsp4j.jsonrpc.json.StreamMessageConsumer.consume(StreamMessageConsumer.java:72)
	at org.eclipse.lsp4e.LanguageServerWrapper.lambda$3(LanguageServerWrapper.java:413)
	at org.eclipse.lsp4j.jsonrpc.RemoteEndpoint.request(RemoteEndpoint.java:171)
	at org.eclipse.lsp4j.jsonrpc.services.EndpointProxy.invoke(EndpointProxy.java:91)
	at jdk.proxy15/jdk.proxy15.$Proxy38.inlayHint(Unknown Source)
	at org.eclipse.lsp4e.operations.inlayhint.InlayHintProvider.lambda$1(InlayHintProvider.java:55)
	at org.eclipse.lsp4e.LanguageServers.lambda$24(LanguageServers.java:445)
	at org.eclipse.lsp4e.LanguageServerWrapper.lambda$17(LanguageServerWrapper.java:976)
	at java.base/java.util.concurrent.CompletableFuture$UniCompose.tryFire(CompletableFuture.java:1194)
	at java.base/java.util.concurrent.CompletableFuture$Completion.run(CompletableFuture.java:526)
	at java.base/java.util.concurrent.ThreadPoolExecutor.runWorker(ThreadPoolExecutor.java:1144)
	at java.base/java.util.concurrent.ThreadPoolExecutor$Worker.run(ThreadPoolExecutor.java:642)
	at java.base/java.lang.Thread.run(Thread.java:1575)
Caused by: java.io.IOException: 파이프가 닫히는 중입니다
	at java.base/java.io.FileOutputStream.writeBytes(Native Method)
	at java.base/java.io.FileOutputStream.write(FileOutputStream.java:400)
	at java.base/java.lang.Process$PipeOutputStream.write(Process.java:907)
	at java.base/java.io.BufferedOutputStream.flushBuffer(BufferedOutputStream.java:125)
	at java.base/java.io.BufferedOutputStream.implWrite(BufferedOutputStream.java:222)
	at java.base/java.io.BufferedOutputStream.write(BufferedOutputStream.java:200)
	at java.base/java.io.FilterOutputStream.write(FilterOutputStream.java:110)
	at org.eclipse.lsp4j.jsonrpc.json.StreamMessageConsumer.consume(StreamMessageConsumer.java:67)
	... 12 more

!ENTRY org.eclipse.jface.text 4 0 2025-09-16 14:54:47.265
!MESSAGE org.eclipse.lsp4j.jsonrpc.JsonRpcException: java.io.IOException: 파이프가 닫히는 중입니다
!STACK 0
java.util.concurrent.CompletionException: org.eclipse.lsp4j.jsonrpc.JsonRpcException: java.io.IOException: 파이프가 닫히는 중입니다
	at java.base/java.util.concurrent.CompletableFuture.wrapInCompletionException(CompletableFuture.java:323)
	at java.base/java.util.concurrent.CompletableFuture.encodeThrowable(CompletableFuture.java:376)
	at java.base/java.util.concurrent.CompletableFuture.uniApplyNow(CompletableFuture.java:718)
	at java.base/java.util.concurrent.CompletableFuture.uniApplyStage(CompletableFuture.java:706)
	at java.base/java.util.concurrent.CompletableFuture.thenApply(CompletableFuture.java:2244)
	at org.eclipse.lsp4e.operations.codelens.CodeLensProvider.lambda$1(CodeLensProvider.java:41)
	at org.eclipse.lsp4e.LanguageServers.lambda$24(LanguageServers.java:445)
	at org.eclipse.lsp4e.LanguageServerWrapper.lambda$17(LanguageServerWrapper.java:976)
	at java.base/java.util.concurrent.CompletableFuture$UniCompose.tryFire(CompletableFuture.java:1194)
	at java.base/java.util.concurrent.CompletableFuture$Completion.run(CompletableFuture.java:526)
	at java.base/java.util.concurrent.ThreadPoolExecutor.runWorker(ThreadPoolExecutor.java:1144)
	at java.base/java.util.concurrent.ThreadPoolExecutor$Worker.run(ThreadPoolExecutor.java:642)
	at java.base/java.lang.Thread.run(Thread.java:1575)
Caused by: org.eclipse.lsp4j.jsonrpc.JsonRpcException: java.io.IOException: 파이프가 닫히는 중입니다
	at org.eclipse.lsp4j.jsonrpc.json.StreamMessageConsumer.consume(StreamMessageConsumer.java:72)
	at org.eclipse.lsp4e.LanguageServerWrapper.lambda$3(LanguageServerWrapper.java:413)
	at org.eclipse.lsp4j.jsonrpc.RemoteEndpoint.request(RemoteEndpoint.java:171)
	at org.eclipse.lsp4j.jsonrpc.services.EndpointProxy.invoke(EndpointProxy.java:91)
	at jdk.proxy15/jdk.proxy15.$Proxy38.codeLens(Unknown Source)
	at org.eclipse.lsp4e.operations.codelens.CodeLensProvider.lambda$1(CodeLensProvider.java:40)
	... 7 more
Caused by: java.io.IOException: 파이프가 닫히는 중입니다
	at java.base/java.io.FileOutputStream.writeBytes(Native Method)
	at java.base/java.io.FileOutputStream.write(FileOutputStream.java:400)
	at java.base/java.lang.Process$PipeOutputStream.write(Process.java:907)
	at java.base/java.io.BufferedOutputStream.flushBuffer(BufferedOutputStream.java:125)
	at java.base/java.io.BufferedOutputStream.implWrite(BufferedOutputStream.java:222)
	at java.base/java.io.BufferedOutputStream.write(BufferedOutputStream.java:200)
	at java.base/java.io.FilterOutputStream.write(FilterOutputStream.java:110)
	at org.eclipse.lsp4j.jsonrpc.json.StreamMessageConsumer.consume(StreamMessageConsumer.java:67)
	... 12 more

!ENTRY org.eclipse.lsp4e 4 0 2025-09-16 14:54:47.265
!MESSAGE java.io.IOException: 파이프가 닫히는 중입니다
!STACK 0
org.eclipse.lsp4j.jsonrpc.JsonRpcException: java.io.IOException: 파이프가 닫히는 중입니다
	at org.eclipse.lsp4j.jsonrpc.json.StreamMessageConsumer.consume(StreamMessageConsumer.java:72)
	at org.eclipse.lsp4e.LanguageServerWrapper.lambda$3(LanguageServerWrapper.java:413)
	at org.eclipse.lsp4j.jsonrpc.RemoteEndpoint.request(RemoteEndpoint.java:171)
	at org.eclipse.lsp4j.jsonrpc.services.EndpointProxy.invoke(EndpointProxy.java:91)
	at jdk.proxy15/jdk.proxy15.$Proxy38.inlayHint(Unknown Source)
	at org.eclipse.lsp4e.operations.inlayhint.InlayHintProvider.lambda$1(InlayHintProvider.java:55)
	at org.eclipse.lsp4e.LanguageServers.lambda$24(LanguageServers.java:445)
	at org.eclipse.lsp4e.LanguageServerWrapper.lambda$17(LanguageServerWrapper.java:976)
	at java.base/java.util.concurrent.CompletableFuture$UniCompose.tryFire(CompletableFuture.java:1194)
	at java.base/java.util.concurrent.CompletableFuture$Completion.run(CompletableFuture.java:526)
	at java.base/java.util.concurrent.ThreadPoolExecutor.runWorker(ThreadPoolExecutor.java:1144)
	at java.base/java.util.concurrent.ThreadPoolExecutor$Worker.run(ThreadPoolExecutor.java:642)
	at java.base/java.lang.Thread.run(Thread.java:1575)
Caused by: java.io.IOException: 파이프가 닫히는 중입니다
	at java.base/java.io.FileOutputStream.writeBytes(Native Method)
	at java.base/java.io.FileOutputStream.write(FileOutputStream.java:400)
	at java.base/java.lang.Process$PipeOutputStream.write(Process.java:907)
	at java.base/java.io.BufferedOutputStream.flushBuffer(BufferedOutputStream.java:125)
	at java.base/java.io.BufferedOutputStream.implWrite(BufferedOutputStream.java:222)
	at java.base/java.io.BufferedOutputStream.write(BufferedOutputStream.java:200)
	at java.base/java.io.FilterOutputStream.write(FilterOutputStream.java:110)
	at org.eclipse.lsp4j.jsonrpc.json.StreamMessageConsumer.consume(StreamMessageConsumer.java:67)
	... 12 more

!ENTRY org.eclipse.jface.text 4 0 2025-09-16 14:54:47.266
!MESSAGE org.eclipse.lsp4j.jsonrpc.JsonRpcException: java.io.IOException: 파이프가 닫히는 중입니다
!STACK 0
java.util.concurrent.CompletionException: org.eclipse.lsp4j.jsonrpc.JsonRpcException: java.io.IOException: 파이프가 닫히는 중입니다
	at java.base/java.util.concurrent.CompletableFuture.wrapInCompletionException(CompletableFuture.java:323)
	at java.base/java.util.concurrent.CompletableFuture.encodeThrowable(CompletableFuture.java:376)
	at java.base/java.util.concurrent.CompletableFuture.uniApplyNow(CompletableFuture.java:718)
	at java.base/java.util.concurrent.CompletableFuture.uniApplyStage(CompletableFuture.java:706)
	at java.base/java.util.concurrent.CompletableFuture.thenApply(CompletableFuture.java:2244)
	at org.eclipse.lsp4e.operations.codelens.CodeLensProvider.lambda$1(CodeLensProvider.java:41)
	at org.eclipse.lsp4e.LanguageServers.lambda$24(LanguageServers.java:445)
	at org.eclipse.lsp4e.LanguageServerWrapper.lambda$17(LanguageServerWrapper.java:976)
	at java.base/java.util.concurrent.CompletableFuture$UniCompose.tryFire(CompletableFuture.java:1194)
	at java.base/java.util.concurrent.CompletableFuture$Completion.run(CompletableFuture.java:526)
	at java.base/java.util.concurrent.ThreadPoolExecutor.runWorker(ThreadPoolExecutor.java:1144)
	at java.base/java.util.concurrent.ThreadPoolExecutor$Worker.run(ThreadPoolExecutor.java:642)
	at java.base/java.lang.Thread.run(Thread.java:1575)
Caused by: org.eclipse.lsp4j.jsonrpc.JsonRpcException: java.io.IOException: 파이프가 닫히는 중입니다
	at org.eclipse.lsp4j.jsonrpc.json.StreamMessageConsumer.consume(StreamMessageConsumer.java:72)
	at org.eclipse.lsp4e.LanguageServerWrapper.lambda$3(LanguageServerWrapper.java:413)
	at org.eclipse.lsp4j.jsonrpc.RemoteEndpoint.request(RemoteEndpoint.java:171)
	at org.eclipse.lsp4j.jsonrpc.services.EndpointProxy.invoke(EndpointProxy.java:91)
	at jdk.proxy15/jdk.proxy15.$Proxy38.codeLens(Unknown Source)
	at org.eclipse.lsp4e.operations.codelens.CodeLensProvider.lambda$1(CodeLensProvider.java:40)
	... 7 more
Caused by: java.io.IOException: 파이프가 닫히는 중입니다
	at java.base/java.io.FileOutputStream.writeBytes(Native Method)
	at java.base/java.io.FileOutputStream.write(FileOutputStream.java:400)
	at java.base/java.lang.Process$PipeOutputStream.write(Process.java:907)
	at java.base/java.io.BufferedOutputStream.flushBuffer(BufferedOutputStream.java:125)
	at java.base/java.io.BufferedOutputStream.implWrite(BufferedOutputStream.java:222)
	at java.base/java.io.BufferedOutputStream.write(BufferedOutputStream.java:200)
	at java.base/java.io.FilterOutputStream.write(FilterOutputStream.java:110)
	at org.eclipse.lsp4j.jsonrpc.json.StreamMessageConsumer.consume(StreamMessageConsumer.java:67)
	... 12 more

!ENTRY org.eclipse.lsp4e 4 0 2025-09-16 14:54:47.266
!MESSAGE java.io.IOException: 파이프가 닫히는 중입니다
!STACK 0
org.eclipse.lsp4j.jsonrpc.JsonRpcException: java.io.IOException: 파이프가 닫히는 중입니다
	at org.eclipse.lsp4j.jsonrpc.json.StreamMessageConsumer.consume(StreamMessageConsumer.java:72)
	at org.eclipse.lsp4e.LanguageServerWrapper.lambda$3(LanguageServerWrapper.java:413)
	at org.eclipse.lsp4j.jsonrpc.RemoteEndpoint.request(RemoteEndpoint.java:171)
	at org.eclipse.lsp4j.jsonrpc.services.EndpointProxy.invoke(EndpointProxy.java:91)
	at jdk.proxy15/jdk.proxy15.$Proxy38.inlayHint(Unknown Source)
	at org.eclipse.lsp4e.operations.inlayhint.InlayHintProvider.lambda$1(InlayHintProvider.java:55)
	at org.eclipse.lsp4e.LanguageServers.lambda$24(LanguageServers.java:445)
	at org.eclipse.lsp4e.LanguageServerWrapper.lambda$17(LanguageServerWrapper.java:976)
	at java.base/java.util.concurrent.CompletableFuture$UniCompose.tryFire(CompletableFuture.java:1194)
	at java.base/java.util.concurrent.CompletableFuture$Completion.run(CompletableFuture.java:526)
	at java.base/java.util.concurrent.ThreadPoolExecutor.runWorker(ThreadPoolExecutor.java:1144)
	at java.base/java.util.concurrent.ThreadPoolExecutor$Worker.run(ThreadPoolExecutor.java:642)
	at java.base/java.lang.Thread.run(Thread.java:1575)
Caused by: java.io.IOException: 파이프가 닫히는 중입니다
	at java.base/java.io.FileOutputStream.writeBytes(Native Method)
	at java.base/java.io.FileOutputStream.write(FileOutputStream.java:400)
	at java.base/java.lang.Process$PipeOutputStream.write(Process.java:907)
	at java.base/java.io.BufferedOutputStream.flushBuffer(BufferedOutputStream.java:125)
	at java.base/java.io.BufferedOutputStream.implWrite(BufferedOutputStream.java:222)
	at java.base/java.io.BufferedOutputStream.write(BufferedOutputStream.java:200)
	at java.base/java.io.FilterOutputStream.write(FilterOutputStream.java:110)
	at org.eclipse.lsp4j.jsonrpc.json.StreamMessageConsumer.consume(StreamMessageConsumer.java:67)
	... 12 more

!ENTRY org.eclipse.jface.text 4 0 2025-09-16 14:54:47.267
!MESSAGE org.eclipse.lsp4j.jsonrpc.JsonRpcException: java.io.IOException: 파이프가 닫히는 중입니다
!STACK 0
java.util.concurrent.CompletionException: org.eclipse.lsp4j.jsonrpc.JsonRpcException: java.io.IOException: 파이프가 닫히는 중입니다
	at java.base/java.util.concurrent.CompletableFuture.wrapInCompletionException(CompletableFuture.java:323)
	at java.base/java.util.concurrent.CompletableFuture.encodeThrowable(CompletableFuture.java:376)
	at java.base/java.util.concurrent.CompletableFuture.uniApplyNow(CompletableFuture.java:718)
	at java.base/java.util.concurrent.CompletableFuture.uniApplyStage(CompletableFuture.java:706)
	at java.base/java.util.concurrent.CompletableFuture.thenApply(CompletableFuture.java:2244)
	at org.eclipse.lsp4e.operations.codelens.CodeLensProvider.lambda$1(CodeLensProvider.java:41)
	at org.eclipse.lsp4e.LanguageServers.lambda$24(LanguageServers.java:445)
	at org.eclipse.lsp4e.LanguageServerWrapper.lambda$17(LanguageServerWrapper.java:976)
	at java.base/java.util.concurrent.CompletableFuture$UniCompose.tryFire(CompletableFuture.java:1194)
	at java.base/java.util.concurrent.CompletableFuture$Completion.run(CompletableFuture.java:526)
	at java.base/java.util.concurrent.ThreadPoolExecutor.runWorker(ThreadPoolExecutor.java:1144)
	at java.base/java.util.concurrent.ThreadPoolExecutor$Worker.run(ThreadPoolExecutor.java:642)
	at java.base/java.lang.Thread.run(Thread.java:1575)
Caused by: org.eclipse.lsp4j.jsonrpc.JsonRpcException: java.io.IOException: 파이프가 닫히는 중입니다
	at org.eclipse.lsp4j.jsonrpc.json.StreamMessageConsumer.consume(StreamMessageConsumer.java:72)
	at org.eclipse.lsp4e.LanguageServerWrapper.lambda$3(LanguageServerWrapper.java:413)
	at org.eclipse.lsp4j.jsonrpc.RemoteEndpoint.request(RemoteEndpoint.java:171)
	at org.eclipse.lsp4j.jsonrpc.services.EndpointProxy.invoke(EndpointProxy.java:91)
	at jdk.proxy15/jdk.proxy15.$Proxy38.codeLens(Unknown Source)
	at org.eclipse.lsp4e.operations.codelens.CodeLensProvider.lambda$1(CodeLensProvider.java:40)
	... 7 more
Caused by: java.io.IOException: 파이프가 닫히는 중입니다
	at java.base/java.io.FileOutputStream.writeBytes(Native Method)
	at java.base/java.io.FileOutputStream.write(FileOutputStream.java:400)
	at java.base/java.lang.Process$PipeOutputStream.write(Process.java:907)
	at java.base/java.io.BufferedOutputStream.flushBuffer(BufferedOutputStream.java:125)
	at java.base/java.io.BufferedOutputStream.implWrite(BufferedOutputStream.java:222)
	at java.base/java.io.BufferedOutputStream.write(BufferedOutputStream.java:200)
	at java.base/java.io.FilterOutputStream.write(FilterOutputStream.java:110)
	at org.eclipse.lsp4j.jsonrpc.json.StreamMessageConsumer.consume(StreamMessageConsumer.java:67)
	... 12 more

!ENTRY org.eclipse.lsp4e 4 0 2025-09-16 14:54:47.267
!MESSAGE java.io.IOException: 파이프가 닫히는 중입니다
!STACK 0
org.eclipse.lsp4j.jsonrpc.JsonRpcException: java.io.IOException: 파이프가 닫히는 중입니다
	at org.eclipse.lsp4j.jsonrpc.json.StreamMessageConsumer.consume(StreamMessageConsumer.java:72)
	at org.eclipse.lsp4e.LanguageServerWrapper.lambda$3(LanguageServerWrapper.java:413)
	at org.eclipse.lsp4j.jsonrpc.RemoteEndpoint.request(RemoteEndpoint.java:171)
	at org.eclipse.lsp4j.jsonrpc.services.EndpointProxy.invoke(EndpointProxy.java:91)
	at jdk.proxy15/jdk.proxy15.$Proxy38.inlayHint(Unknown Source)
	at org.eclipse.lsp4e.operations.inlayhint.InlayHintProvider.lambda$1(InlayHintProvider.java:55)
	at org.eclipse.lsp4e.LanguageServers.lambda$24(LanguageServers.java:445)
	at org.eclipse.lsp4e.LanguageServerWrapper.lambda$17(LanguageServerWrapper.java:976)
	at java.base/java.util.concurrent.CompletableFuture$UniCompose.tryFire(CompletableFuture.java:1194)
	at java.base/java.util.concurrent.CompletableFuture$Completion.run(CompletableFuture.java:526)
	at java.base/java.util.concurrent.ThreadPoolExecutor.runWorker(ThreadPoolExecutor.java:1144)
	at java.base/java.util.concurrent.ThreadPoolExecutor$Worker.run(ThreadPoolExecutor.java:642)
	at java.base/java.lang.Thread.run(Thread.java:1575)
Caused by: java.io.IOException: 파이프가 닫히는 중입니다
	at java.base/java.io.FileOutputStream.writeBytes(Native Method)
	at java.base/java.io.FileOutputStream.write(FileOutputStream.java:400)
	at java.base/java.lang.Process$PipeOutputStream.write(Process.java:907)
	at java.base/java.io.BufferedOutputStream.flushBuffer(BufferedOutputStream.java:125)
	at java.base/java.io.BufferedOutputStream.implWrite(BufferedOutputStream.java:222)
	at java.base/java.io.BufferedOutputStream.write(BufferedOutputStream.java:200)
	at java.base/java.io.FilterOutputStream.write(FilterOutputStream.java:110)
	at org.eclipse.lsp4j.jsonrpc.json.StreamMessageConsumer.consume(StreamMessageConsumer.java:67)
	... 12 more

!ENTRY org.eclipse.jface.text 4 0 2025-09-16 14:54:47.267
!MESSAGE org.eclipse.lsp4j.jsonrpc.JsonRpcException: java.io.IOException: 파이프가 닫히는 중입니다
!STACK 0
java.util.concurrent.CompletionException: org.eclipse.lsp4j.jsonrpc.JsonRpcException: java.io.IOException: 파이프가 닫히는 중입니다
	at java.base/java.util.concurrent.CompletableFuture.wrapInCompletionException(CompletableFuture.java:323)
	at java.base/java.util.concurrent.CompletableFuture.encodeThrowable(CompletableFuture.java:376)
	at java.base/java.util.concurrent.CompletableFuture.uniApplyNow(CompletableFuture.java:718)
	at java.base/java.util.concurrent.CompletableFuture.uniApplyStage(CompletableFuture.java:706)
	at java.base/java.util.concurrent.CompletableFuture.thenApply(CompletableFuture.java:2244)
	at org.eclipse.lsp4e.operations.codelens.CodeLensProvider.lambda$1(CodeLensProvider.java:41)
	at org.eclipse.lsp4e.LanguageServers.lambda$24(LanguageServers.java:445)
	at org.eclipse.lsp4e.LanguageServerWrapper.lambda$17(LanguageServerWrapper.java:976)
	at java.base/java.util.concurrent.CompletableFuture$UniCompose.tryFire(CompletableFuture.java:1194)
	at java.base/java.util.concurrent.CompletableFuture$Completion.run(CompletableFuture.java:526)
	at java.base/java.util.concurrent.ThreadPoolExecutor.runWorker(ThreadPoolExecutor.java:1144)
	at java.base/java.util.concurrent.ThreadPoolExecutor$Worker.run(ThreadPoolExecutor.java:642)
	at java.base/java.lang.Thread.run(Thread.java:1575)
Caused by: org.eclipse.lsp4j.jsonrpc.JsonRpcException: java.io.IOException: 파이프가 닫히는 중입니다
	at org.eclipse.lsp4j.jsonrpc.json.StreamMessageConsumer.consume(StreamMessageConsumer.java:72)
	at org.eclipse.lsp4e.LanguageServerWrapper.lambda$3(LanguageServerWrapper.java:413)
	at org.eclipse.lsp4j.jsonrpc.RemoteEndpoint.request(RemoteEndpoint.java:171)
	at org.eclipse.lsp4j.jsonrpc.services.EndpointProxy.invoke(EndpointProxy.java:91)
	at jdk.proxy15/jdk.proxy15.$Proxy38.codeLens(Unknown Source)
	at org.eclipse.lsp4e.operations.codelens.CodeLensProvider.lambda$1(CodeLensProvider.java:40)
	... 7 more
Caused by: java.io.IOException: 파이프가 닫히는 중입니다
	at java.base/java.io.FileOutputStream.writeBytes(Native Method)
	at java.base/java.io.FileOutputStream.write(FileOutputStream.java:400)
	at java.base/java.lang.Process$PipeOutputStream.write(Process.java:907)
	at java.base/java.io.BufferedOutputStream.flushBuffer(BufferedOutputStream.java:125)
	at java.base/java.io.BufferedOutputStream.implWrite(BufferedOutputStream.java:222)
	at java.base/java.io.BufferedOutputStream.write(BufferedOutputStream.java:200)
	at java.base/java.io.FilterOutputStream.write(FilterOutputStream.java:110)
	at org.eclipse.lsp4j.jsonrpc.json.StreamMessageConsumer.consume(StreamMessageConsumer.java:67)
	... 12 more

!ENTRY org.eclipse.lsp4e 4 0 2025-09-16 14:54:47.267
!MESSAGE java.io.IOException: 파이프가 닫히는 중입니다
!STACK 0
org.eclipse.lsp4j.jsonrpc.JsonRpcException: java.io.IOException: 파이프가 닫히는 중입니다
	at org.eclipse.lsp4j.jsonrpc.json.StreamMessageConsumer.consume(StreamMessageConsumer.java:72)
	at org.eclipse.lsp4e.LanguageServerWrapper.lambda$3(LanguageServerWrapper.java:413)
	at org.eclipse.lsp4j.jsonrpc.RemoteEndpoint.request(RemoteEndpoint.java:171)
	at org.eclipse.lsp4j.jsonrpc.services.EndpointProxy.invoke(EndpointProxy.java:91)
	at jdk.proxy15/jdk.proxy15.$Proxy38.inlayHint(Unknown Source)
	at org.eclipse.lsp4e.operations.inlayhint.InlayHintProvider.lambda$1(InlayHintProvider.java:55)
	at org.eclipse.lsp4e.LanguageServers.lambda$24(LanguageServers.java:445)
	at org.eclipse.lsp4e.LanguageServerWrapper.lambda$17(LanguageServerWrapper.java:976)
	at java.base/java.util.concurrent.CompletableFuture$UniCompose.tryFire(CompletableFuture.java:1194)
	at java.base/java.util.concurrent.CompletableFuture$Completion.run(CompletableFuture.java:526)
	at java.base/java.util.concurrent.ThreadPoolExecutor.runWorker(ThreadPoolExecutor.java:1144)
	at java.base/java.util.concurrent.ThreadPoolExecutor$Worker.run(ThreadPoolExecutor.java:642)
	at java.base/java.lang.Thread.run(Thread.java:1575)
Caused by: java.io.IOException: 파이프가 닫히는 중입니다
	at java.base/java.io.FileOutputStream.writeBytes(Native Method)
	at java.base/java.io.FileOutputStream.write(FileOutputStream.java:400)
	at java.base/java.lang.Process$PipeOutputStream.write(Process.java:907)
	at java.base/java.io.BufferedOutputStream.flushBuffer(BufferedOutputStream.java:125)
	at java.base/java.io.BufferedOutputStream.implWrite(BufferedOutputStream.java:222)
	at java.base/java.io.BufferedOutputStream.write(BufferedOutputStream.java:200)
	at java.base/java.io.FilterOutputStream.write(FilterOutputStream.java:110)
	at org.eclipse.lsp4j.jsonrpc.json.StreamMessageConsumer.consume(StreamMessageConsumer.java:67)
	... 12 more

!ENTRY org.eclipse.jface.text 4 0 2025-09-16 14:54:47.269
!MESSAGE org.eclipse.lsp4j.jsonrpc.JsonRpcException: java.io.IOException: 파이프가 닫히는 중입니다
!STACK 0
java.util.concurrent.CompletionException: org.eclipse.lsp4j.jsonrpc.JsonRpcException: java.io.IOException: 파이프가 닫히는 중입니다
	at java.base/java.util.concurrent.CompletableFuture.wrapInCompletionException(CompletableFuture.java:323)
	at java.base/java.util.concurrent.CompletableFuture.encodeThrowable(CompletableFuture.java:376)
	at java.base/java.util.concurrent.CompletableFuture.uniApplyNow(CompletableFuture.java:718)
	at java.base/java.util.concurrent.CompletableFuture.uniApplyStage(CompletableFuture.java:706)
	at java.base/java.util.concurrent.CompletableFuture.thenApply(CompletableFuture.java:2244)
	at org.eclipse.lsp4e.operations.codelens.CodeLensProvider.lambda$1(CodeLensProvider.java:41)
	at org.eclipse.lsp4e.LanguageServers.lambda$24(LanguageServers.java:445)
	at org.eclipse.lsp4e.LanguageServerWrapper.lambda$17(LanguageServerWrapper.java:976)
	at java.base/java.util.concurrent.CompletableFuture$UniCompose.tryFire(CompletableFuture.java:1194)
	at java.base/java.util.concurrent.CompletableFuture$Completion.run(CompletableFuture.java:526)
	at java.base/java.util.concurrent.ThreadPoolExecutor.runWorker(ThreadPoolExecutor.java:1144)
	at java.base/java.util.concurrent.ThreadPoolExecutor$Worker.run(ThreadPoolExecutor.java:642)
	at java.base/java.lang.Thread.run(Thread.java:1575)
Caused by: org.eclipse.lsp4j.jsonrpc.JsonRpcException: java.io.IOException: 파이프가 닫히는 중입니다
	at org.eclipse.lsp4j.jsonrpc.json.StreamMessageConsumer.consume(StreamMessageConsumer.java:72)
	at org.eclipse.lsp4e.LanguageServerWrapper.lambda$3(LanguageServerWrapper.java:413)
	at org.eclipse.lsp4j.jsonrpc.RemoteEndpoint.request(RemoteEndpoint.java:171)
	at org.eclipse.lsp4j.jsonrpc.services.EndpointProxy.invoke(EndpointProxy.java:91)
	at jdk.proxy15/jdk.proxy15.$Proxy38.codeLens(Unknown Source)
	at org.eclipse.lsp4e.operations.codelens.CodeLensProvider.lambda$1(CodeLensProvider.java:40)
	... 7 more
Caused by: java.io.IOException: 파이프가 닫히는 중입니다
	at java.base/java.io.FileOutputStream.writeBytes(Native Method)
	at java.base/java.io.FileOutputStream.write(FileOutputStream.java:400)
	at java.base/java.lang.Process$PipeOutputStream.write(Process.java:907)
	at java.base/java.io.BufferedOutputStream.flushBuffer(BufferedOutputStream.java:125)
	at java.base/java.io.BufferedOutputStream.implWrite(BufferedOutputStream.java:222)
	at java.base/java.io.BufferedOutputStream.write(BufferedOutputStream.java:200)
	at java.base/java.io.FilterOutputStream.write(FilterOutputStream.java:110)
	at org.eclipse.lsp4j.jsonrpc.json.StreamMessageConsumer.consume(StreamMessageConsumer.java:67)
	... 12 more

!ENTRY org.eclipse.lsp4e 4 0 2025-09-16 14:54:47.269
!MESSAGE java.io.IOException: 파이프가 닫히는 중입니다
!STACK 0
org.eclipse.lsp4j.jsonrpc.JsonRpcException: java.io.IOException: 파이프가 닫히는 중입니다
	at org.eclipse.lsp4j.jsonrpc.json.StreamMessageConsumer.consume(StreamMessageConsumer.java:72)
	at org.eclipse.lsp4e.LanguageServerWrapper.lambda$3(LanguageServerWrapper.java:413)
	at org.eclipse.lsp4j.jsonrpc.RemoteEndpoint.request(RemoteEndpoint.java:171)
	at org.eclipse.lsp4j.jsonrpc.services.EndpointProxy.invoke(EndpointProxy.java:91)
	at jdk.proxy15/jdk.proxy15.$Proxy38.inlayHint(Unknown Source)
	at org.eclipse.lsp4e.operations.inlayhint.InlayHintProvider.lambda$1(InlayHintProvider.java:55)
	at org.eclipse.lsp4e.LanguageServers.lambda$24(LanguageServers.java:445)
	at org.eclipse.lsp4e.LanguageServerWrapper.lambda$17(LanguageServerWrapper.java:976)
	at java.base/java.util.concurrent.CompletableFuture$UniCompose.tryFire(CompletableFuture.java:1194)
	at java.base/java.util.concurrent.CompletableFuture$Completion.run(CompletableFuture.java:526)
	at java.base/java.util.concurrent.ThreadPoolExecutor.runWorker(ThreadPoolExecutor.java:1144)
	at java.base/java.util.concurrent.ThreadPoolExecutor$Worker.run(ThreadPoolExecutor.java:642)
	at java.base/java.lang.Thread.run(Thread.java:1575)
Caused by: java.io.IOException: 파이프가 닫히는 중입니다
	at java.base/java.io.FileOutputStream.writeBytes(Native Method)
	at java.base/java.io.FileOutputStream.write(FileOutputStream.java:400)
	at java.base/java.lang.Process$PipeOutputStream.write(Process.java:907)
	at java.base/java.io.BufferedOutputStream.flushBuffer(BufferedOutputStream.java:125)
	at java.base/java.io.BufferedOutputStream.implWrite(BufferedOutputStream.java:222)
	at java.base/java.io.BufferedOutputStream.write(BufferedOutputStream.java:200)
	at java.base/java.io.FilterOutputStream.write(FilterOutputStream.java:110)
	at org.eclipse.lsp4j.jsonrpc.json.StreamMessageConsumer.consume(StreamMessageConsumer.java:67)
	... 12 more

!ENTRY org.eclipse.jface.text 4 0 2025-09-16 14:54:47.269
!MESSAGE org.eclipse.lsp4j.jsonrpc.JsonRpcException: java.io.IOException: 파이프가 닫히는 중입니다
!STACK 0
java.util.concurrent.CompletionException: org.eclipse.lsp4j.jsonrpc.JsonRpcException: java.io.IOException: 파이프가 닫히는 중입니다
	at java.base/java.util.concurrent.CompletableFuture.wrapInCompletionException(CompletableFuture.java:323)
	at java.base/java.util.concurrent.CompletableFuture.encodeThrowable(CompletableFuture.java:376)
	at java.base/java.util.concurrent.CompletableFuture.uniApplyNow(CompletableFuture.java:718)
	at java.base/java.util.concurrent.CompletableFuture.uniApplyStage(CompletableFuture.java:706)
	at java.base/java.util.concurrent.CompletableFuture.thenApply(CompletableFuture.java:2244)
	at org.eclipse.lsp4e.operations.codelens.CodeLensProvider.lambda$1(CodeLensProvider.java:41)
	at org.eclipse.lsp4e.LanguageServers.lambda$24(LanguageServers.java:445)
	at org.eclipse.lsp4e.LanguageServerWrapper.lambda$17(LanguageServerWrapper.java:976)
	at java.base/java.util.concurrent.CompletableFuture$UniCompose.tryFire(CompletableFuture.java:1194)
	at java.base/java.util.concurrent.CompletableFuture$Completion.run(CompletableFuture.java:526)
	at java.base/java.util.concurrent.ThreadPoolExecutor.runWorker(ThreadPoolExecutor.java:1144)
	at java.base/java.util.concurrent.ThreadPoolExecutor$Worker.run(ThreadPoolExecutor.java:642)
	at java.base/java.lang.Thread.run(Thread.java:1575)
Caused by: org.eclipse.lsp4j.jsonrpc.JsonRpcException: java.io.IOException: 파이프가 닫히는 중입니다
	at org.eclipse.lsp4j.jsonrpc.json.StreamMessageConsumer.consume(StreamMessageConsumer.java:72)
	at org.eclipse.lsp4e.LanguageServerWrapper.lambda$3(LanguageServerWrapper.java:413)
	at org.eclipse.lsp4j.jsonrpc.RemoteEndpoint.request(RemoteEndpoint.java:171)
	at org.eclipse.lsp4j.jsonrpc.services.EndpointProxy.invoke(EndpointProxy.java:91)
	at jdk.proxy15/jdk.proxy15.$Proxy38.codeLens(Unknown Source)
	at org.eclipse.lsp4e.operations.codelens.CodeLensProvider.lambda$1(CodeLensProvider.java:40)
	... 7 more
Caused by: java.io.IOException: 파이프가 닫히는 중입니다
	at java.base/java.io.FileOutputStream.writeBytes(Native Method)
	at java.base/java.io.FileOutputStream.write(FileOutputStream.java:400)
	at java.base/java.lang.Process$PipeOutputStream.write(Process.java:907)
	at java.base/java.io.BufferedOutputStream.flushBuffer(BufferedOutputStream.java:125)
	at java.base/java.io.BufferedOutputStream.implWrite(BufferedOutputStream.java:222)
	at java.base/java.io.BufferedOutputStream.write(BufferedOutputStream.java:200)
	at java.base/java.io.FilterOutputStream.write(FilterOutputStream.java:110)
	at org.eclipse.lsp4j.jsonrpc.json.StreamMessageConsumer.consume(StreamMessageConsumer.java:67)
	... 12 more

!ENTRY org.eclipse.lsp4e 4 0 2025-09-16 14:54:47.269
!MESSAGE java.io.IOException: 파이프가 닫히는 중입니다
!STACK 0
org.eclipse.lsp4j.jsonrpc.JsonRpcException: java.io.IOException: 파이프가 닫히는 중입니다
	at org.eclipse.lsp4j.jsonrpc.json.StreamMessageConsumer.consume(StreamMessageConsumer.java:72)
	at org.eclipse.lsp4e.LanguageServerWrapper.lambda$3(LanguageServerWrapper.java:413)
	at org.eclipse.lsp4j.jsonrpc.RemoteEndpoint.request(RemoteEndpoint.java:171)
	at org.eclipse.lsp4j.jsonrpc.services.EndpointProxy.invoke(EndpointProxy.java:91)
	at jdk.proxy15/jdk.proxy15.$Proxy38.inlayHint(Unknown Source)
	at org.eclipse.lsp4e.operations.inlayhint.InlayHintProvider.lambda$1(InlayHintProvider.java:55)
	at org.eclipse.lsp4e.LanguageServers.lambda$24(LanguageServers.java:445)
	at org.eclipse.lsp4e.LanguageServerWrapper.lambda$17(LanguageServerWrapper.java:976)
	at java.base/java.util.concurrent.CompletableFuture$UniCompose.tryFire(CompletableFuture.java:1194)
	at java.base/java.util.concurrent.CompletableFuture$Completion.run(CompletableFuture.java:526)
	at java.base/java.util.concurrent.ThreadPoolExecutor.runWorker(ThreadPoolExecutor.java:1144)
	at java.base/java.util.concurrent.ThreadPoolExecutor$Worker.run(ThreadPoolExecutor.java:642)
	at java.base/java.lang.Thread.run(Thread.java:1575)
Caused by: java.io.IOException: 파이프가 닫히는 중입니다
	at java.base/java.io.FileOutputStream.writeBytes(Native Method)
	at java.base/java.io.FileOutputStream.write(FileOutputStream.java:400)
	at java.base/java.lang.Process$PipeOutputStream.write(Process.java:907)
	at java.base/java.io.BufferedOutputStream.flushBuffer(BufferedOutputStream.java:125)
	at java.base/java.io.BufferedOutputStream.implWrite(BufferedOutputStream.java:222)
	at java.base/java.io.BufferedOutputStream.write(BufferedOutputStream.java:200)
	at java.base/java.io.FilterOutputStream.write(FilterOutputStream.java:110)
	at org.eclipse.lsp4j.jsonrpc.json.StreamMessageConsumer.consume(StreamMessageConsumer.java:67)
	... 12 more

!ENTRY org.eclipse.jface.text 4 0 2025-09-16 14:54:47.270
!MESSAGE org.eclipse.lsp4j.jsonrpc.JsonRpcException: java.io.IOException: 파이프가 닫히는 중입니다
!STACK 0
java.util.concurrent.CompletionException: org.eclipse.lsp4j.jsonrpc.JsonRpcException: java.io.IOException: 파이프가 닫히는 중입니다
	at java.base/java.util.concurrent.CompletableFuture.wrapInCompletionException(CompletableFuture.java:323)
	at java.base/java.util.concurrent.CompletableFuture.encodeThrowable(CompletableFuture.java:376)
	at java.base/java.util.concurrent.CompletableFuture.uniApplyNow(CompletableFuture.java:718)
	at java.base/java.util.concurrent.CompletableFuture.uniApplyStage(CompletableFuture.java:706)
	at java.base/java.util.concurrent.CompletableFuture.thenApply(CompletableFuture.java:2244)
	at org.eclipse.lsp4e.operations.codelens.CodeLensProvider.lambda$1(CodeLensProvider.java:41)
	at org.eclipse.lsp4e.LanguageServers.lambda$24(LanguageServers.java:445)
	at org.eclipse.lsp4e.LanguageServerWrapper.lambda$17(LanguageServerWrapper.java:976)
	at java.base/java.util.concurrent.CompletableFuture$UniCompose.tryFire(CompletableFuture.java:1194)
	at java.base/java.util.concurrent.CompletableFuture$Completion.run(CompletableFuture.java:526)
	at java.base/java.util.concurrent.ThreadPoolExecutor.runWorker(ThreadPoolExecutor.java:1144)
	at java.base/java.util.concurrent.ThreadPoolExecutor$Worker.run(ThreadPoolExecutor.java:642)
	at java.base/java.lang.Thread.run(Thread.java:1575)
Caused by: org.eclipse.lsp4j.jsonrpc.JsonRpcException: java.io.IOException: 파이프가 닫히는 중입니다
	at org.eclipse.lsp4j.jsonrpc.json.StreamMessageConsumer.consume(StreamMessageConsumer.java:72)
	at org.eclipse.lsp4e.LanguageServerWrapper.lambda$3(LanguageServerWrapper.java:413)
	at org.eclipse.lsp4j.jsonrpc.RemoteEndpoint.request(RemoteEndpoint.java:171)
	at org.eclipse.lsp4j.jsonrpc.services.EndpointProxy.invoke(EndpointProxy.java:91)
	at jdk.proxy15/jdk.proxy15.$Proxy38.codeLens(Unknown Source)
	at org.eclipse.lsp4e.operations.codelens.CodeLensProvider.lambda$1(CodeLensProvider.java:40)
	... 7 more
Caused by: java.io.IOException: 파이프가 닫히는 중입니다
	at java.base/java.io.FileOutputStream.writeBytes(Native Method)
	at java.base/java.io.FileOutputStream.write(FileOutputStream.java:400)
	at java.base/java.lang.Process$PipeOutputStream.write(Process.java:907)
	at java.base/java.io.BufferedOutputStream.flushBuffer(BufferedOutputStream.java:125)
	at java.base/java.io.BufferedOutputStream.implWrite(BufferedOutputStream.java:222)
	at java.base/java.io.BufferedOutputStream.write(BufferedOutputStream.java:200)
	at java.base/java.io.FilterOutputStream.write(FilterOutputStream.java:110)
	at org.eclipse.lsp4j.jsonrpc.json.StreamMessageConsumer.consume(StreamMessageConsumer.java:67)
	... 12 more

!ENTRY org.eclipse.lsp4e 4 0 2025-09-16 14:54:47.270
!MESSAGE java.io.IOException: 파이프가 닫히는 중입니다
!STACK 0
org.eclipse.lsp4j.jsonrpc.JsonRpcException: java.io.IOException: 파이프가 닫히는 중입니다
	at org.eclipse.lsp4j.jsonrpc.json.StreamMessageConsumer.consume(StreamMessageConsumer.java:72)
	at org.eclipse.lsp4e.LanguageServerWrapper.lambda$3(LanguageServerWrapper.java:413)
	at org.eclipse.lsp4j.jsonrpc.RemoteEndpoint.request(RemoteEndpoint.java:171)
	at org.eclipse.lsp4j.jsonrpc.services.EndpointProxy.invoke(EndpointProxy.java:91)
	at jdk.proxy15/jdk.proxy15.$Proxy38.inlayHint(Unknown Source)
	at org.eclipse.lsp4e.operations.inlayhint.InlayHintProvider.lambda$1(InlayHintProvider.java:55)
	at org.eclipse.lsp4e.LanguageServers.lambda$24(LanguageServers.java:445)
	at org.eclipse.lsp4e.LanguageServerWrapper.lambda$17(LanguageServerWrapper.java:976)
	at java.base/java.util.concurrent.CompletableFuture$UniCompose.tryFire(CompletableFuture.java:1194)
	at java.base/java.util.concurrent.CompletableFuture$Completion.run(CompletableFuture.java:526)
	at java.base/java.util.concurrent.ThreadPoolExecutor.runWorker(ThreadPoolExecutor.java:1144)
	at java.base/java.util.concurrent.ThreadPoolExecutor$Worker.run(ThreadPoolExecutor.java:642)
	at java.base/java.lang.Thread.run(Thread.java:1575)
Caused by: java.io.IOException: 파이프가 닫히는 중입니다
	at java.base/java.io.FileOutputStream.writeBytes(Native Method)
	at java.base/java.io.FileOutputStream.write(FileOutputStream.java:400)
	at java.base/java.lang.Process$PipeOutputStream.write(Process.java:907)
	at java.base/java.io.BufferedOutputStream.flushBuffer(BufferedOutputStream.java:125)
	at java.base/java.io.BufferedOutputStream.implWrite(BufferedOutputStream.java:222)
	at java.base/java.io.BufferedOutputStream.write(BufferedOutputStream.java:200)
	at java.base/java.io.FilterOutputStream.write(FilterOutputStream.java:110)
	at org.eclipse.lsp4j.jsonrpc.json.StreamMessageConsumer.consume(StreamMessageConsumer.java:67)
	... 12 more

!ENTRY org.eclipse.jface.text 4 0 2025-09-16 14:54:47.271
!MESSAGE org.eclipse.lsp4j.jsonrpc.JsonRpcException: java.io.IOException: 파이프가 닫히는 중입니다
!STACK 0
java.util.concurrent.CompletionException: org.eclipse.lsp4j.jsonrpc.JsonRpcException: java.io.IOException: 파이프가 닫히는 중입니다
	at java.base/java.util.concurrent.CompletableFuture.wrapInCompletionException(CompletableFuture.java:323)
	at java.base/java.util.concurrent.CompletableFuture.encodeThrowable(CompletableFuture.java:376)
	at java.base/java.util.concurrent.CompletableFuture.uniApplyNow(CompletableFuture.java:718)
	at java.base/java.util.concurrent.CompletableFuture.uniApplyStage(CompletableFuture.java:706)
	at java.base/java.util.concurrent.CompletableFuture.thenApply(CompletableFuture.java:2244)
	at org.eclipse.lsp4e.operations.codelens.CodeLensProvider.lambda$1(CodeLensProvider.java:41)
	at org.eclipse.lsp4e.LanguageServers.lambda$24(LanguageServers.java:445)
	at org.eclipse.lsp4e.LanguageServerWrapper.lambda$17(LanguageServerWrapper.java:976)
	at java.base/java.util.concurrent.CompletableFuture$UniCompose.tryFire(CompletableFuture.java:1194)
	at java.base/java.util.concurrent.CompletableFuture$Completion.run(CompletableFuture.java:526)
	at java.base/java.util.concurrent.ThreadPoolExecutor.runWorker(ThreadPoolExecutor.java:1144)
	at java.base/java.util.concurrent.ThreadPoolExecutor$Worker.run(ThreadPoolExecutor.java:642)
	at java.base/java.lang.Thread.run(Thread.java:1575)
Caused by: org.eclipse.lsp4j.jsonrpc.JsonRpcException: java.io.IOException: 파이프가 닫히는 중입니다
	at org.eclipse.lsp4j.jsonrpc.json.StreamMessageConsumer.consume(StreamMessageConsumer.java:72)
	at org.eclipse.lsp4e.LanguageServerWrapper.lambda$3(LanguageServerWrapper.java:413)
	at org.eclipse.lsp4j.jsonrpc.RemoteEndpoint.request(RemoteEndpoint.java:171)
	at org.eclipse.lsp4j.jsonrpc.services.EndpointProxy.invoke(EndpointProxy.java:91)
	at jdk.proxy15/jdk.proxy15.$Proxy38.codeLens(Unknown Source)
	at org.eclipse.lsp4e.operations.codelens.CodeLensProvider.lambda$1(CodeLensProvider.java:40)
	... 7 more
Caused by: java.io.IOException: 파이프가 닫히는 중입니다
	at java.base/java.io.FileOutputStream.writeBytes(Native Method)
	at java.base/java.io.FileOutputStream.write(FileOutputStream.java:400)
	at java.base/java.lang.Process$PipeOutputStream.write(Process.java:907)
	at java.base/java.io.BufferedOutputStream.flushBuffer(BufferedOutputStream.java:125)
	at java.base/java.io.BufferedOutputStream.implWrite(BufferedOutputStream.java:222)
	at java.base/java.io.BufferedOutputStream.write(BufferedOutputStream.java:200)
	at java.base/java.io.FilterOutputStream.write(FilterOutputStream.java:110)
	at org.eclipse.lsp4j.jsonrpc.json.StreamMessageConsumer.consume(StreamMessageConsumer.java:67)
	... 12 more

!ENTRY org.eclipse.lsp4e 4 0 2025-09-16 14:54:47.271
!MESSAGE java.io.IOException: 파이프가 닫히는 중입니다
!STACK 0
org.eclipse.lsp4j.jsonrpc.JsonRpcException: java.io.IOException: 파이프가 닫히는 중입니다
	at org.eclipse.lsp4j.jsonrpc.json.StreamMessageConsumer.consume(StreamMessageConsumer.java:72)
	at org.eclipse.lsp4e.LanguageServerWrapper.lambda$3(LanguageServerWrapper.java:413)
	at org.eclipse.lsp4j.jsonrpc.RemoteEndpoint.request(RemoteEndpoint.java:171)
	at org.eclipse.lsp4j.jsonrpc.services.EndpointProxy.invoke(EndpointProxy.java:91)
	at jdk.proxy15/jdk.proxy15.$Proxy38.inlayHint(Unknown Source)
	at org.eclipse.lsp4e.operations.inlayhint.InlayHintProvider.lambda$1(InlayHintProvider.java:55)
	at org.eclipse.lsp4e.LanguageServers.lambda$24(LanguageServers.java:445)
	at org.eclipse.lsp4e.LanguageServerWrapper.lambda$17(LanguageServerWrapper.java:976)
	at java.base/java.util.concurrent.CompletableFuture$UniCompose.tryFire(CompletableFuture.java:1194)
	at java.base/java.util.concurrent.CompletableFuture$Completion.run(CompletableFuture.java:526)
	at java.base/java.util.concurrent.ThreadPoolExecutor.runWorker(ThreadPoolExecutor.java:1144)
	at java.base/java.util.concurrent.ThreadPoolExecutor$Worker.run(ThreadPoolExecutor.java:642)
	at java.base/java.lang.Thread.run(Thread.java:1575)
Caused by: java.io.IOException: 파이프가 닫히는 중입니다
	at java.base/java.io.FileOutputStream.writeBytes(Native Method)
	at java.base/java.io.FileOutputStream.write(FileOutputStream.java:400)
	at java.base/java.lang.Process$PipeOutputStream.write(Process.java:907)
	at java.base/java.io.BufferedOutputStream.flushBuffer(BufferedOutputStream.java:125)
	at java.base/java.io.BufferedOutputStream.implWrite(BufferedOutputStream.java:222)
	at java.base/java.io.BufferedOutputStream.write(BufferedOutputStream.java:200)
	at java.base/java.io.FilterOutputStream.write(FilterOutputStream.java:110)
	at org.eclipse.lsp4j.jsonrpc.json.StreamMessageConsumer.consume(StreamMessageConsumer.java:67)
	... 12 more

!ENTRY org.eclipse.jface.text 4 0 2025-09-16 14:54:47.271
!MESSAGE org.eclipse.lsp4j.jsonrpc.JsonRpcException: java.io.IOException: 파이프가 닫히는 중입니다
!STACK 0
java.util.concurrent.CompletionException: org.eclipse.lsp4j.jsonrpc.JsonRpcException: java.io.IOException: 파이프가 닫히는 중입니다
	at java.base/java.util.concurrent.CompletableFuture.wrapInCompletionException(CompletableFuture.java:323)
	at java.base/java.util.concurrent.CompletableFuture.encodeThrowable(CompletableFuture.java:376)
	at java.base/java.util.concurrent.CompletableFuture.uniApplyNow(CompletableFuture.java:718)
	at java.base/java.util.concurrent.CompletableFuture.uniApplyStage(CompletableFuture.java:706)
	at java.base/java.util.concurrent.CompletableFuture.thenApply(CompletableFuture.java:2244)
	at org.eclipse.lsp4e.operations.codelens.CodeLensProvider.lambda$1(CodeLensProvider.java:41)
	at org.eclipse.lsp4e.LanguageServers.lambda$24(LanguageServers.java:445)
	at org.eclipse.lsp4e.LanguageServerWrapper.lambda$17(LanguageServerWrapper.java:976)
	at java.base/java.util.concurrent.CompletableFuture$UniCompose.tryFire(CompletableFuture.java:1194)
	at java.base/java.util.concurrent.CompletableFuture$Completion.run(CompletableFuture.java:526)
	at java.base/java.util.concurrent.ThreadPoolExecutor.runWorker(ThreadPoolExecutor.java:1144)
	at java.base/java.util.concurrent.ThreadPoolExecutor$Worker.run(ThreadPoolExecutor.java:642)
	at java.base/java.lang.Thread.run(Thread.java:1575)
Caused by: org.eclipse.lsp4j.jsonrpc.JsonRpcException: java.io.IOException: 파이프가 닫히는 중입니다
	at org.eclipse.lsp4j.jsonrpc.json.StreamMessageConsumer.consume(StreamMessageConsumer.java:72)
	at org.eclipse.lsp4e.LanguageServerWrapper.lambda$3(LanguageServerWrapper.java:413)
	at org.eclipse.lsp4j.jsonrpc.RemoteEndpoint.request(RemoteEndpoint.java:171)
	at org.eclipse.lsp4j.jsonrpc.services.EndpointProxy.invoke(EndpointProxy.java:91)
	at jdk.proxy15/jdk.proxy15.$Proxy38.codeLens(Unknown Source)
	at org.eclipse.lsp4e.operations.codelens.CodeLensProvider.lambda$1(CodeLensProvider.java:40)
	... 7 more
Caused by: java.io.IOException: 파이프가 닫히는 중입니다
	at java.base/java.io.FileOutputStream.writeBytes(Native Method)
	at java.base/java.io.FileOutputStream.write(FileOutputStream.java:400)
	at java.base/java.lang.Process$PipeOutputStream.write(Process.java:907)
	at java.base/java.io.BufferedOutputStream.flushBuffer(BufferedOutputStream.java:125)
	at java.base/java.io.BufferedOutputStream.implWrite(BufferedOutputStream.java:222)
	at java.base/java.io.BufferedOutputStream.write(BufferedOutputStream.java:200)
	at java.base/java.io.FilterOutputStream.write(FilterOutputStream.java:110)
	at org.eclipse.lsp4j.jsonrpc.json.StreamMessageConsumer.consume(StreamMessageConsumer.java:67)
	... 12 more

!ENTRY org.eclipse.lsp4e 4 0 2025-09-16 14:54:47.271
!MESSAGE java.io.IOException: 파이프가 닫히는 중입니다
!STACK 0
org.eclipse.lsp4j.jsonrpc.JsonRpcException: java.io.IOException: 파이프가 닫히는 중입니다
	at org.eclipse.lsp4j.jsonrpc.json.StreamMessageConsumer.consume(StreamMessageConsumer.java:72)
	at org.eclipse.lsp4e.LanguageServerWrapper.lambda$3(LanguageServerWrapper.java:413)
	at org.eclipse.lsp4j.jsonrpc.RemoteEndpoint.request(RemoteEndpoint.java:171)
	at org.eclipse.lsp4j.jsonrpc.services.EndpointProxy.invoke(EndpointProxy.java:91)
	at jdk.proxy15/jdk.proxy15.$Proxy38.inlayHint(Unknown Source)
	at org.eclipse.lsp4e.operations.inlayhint.InlayHintProvider.lambda$1(InlayHintProvider.java:55)
	at org.eclipse.lsp4e.LanguageServers.lambda$24(LanguageServers.java:445)
	at org.eclipse.lsp4e.LanguageServerWrapper.lambda$17(LanguageServerWrapper.java:976)
	at java.base/java.util.concurrent.CompletableFuture$UniCompose.tryFire(CompletableFuture.java:1194)
	at java.base/java.util.concurrent.CompletableFuture$Completion.run(CompletableFuture.java:526)
	at java.base/java.util.concurrent.ThreadPoolExecutor.runWorker(ThreadPoolExecutor.java:1144)
	at java.base/java.util.concurrent.ThreadPoolExecutor$Worker.run(ThreadPoolExecutor.java:642)
	at java.base/java.lang.Thread.run(Thread.java:1575)
Caused by: java.io.IOException: 파이프가 닫히는 중입니다
	at java.base/java.io.FileOutputStream.writeBytes(Native Method)
	at java.base/java.io.FileOutputStream.write(FileOutputStream.java:400)
	at java.base/java.lang.Process$PipeOutputStream.write(Process.java:907)
	at java.base/java.io.BufferedOutputStream.flushBuffer(BufferedOutputStream.java:125)
	at java.base/java.io.BufferedOutputStream.implWrite(BufferedOutputStream.java:222)
	at java.base/java.io.BufferedOutputStream.write(BufferedOutputStream.java:200)
	at java.base/java.io.FilterOutputStream.write(FilterOutputStream.java:110)
	at org.eclipse.lsp4j.jsonrpc.json.StreamMessageConsumer.consume(StreamMessageConsumer.java:67)
	... 12 more

!ENTRY org.eclipse.jface.text 4 0 2025-09-16 14:54:47.272
!MESSAGE org.eclipse.lsp4j.jsonrpc.JsonRpcException: java.io.IOException: 파이프가 닫히는 중입니다
!STACK 0
java.util.concurrent.CompletionException: org.eclipse.lsp4j.jsonrpc.JsonRpcException: java.io.IOException: 파이프가 닫히는 중입니다
	at java.base/java.util.concurrent.CompletableFuture.wrapInCompletionException(CompletableFuture.java:323)
	at java.base/java.util.concurrent.CompletableFuture.encodeThrowable(CompletableFuture.java:376)
	at java.base/java.util.concurrent.CompletableFuture.uniApplyNow(CompletableFuture.java:718)
	at java.base/java.util.concurrent.CompletableFuture.uniApplyStage(CompletableFuture.java:706)
	at java.base/java.util.concurrent.CompletableFuture.thenApply(CompletableFuture.java:2244)
	at org.eclipse.lsp4e.operations.codelens.CodeLensProvider.lambda$1(CodeLensProvider.java:41)
	at org.eclipse.lsp4e.LanguageServers.lambda$24(LanguageServers.java:445)
	at org.eclipse.lsp4e.LanguageServerWrapper.lambda$17(LanguageServerWrapper.java:976)
	at java.base/java.util.concurrent.CompletableFuture$UniCompose.tryFire(CompletableFuture.java:1194)
	at java.base/java.util.concurrent.CompletableFuture$Completion.run(CompletableFuture.java:526)
	at java.base/java.util.concurrent.ThreadPoolExecutor.runWorker(ThreadPoolExecutor.java:1144)
	at java.base/java.util.concurrent.ThreadPoolExecutor$Worker.run(ThreadPoolExecutor.java:642)
	at java.base/java.lang.Thread.run(Thread.java:1575)
Caused by: org.eclipse.lsp4j.jsonrpc.JsonRpcException: java.io.IOException: 파이프가 닫히는 중입니다
	at org.eclipse.lsp4j.jsonrpc.json.StreamMessageConsumer.consume(StreamMessageConsumer.java:72)
	at org.eclipse.lsp4e.LanguageServerWrapper.lambda$3(LanguageServerWrapper.java:413)
	at org.eclipse.lsp4j.jsonrpc.RemoteEndpoint.request(RemoteEndpoint.java:171)
	at org.eclipse.lsp4j.jsonrpc.services.EndpointProxy.invoke(EndpointProxy.java:91)
	at jdk.proxy15/jdk.proxy15.$Proxy38.codeLens(Unknown Source)
	at org.eclipse.lsp4e.operations.codelens.CodeLensProvider.lambda$1(CodeLensProvider.java:40)
	... 7 more
Caused by: java.io.IOException: 파이프가 닫히는 중입니다
	at java.base/java.io.FileOutputStream.writeBytes(Native Method)
	at java.base/java.io.FileOutputStream.write(FileOutputStream.java:400)
	at java.base/java.lang.Process$PipeOutputStream.write(Process.java:907)
	at java.base/java.io.BufferedOutputStream.flushBuffer(BufferedOutputStream.java:125)
	at java.base/java.io.BufferedOutputStream.implWrite(BufferedOutputStream.java:222)
	at java.base/java.io.BufferedOutputStream.write(BufferedOutputStream.java:200)
	at java.base/java.io.FilterOutputStream.write(FilterOutputStream.java:110)
	at org.eclipse.lsp4j.jsonrpc.json.StreamMessageConsumer.consume(StreamMessageConsumer.java:67)
	... 12 more

!ENTRY org.eclipse.lsp4e 4 0 2025-09-16 14:54:47.272
!MESSAGE java.io.IOException: 파이프가 닫히는 중입니다
!STACK 0
org.eclipse.lsp4j.jsonrpc.JsonRpcException: java.io.IOException: 파이프가 닫히는 중입니다
	at org.eclipse.lsp4j.jsonrpc.json.StreamMessageConsumer.consume(StreamMessageConsumer.java:72)
	at org.eclipse.lsp4e.LanguageServerWrapper.lambda$3(LanguageServerWrapper.java:413)
	at org.eclipse.lsp4j.jsonrpc.RemoteEndpoint.request(RemoteEndpoint.java:171)
	at org.eclipse.lsp4j.jsonrpc.services.EndpointProxy.invoke(EndpointProxy.java:91)
	at jdk.proxy15/jdk.proxy15.$Proxy38.inlayHint(Unknown Source)
	at org.eclipse.lsp4e.operations.inlayhint.InlayHintProvider.lambda$1(InlayHintProvider.java:55)
	at org.eclipse.lsp4e.LanguageServers.lambda$24(LanguageServers.java:445)
	at org.eclipse.lsp4e.LanguageServerWrapper.lambda$17(LanguageServerWrapper.java:976)
	at java.base/java.util.concurrent.CompletableFuture$UniCompose.tryFire(CompletableFuture.java:1194)
	at java.base/java.util.concurrent.CompletableFuture$Completion.run(CompletableFuture.java:526)
	at java.base/java.util.concurrent.ThreadPoolExecutor.runWorker(ThreadPoolExecutor.java:1144)
	at java.base/java.util.concurrent.ThreadPoolExecutor$Worker.run(ThreadPoolExecutor.java:642)
	at java.base/java.lang.Thread.run(Thread.java:1575)
Caused by: java.io.IOException: 파이프가 닫히는 중입니다
	at java.base/java.io.FileOutputStream.writeBytes(Native Method)
	at java.base/java.io.FileOutputStream.write(FileOutputStream.java:400)
	at java.base/java.lang.Process$PipeOutputStream.write(Process.java:907)
	at java.base/java.io.BufferedOutputStream.flushBuffer(BufferedOutputStream.java:125)
	at java.base/java.io.BufferedOutputStream.implWrite(BufferedOutputStream.java:222)
	at java.base/java.io.BufferedOutputStream.write(BufferedOutputStream.java:200)
	at java.base/java.io.FilterOutputStream.write(FilterOutputStream.java:110)
	at org.eclipse.lsp4j.jsonrpc.json.StreamMessageConsumer.consume(StreamMessageConsumer.java:67)
	... 12 more

!ENTRY org.eclipse.jface.text 4 0 2025-09-16 14:54:47.272
!MESSAGE org.eclipse.lsp4j.jsonrpc.JsonRpcException: java.io.IOException: 파이프가 닫히는 중입니다
!STACK 0
java.util.concurrent.CompletionException: org.eclipse.lsp4j.jsonrpc.JsonRpcException: java.io.IOException: 파이프가 닫히는 중입니다
	at java.base/java.util.concurrent.CompletableFuture.wrapInCompletionException(CompletableFuture.java:323)
	at java.base/java.util.concurrent.CompletableFuture.encodeThrowable(CompletableFuture.java:376)
	at java.base/java.util.concurrent.CompletableFuture.uniApplyNow(CompletableFuture.java:718)
	at java.base/java.util.concurrent.CompletableFuture.uniApplyStage(CompletableFuture.java:706)
	at java.base/java.util.concurrent.CompletableFuture.thenApply(CompletableFuture.java:2244)
	at org.eclipse.lsp4e.operations.codelens.CodeLensProvider.lambda$1(CodeLensProvider.java:41)
	at org.eclipse.lsp4e.LanguageServers.lambda$24(LanguageServers.java:445)
	at org.eclipse.lsp4e.LanguageServerWrapper.lambda$17(LanguageServerWrapper.java:976)
	at java.base/java.util.concurrent.CompletableFuture$UniCompose.tryFire(CompletableFuture.java:1194)
	at java.base/java.util.concurrent.CompletableFuture$Completion.run(CompletableFuture.java:526)
	at java.base/java.util.concurrent.ThreadPoolExecutor.runWorker(ThreadPoolExecutor.java:1144)
	at java.base/java.util.concurrent.ThreadPoolExecutor$Worker.run(ThreadPoolExecutor.java:642)
	at java.base/java.lang.Thread.run(Thread.java:1575)
Caused by: org.eclipse.lsp4j.jsonrpc.JsonRpcException: java.io.IOException: 파이프가 닫히는 중입니다
	at org.eclipse.lsp4j.jsonrpc.json.StreamMessageConsumer.consume(StreamMessageConsumer.java:72)
	at org.eclipse.lsp4e.LanguageServerWrapper.lambda$3(LanguageServerWrapper.java:413)
	at org.eclipse.lsp4j.jsonrpc.RemoteEndpoint.request(RemoteEndpoint.java:171)
	at org.eclipse.lsp4j.jsonrpc.services.EndpointProxy.invoke(EndpointProxy.java:91)
	at jdk.proxy15/jdk.proxy15.$Proxy38.codeLens(Unknown Source)
	at org.eclipse.lsp4e.operations.codelens.CodeLensProvider.lambda$1(CodeLensProvider.java:40)
	... 7 more
Caused by: java.io.IOException: 파이프가 닫히는 중입니다
	at java.base/java.io.FileOutputStream.writeBytes(Native Method)
	at java.base/java.io.FileOutputStream.write(FileOutputStream.java:400)
	at java.base/java.lang.Process$PipeOutputStream.write(Process.java:907)
	at java.base/java.io.BufferedOutputStream.flushBuffer(BufferedOutputStream.java:125)
	at java.base/java.io.BufferedOutputStream.implWrite(BufferedOutputStream.java:222)
	at java.base/java.io.BufferedOutputStream.write(BufferedOutputStream.java:200)
	at java.base/java.io.FilterOutputStream.write(FilterOutputStream.java:110)
	at org.eclipse.lsp4j.jsonrpc.json.StreamMessageConsumer.consume(StreamMessageConsumer.java:67)
	... 12 more

!ENTRY org.eclipse.lsp4e 4 0 2025-09-16 14:54:47.273
!MESSAGE java.io.IOException: 파이프가 닫히는 중입니다
!STACK 0
org.eclipse.lsp4j.jsonrpc.JsonRpcException: java.io.IOException: 파이프가 닫히는 중입니다
	at org.eclipse.lsp4j.jsonrpc.json.StreamMessageConsumer.consume(StreamMessageConsumer.java:72)
	at org.eclipse.lsp4e.LanguageServerWrapper.lambda$3(LanguageServerWrapper.java:413)
	at org.eclipse.lsp4j.jsonrpc.RemoteEndpoint.request(RemoteEndpoint.java:171)
	at org.eclipse.lsp4j.jsonrpc.services.EndpointProxy.invoke(EndpointProxy.java:91)
	at jdk.proxy15/jdk.proxy15.$Proxy38.inlayHint(Unknown Source)
	at org.eclipse.lsp4e.operations.inlayhint.InlayHintProvider.lambda$1(InlayHintProvider.java:55)
	at org.eclipse.lsp4e.LanguageServers.lambda$24(LanguageServers.java:445)
	at org.eclipse.lsp4e.LanguageServerWrapper.lambda$17(LanguageServerWrapper.java:976)
	at java.base/java.util.concurrent.CompletableFuture$UniCompose.tryFire(CompletableFuture.java:1194)
	at java.base/java.util.concurrent.CompletableFuture$Completion.run(CompletableFuture.java:526)
	at java.base/java.util.concurrent.ThreadPoolExecutor.runWorker(ThreadPoolExecutor.java:1144)
	at java.base/java.util.concurrent.ThreadPoolExecutor$Worker.run(ThreadPoolExecutor.java:642)
	at java.base/java.lang.Thread.run(Thread.java:1575)
Caused by: java.io.IOException: 파이프가 닫히는 중입니다
	at java.base/java.io.FileOutputStream.writeBytes(Native Method)
	at java.base/java.io.FileOutputStream.write(FileOutputStream.java:400)
	at java.base/java.lang.Process$PipeOutputStream.write(Process.java:907)
	at java.base/java.io.BufferedOutputStream.flushBuffer(BufferedOutputStream.java:125)
	at java.base/java.io.BufferedOutputStream.implWrite(BufferedOutputStream.java:222)
	at java.base/java.io.BufferedOutputStream.write(BufferedOutputStream.java:200)
	at java.base/java.io.FilterOutputStream.write(FilterOutputStream.java:110)
	at org.eclipse.lsp4j.jsonrpc.json.StreamMessageConsumer.consume(StreamMessageConsumer.java:67)
	... 12 more

!ENTRY org.eclipse.jface.text 4 0 2025-09-16 14:54:47.273
!MESSAGE org.eclipse.lsp4j.jsonrpc.JsonRpcException: java.io.IOException: 파이프가 닫히는 중입니다
!STACK 0
java.util.concurrent.CompletionException: org.eclipse.lsp4j.jsonrpc.JsonRpcException: java.io.IOException: 파이프가 닫히는 중입니다
	at java.base/java.util.concurrent.CompletableFuture.wrapInCompletionException(CompletableFuture.java:323)
	at java.base/java.util.concurrent.CompletableFuture.encodeThrowable(CompletableFuture.java:376)
	at java.base/java.util.concurrent.CompletableFuture.uniApplyNow(CompletableFuture.java:718)
	at java.base/java.util.concurrent.CompletableFuture.uniApplyStage(CompletableFuture.java:706)
	at java.base/java.util.concurrent.CompletableFuture.thenApply(CompletableFuture.java:2244)
	at org.eclipse.lsp4e.operations.codelens.CodeLensProvider.lambda$1(CodeLensProvider.java:41)
	at org.eclipse.lsp4e.LanguageServers.lambda$24(LanguageServers.java:445)
	at org.eclipse.lsp4e.LanguageServerWrapper.lambda$17(LanguageServerWrapper.java:976)
	at java.base/java.util.concurrent.CompletableFuture$UniCompose.tryFire(CompletableFuture.java:1194)
	at java.base/java.util.concurrent.CompletableFuture$Completion.run(CompletableFuture.java:526)
	at java.base/java.util.concurrent.ThreadPoolExecutor.runWorker(ThreadPoolExecutor.java:1144)
	at java.base/java.util.concurrent.ThreadPoolExecutor$Worker.run(ThreadPoolExecutor.java:642)
	at java.base/java.lang.Thread.run(Thread.java:1575)
Caused by: org.eclipse.lsp4j.jsonrpc.JsonRpcException: java.io.IOException: 파이프가 닫히는 중입니다
	at org.eclipse.lsp4j.jsonrpc.json.StreamMessageConsumer.consume(StreamMessageConsumer.java:72)
	at org.eclipse.lsp4e.LanguageServerWrapper.lambda$3(LanguageServerWrapper.java:413)
	at org.eclipse.lsp4j.jsonrpc.RemoteEndpoint.request(RemoteEndpoint.java:171)
	at org.eclipse.lsp4j.jsonrpc.services.EndpointProxy.invoke(EndpointProxy.java:91)
	at jdk.proxy15/jdk.proxy15.$Proxy38.codeLens(Unknown Source)
	at org.eclipse.lsp4e.operations.codelens.CodeLensProvider.lambda$1(CodeLensProvider.java:40)
	... 7 more
Caused by: java.io.IOException: 파이프가 닫히는 중입니다
	at java.base/java.io.FileOutputStream.writeBytes(Native Method)
	at java.base/java.io.FileOutputStream.write(FileOutputStream.java:400)
	at java.base/java.lang.Process$PipeOutputStream.write(Process.java:907)
	at java.base/java.io.BufferedOutputStream.flushBuffer(BufferedOutputStream.java:125)
	at java.base/java.io.BufferedOutputStream.implWrite(BufferedOutputStream.java:222)
	at java.base/java.io.BufferedOutputStream.write(BufferedOutputStream.java:200)
	at java.base/java.io.FilterOutputStream.write(FilterOutputStream.java:110)
	at org.eclipse.lsp4j.jsonrpc.json.StreamMessageConsumer.consume(StreamMessageConsumer.java:67)
	... 12 more

!ENTRY org.eclipse.lsp4e 4 0 2025-09-16 14:54:47.273
!MESSAGE java.io.IOException: 파이프가 닫히는 중입니다
!STACK 0
org.eclipse.lsp4j.jsonrpc.JsonRpcException: java.io.IOException: 파이프가 닫히는 중입니다
	at org.eclipse.lsp4j.jsonrpc.json.StreamMessageConsumer.consume(StreamMessageConsumer.java:72)
	at org.eclipse.lsp4e.LanguageServerWrapper.lambda$3(LanguageServerWrapper.java:413)
	at org.eclipse.lsp4j.jsonrpc.RemoteEndpoint.request(RemoteEndpoint.java:171)
	at org.eclipse.lsp4j.jsonrpc.services.EndpointProxy.invoke(EndpointProxy.java:91)
	at jdk.proxy15/jdk.proxy15.$Proxy38.inlayHint(Unknown Source)
	at org.eclipse.lsp4e.operations.inlayhint.InlayHintProvider.lambda$1(InlayHintProvider.java:55)
	at org.eclipse.lsp4e.LanguageServers.lambda$24(LanguageServers.java:445)
	at org.eclipse.lsp4e.LanguageServerWrapper.lambda$17(LanguageServerWrapper.java:976)
	at java.base/java.util.concurrent.CompletableFuture$UniCompose.tryFire(CompletableFuture.java:1194)
	at java.base/java.util.concurrent.CompletableFuture$Completion.run(CompletableFuture.java:526)
	at java.base/java.util.concurrent.ThreadPoolExecutor.runWorker(ThreadPoolExecutor.java:1144)
	at java.base/java.util.concurrent.ThreadPoolExecutor$Worker.run(ThreadPoolExecutor.java:642)
	at java.base/java.lang.Thread.run(Thread.java:1575)
Caused by: java.io.IOException: 파이프가 닫히는 중입니다
	at java.base/java.io.FileOutputStream.writeBytes(Native Method)
	at java.base/java.io.FileOutputStream.write(FileOutputStream.java:400)
	at java.base/java.lang.Process$PipeOutputStream.write(Process.java:907)
	at java.base/java.io.BufferedOutputStream.flushBuffer(BufferedOutputStream.java:125)
	at java.base/java.io.BufferedOutputStream.implWrite(BufferedOutputStream.java:222)
	at java.base/java.io.BufferedOutputStream.write(BufferedOutputStream.java:200)
	at java.base/java.io.FilterOutputStream.write(FilterOutputStream.java:110)
	at org.eclipse.lsp4j.jsonrpc.json.StreamMessageConsumer.consume(StreamMessageConsumer.java:67)
	... 12 more

!ENTRY org.eclipse.jface.text 4 0 2025-09-16 14:54:47.274
!MESSAGE org.eclipse.lsp4j.jsonrpc.JsonRpcException: java.io.IOException: 파이프가 닫히는 중입니다
!STACK 0
java.util.concurrent.CompletionException: org.eclipse.lsp4j.jsonrpc.JsonRpcException: java.io.IOException: 파이프가 닫히는 중입니다
	at java.base/java.util.concurrent.CompletableFuture.wrapInCompletionException(CompletableFuture.java:323)
	at java.base/java.util.concurrent.CompletableFuture.encodeThrowable(CompletableFuture.java:376)
	at java.base/java.util.concurrent.CompletableFuture.uniApplyNow(CompletableFuture.java:718)
	at java.base/java.util.concurrent.CompletableFuture.uniApplyStage(CompletableFuture.java:706)
	at java.base/java.util.concurrent.CompletableFuture.thenApply(CompletableFuture.java:2244)
	at org.eclipse.lsp4e.operations.codelens.CodeLensProvider.lambda$1(CodeLensProvider.java:41)
	at org.eclipse.lsp4e.LanguageServers.lambda$24(LanguageServers.java:445)
	at org.eclipse.lsp4e.LanguageServerWrapper.lambda$17(LanguageServerWrapper.java:976)
	at java.base/java.util.concurrent.CompletableFuture$UniCompose.tryFire(CompletableFuture.java:1194)
	at java.base/java.util.concurrent.CompletableFuture$Completion.run(CompletableFuture.java:526)
	at java.base/java.util.concurrent.ThreadPoolExecutor.runWorker(ThreadPoolExecutor.java:1144)
	at java.base/java.util.concurrent.ThreadPoolExecutor$Worker.run(ThreadPoolExecutor.java:642)
	at java.base/java.lang.Thread.run(Thread.java:1575)
Caused by: org.eclipse.lsp4j.jsonrpc.JsonRpcException: java.io.IOException: 파이프가 닫히는 중입니다
	at org.eclipse.lsp4j.jsonrpc.json.StreamMessageConsumer.consume(StreamMessageConsumer.java:72)
	at org.eclipse.lsp4e.LanguageServerWrapper.lambda$3(LanguageServerWrapper.java:413)
	at org.eclipse.lsp4j.jsonrpc.RemoteEndpoint.request(RemoteEndpoint.java:171)
	at org.eclipse.lsp4j.jsonrpc.services.EndpointProxy.invoke(EndpointProxy.java:91)
	at jdk.proxy15/jdk.proxy15.$Proxy38.codeLens(Unknown Source)
	at org.eclipse.lsp4e.operations.codelens.CodeLensProvider.lambda$1(CodeLensProvider.java:40)
	... 7 more
Caused by: java.io.IOException: 파이프가 닫히는 중입니다
	at java.base/java.io.FileOutputStream.writeBytes(Native Method)
	at java.base/java.io.FileOutputStream.write(FileOutputStream.java:400)
	at java.base/java.lang.Process$PipeOutputStream.write(Process.java:907)
	at java.base/java.io.BufferedOutputStream.flushBuffer(BufferedOutputStream.java:125)
	at java.base/java.io.BufferedOutputStream.implWrite(BufferedOutputStream.java:222)
	at java.base/java.io.BufferedOutputStream.write(BufferedOutputStream.java:200)
	at java.base/java.io.FilterOutputStream.write(FilterOutputStream.java:110)
	at org.eclipse.lsp4j.jsonrpc.json.StreamMessageConsumer.consume(StreamMessageConsumer.java:67)
	... 12 more

!ENTRY org.eclipse.lsp4e 4 0 2025-09-16 14:54:47.274
!MESSAGE java.io.IOException: 파이프가 닫히는 중입니다
!STACK 0
org.eclipse.lsp4j.jsonrpc.JsonRpcException: java.io.IOException: 파이프가 닫히는 중입니다
	at org.eclipse.lsp4j.jsonrpc.json.StreamMessageConsumer.consume(StreamMessageConsumer.java:72)
	at org.eclipse.lsp4e.LanguageServerWrapper.lambda$3(LanguageServerWrapper.java:413)
	at org.eclipse.lsp4j.jsonrpc.RemoteEndpoint.request(RemoteEndpoint.java:171)
	at org.eclipse.lsp4j.jsonrpc.services.EndpointProxy.invoke(EndpointProxy.java:91)
	at jdk.proxy15/jdk.proxy15.$Proxy38.inlayHint(Unknown Source)
	at org.eclipse.lsp4e.operations.inlayhint.InlayHintProvider.lambda$1(InlayHintProvider.java:55)
	at org.eclipse.lsp4e.LanguageServers.lambda$24(LanguageServers.java:445)
	at org.eclipse.lsp4e.LanguageServerWrapper.lambda$17(LanguageServerWrapper.java:976)
	at java.base/java.util.concurrent.CompletableFuture$UniCompose.tryFire(CompletableFuture.java:1194)
	at java.base/java.util.concurrent.CompletableFuture$Completion.run(CompletableFuture.java:526)
	at java.base/java.util.concurrent.ThreadPoolExecutor.runWorker(ThreadPoolExecutor.java:1144)
	at java.base/java.util.concurrent.ThreadPoolExecutor$Worker.run(ThreadPoolExecutor.java:642)
	at java.base/java.lang.Thread.run(Thread.java:1575)
Caused by: java.io.IOException: 파이프가 닫히는 중입니다
	at java.base/java.io.FileOutputStream.writeBytes(Native Method)
	at java.base/java.io.FileOutputStream.write(FileOutputStream.java:400)
	at java.base/java.lang.Process$PipeOutputStream.write(Process.java:907)
	at java.base/java.io.BufferedOutputStream.flushBuffer(BufferedOutputStream.java:125)
	at java.base/java.io.BufferedOutputStream.implWrite(BufferedOutputStream.java:222)
	at java.base/java.io.BufferedOutputStream.write(BufferedOutputStream.java:200)
	at java.base/java.io.FilterOutputStream.write(FilterOutputStream.java:110)
	at org.eclipse.lsp4j.jsonrpc.json.StreamMessageConsumer.consume(StreamMessageConsumer.java:67)
	... 12 more

!ENTRY org.eclipse.jface.text 4 0 2025-09-16 14:54:47.274
!MESSAGE org.eclipse.lsp4j.jsonrpc.JsonRpcException: java.io.IOException: 파이프가 닫히는 중입니다
!STACK 0
java.util.concurrent.CompletionException: org.eclipse.lsp4j.jsonrpc.JsonRpcException: java.io.IOException: 파이프가 닫히는 중입니다
	at java.base/java.util.concurrent.CompletableFuture.wrapInCompletionException(CompletableFuture.java:323)
	at java.base/java.util.concurrent.CompletableFuture.encodeThrowable(CompletableFuture.java:376)
	at java.base/java.util.concurrent.CompletableFuture.uniApplyNow(CompletableFuture.java:718)
	at java.base/java.util.concurrent.CompletableFuture.uniApplyStage(CompletableFuture.java:706)
	at java.base/java.util.concurrent.CompletableFuture.thenApply(CompletableFuture.java:2244)
	at org.eclipse.lsp4e.operations.codelens.CodeLensProvider.lambda$1(CodeLensProvider.java:41)
	at org.eclipse.lsp4e.LanguageServers.lambda$24(LanguageServers.java:445)
	at org.eclipse.lsp4e.LanguageServerWrapper.lambda$17(LanguageServerWrapper.java:976)
	at java.base/java.util.concurrent.CompletableFuture$UniCompose.tryFire(CompletableFuture.java:1194)
	at java.base/java.util.concurrent.CompletableFuture$Completion.run(CompletableFuture.java:526)
	at java.base/java.util.concurrent.ThreadPoolExecutor.runWorker(ThreadPoolExecutor.java:1144)
	at java.base/java.util.concurrent.ThreadPoolExecutor$Worker.run(ThreadPoolExecutor.java:642)
	at java.base/java.lang.Thread.run(Thread.java:1575)
Caused by: org.eclipse.lsp4j.jsonrpc.JsonRpcException: java.io.IOException: 파이프가 닫히는 중입니다
	at org.eclipse.lsp4j.jsonrpc.json.StreamMessageConsumer.consume(StreamMessageConsumer.java:72)
	at org.eclipse.lsp4e.LanguageServerWrapper.lambda$3(LanguageServerWrapper.java:413)
	at org.eclipse.lsp4j.jsonrpc.RemoteEndpoint.request(RemoteEndpoint.java:171)
	at org.eclipse.lsp4j.jsonrpc.services.EndpointProxy.invoke(EndpointProxy.java:91)
	at jdk.proxy15/jdk.proxy15.$Proxy38.codeLens(Unknown Source)
	at org.eclipse.lsp4e.operations.codelens.CodeLensProvider.lambda$1(CodeLensProvider.java:40)
	... 7 more
Caused by: java.io.IOException: 파이프가 닫히는 중입니다
	at java.base/java.io.FileOutputStream.writeBytes(Native Method)
	at java.base/java.io.FileOutputStream.write(FileOutputStream.java:400)
	at java.base/java.lang.Process$PipeOutputStream.write(Process.java:907)
	at java.base/java.io.BufferedOutputStream.flushBuffer(BufferedOutputStream.java:125)
	at java.base/java.io.BufferedOutputStream.implWrite(BufferedOutputStream.java:222)
	at java.base/java.io.BufferedOutputStream.write(BufferedOutputStream.java:200)
	at java.base/java.io.FilterOutputStream.write(FilterOutputStream.java:110)
	at org.eclipse.lsp4j.jsonrpc.json.StreamMessageConsumer.consume(StreamMessageConsumer.java:67)
	... 12 more

!ENTRY org.eclipse.lsp4e 4 0 2025-09-16 14:54:47.275
!MESSAGE java.io.IOException: 파이프가 닫히는 중입니다
!STACK 0
org.eclipse.lsp4j.jsonrpc.JsonRpcException: java.io.IOException: 파이프가 닫히는 중입니다
	at org.eclipse.lsp4j.jsonrpc.json.StreamMessageConsumer.consume(StreamMessageConsumer.java:72)
	at org.eclipse.lsp4e.LanguageServerWrapper.lambda$3(LanguageServerWrapper.java:413)
	at org.eclipse.lsp4j.jsonrpc.RemoteEndpoint.request(RemoteEndpoint.java:171)
	at org.eclipse.lsp4j.jsonrpc.services.EndpointProxy.invoke(EndpointProxy.java:91)
	at jdk.proxy15/jdk.proxy15.$Proxy38.inlayHint(Unknown Source)
	at org.eclipse.lsp4e.operations.inlayhint.InlayHintProvider.lambda$1(InlayHintProvider.java:55)
	at org.eclipse.lsp4e.LanguageServers.lambda$24(LanguageServers.java:445)
	at org.eclipse.lsp4e.LanguageServerWrapper.lambda$17(LanguageServerWrapper.java:976)
	at java.base/java.util.concurrent.CompletableFuture$UniCompose.tryFire(CompletableFuture.java:1194)
	at java.base/java.util.concurrent.CompletableFuture$Completion.run(CompletableFuture.java:526)
	at java.base/java.util.concurrent.ThreadPoolExecutor.runWorker(ThreadPoolExecutor.java:1144)
	at java.base/java.util.concurrent.ThreadPoolExecutor$Worker.run(ThreadPoolExecutor.java:642)
	at java.base/java.lang.Thread.run(Thread.java:1575)
Caused by: java.io.IOException: 파이프가 닫히는 중입니다
	at java.base/java.io.FileOutputStream.writeBytes(Native Method)
	at java.base/java.io.FileOutputStream.write(FileOutputStream.java:400)
	at java.base/java.lang.Process$PipeOutputStream.write(Process.java:907)
	at java.base/java.io.BufferedOutputStream.flushBuffer(BufferedOutputStream.java:125)
	at java.base/java.io.BufferedOutputStream.implWrite(BufferedOutputStream.java:222)
	at java.base/java.io.BufferedOutputStream.write(BufferedOutputStream.java:200)
	at java.base/java.io.FilterOutputStream.write(FilterOutputStream.java:110)
	at org.eclipse.lsp4j.jsonrpc.json.StreamMessageConsumer.consume(StreamMessageConsumer.java:67)
	... 12 more

!ENTRY org.eclipse.jface.text 4 0 2025-09-16 14:54:47.275
!MESSAGE org.eclipse.lsp4j.jsonrpc.JsonRpcException: java.io.IOException: 파이프가 닫히는 중입니다
!STACK 0
java.util.concurrent.CompletionException: org.eclipse.lsp4j.jsonrpc.JsonRpcException: java.io.IOException: 파이프가 닫히는 중입니다
	at java.base/java.util.concurrent.CompletableFuture.wrapInCompletionException(CompletableFuture.java:323)
	at java.base/java.util.concurrent.CompletableFuture.encodeThrowable(CompletableFuture.java:376)
	at java.base/java.util.concurrent.CompletableFuture.uniApplyNow(CompletableFuture.java:718)
	at java.base/java.util.concurrent.CompletableFuture.uniApplyStage(CompletableFuture.java:706)
	at java.base/java.util.concurrent.CompletableFuture.thenApply(CompletableFuture.java:2244)
	at org.eclipse.lsp4e.operations.codelens.CodeLensProvider.lambda$1(CodeLensProvider.java:41)
	at org.eclipse.lsp4e.LanguageServers.lambda$24(LanguageServers.java:445)
	at org.eclipse.lsp4e.LanguageServerWrapper.lambda$17(LanguageServerWrapper.java:976)
	at java.base/java.util.concurrent.CompletableFuture$UniCompose.tryFire(CompletableFuture.java:1194)
	at java.base/java.util.concurrent.CompletableFuture$Completion.run(CompletableFuture.java:526)
	at java.base/java.util.concurrent.ThreadPoolExecutor.runWorker(ThreadPoolExecutor.java:1144)
	at java.base/java.util.concurrent.ThreadPoolExecutor$Worker.run(ThreadPoolExecutor.java:642)
	at java.base/java.lang.Thread.run(Thread.java:1575)
Caused by: org.eclipse.lsp4j.jsonrpc.JsonRpcException: java.io.IOException: 파이프가 닫히는 중입니다
	at org.eclipse.lsp4j.jsonrpc.json.StreamMessageConsumer.consume(StreamMessageConsumer.java:72)
	at org.eclipse.lsp4e.LanguageServerWrapper.lambda$3(LanguageServerWrapper.java:413)
	at org.eclipse.lsp4j.jsonrpc.RemoteEndpoint.request(RemoteEndpoint.java:171)
	at org.eclipse.lsp4j.jsonrpc.services.EndpointProxy.invoke(EndpointProxy.java:91)
	at jdk.proxy15/jdk.proxy15.$Proxy38.codeLens(Unknown Source)
	at org.eclipse.lsp4e.operations.codelens.CodeLensProvider.lambda$1(CodeLensProvider.java:40)
	... 7 more
Caused by: java.io.IOException: 파이프가 닫히는 중입니다
	at java.base/java.io.FileOutputStream.writeBytes(Native Method)
	at java.base/java.io.FileOutputStream.write(FileOutputStream.java:400)
	at java.base/java.lang.Process$PipeOutputStream.write(Process.java:907)
	at java.base/java.io.BufferedOutputStream.flushBuffer(BufferedOutputStream.java:125)
	at java.base/java.io.BufferedOutputStream.implWrite(BufferedOutputStream.java:222)
	at java.base/java.io.BufferedOutputStream.write(BufferedOutputStream.java:200)
	at java.base/java.io.FilterOutputStream.write(FilterOutputStream.java:110)
	at org.eclipse.lsp4j.jsonrpc.json.StreamMessageConsumer.consume(StreamMessageConsumer.java:67)
	... 12 more

!ENTRY org.eclipse.lsp4e 4 0 2025-09-16 14:54:47.275
!MESSAGE java.io.IOException: 파이프가 닫히는 중입니다
!STACK 0
org.eclipse.lsp4j.jsonrpc.JsonRpcException: java.io.IOException: 파이프가 닫히는 중입니다
	at org.eclipse.lsp4j.jsonrpc.json.StreamMessageConsumer.consume(StreamMessageConsumer.java:72)
	at org.eclipse.lsp4e.LanguageServerWrapper.lambda$3(LanguageServerWrapper.java:413)
	at org.eclipse.lsp4j.jsonrpc.RemoteEndpoint.request(RemoteEndpoint.java:171)
	at org.eclipse.lsp4j.jsonrpc.services.EndpointProxy.invoke(EndpointProxy.java:91)
	at jdk.proxy15/jdk.proxy15.$Proxy38.inlayHint(Unknown Source)
	at org.eclipse.lsp4e.operations.inlayhint.InlayHintProvider.lambda$1(InlayHintProvider.java:55)
	at org.eclipse.lsp4e.LanguageServers.lambda$24(LanguageServers.java:445)
	at org.eclipse.lsp4e.LanguageServerWrapper.lambda$17(LanguageServerWrapper.java:976)
	at java.base/java.util.concurrent.CompletableFuture$UniCompose.tryFire(CompletableFuture.java:1194)
	at java.base/java.util.concurrent.CompletableFuture$Completion.run(CompletableFuture.java:526)
	at java.base/java.util.concurrent.ThreadPoolExecutor.runWorker(ThreadPoolExecutor.java:1144)
	at java.base/java.util.concurrent.ThreadPoolExecutor$Worker.run(ThreadPoolExecutor.java:642)
	at java.base/java.lang.Thread.run(Thread.java:1575)
Caused by: java.io.IOException: 파이프가 닫히는 중입니다
	at java.base/java.io.FileOutputStream.writeBytes(Native Method)
	at java.base/java.io.FileOutputStream.write(FileOutputStream.java:400)
	at java.base/java.lang.Process$PipeOutputStream.write(Process.java:907)
	at java.base/java.io.BufferedOutputStream.flushBuffer(BufferedOutputStream.java:125)
	at java.base/java.io.BufferedOutputStream.implWrite(BufferedOutputStream.java:222)
	at java.base/java.io.BufferedOutputStream.write(BufferedOutputStream.java:200)
	at java.base/java.io.FilterOutputStream.write(FilterOutputStream.java:110)
	at org.eclipse.lsp4j.jsonrpc.json.StreamMessageConsumer.consume(StreamMessageConsumer.java:67)
	... 12 more

!ENTRY org.eclipse.jface.text 4 0 2025-09-16 14:54:47.276
!MESSAGE org.eclipse.lsp4j.jsonrpc.JsonRpcException: java.io.IOException: 파이프가 닫히는 중입니다
!STACK 0
java.util.concurrent.CompletionException: org.eclipse.lsp4j.jsonrpc.JsonRpcException: java.io.IOException: 파이프가 닫히는 중입니다
	at java.base/java.util.concurrent.CompletableFuture.wrapInCompletionException(CompletableFuture.java:323)
	at java.base/java.util.concurrent.CompletableFuture.encodeThrowable(CompletableFuture.java:376)
	at java.base/java.util.concurrent.CompletableFuture.uniApplyNow(CompletableFuture.java:718)
	at java.base/java.util.concurrent.CompletableFuture.uniApplyStage(CompletableFuture.java:706)
	at java.base/java.util.concurrent.CompletableFuture.thenApply(CompletableFuture.java:2244)
	at org.eclipse.lsp4e.operations.codelens.CodeLensProvider.lambda$1(CodeLensProvider.java:41)
	at org.eclipse.lsp4e.LanguageServers.lambda$24(LanguageServers.java:445)
	at org.eclipse.lsp4e.LanguageServerWrapper.lambda$17(LanguageServerWrapper.java:976)
	at java.base/java.util.concurrent.CompletableFuture$UniCompose.tryFire(CompletableFuture.java:1194)
	at java.base/java.util.concurrent.CompletableFuture$Completion.run(CompletableFuture.java:526)
	at java.base/java.util.concurrent.ThreadPoolExecutor.runWorker(ThreadPoolExecutor.java:1144)
	at java.base/java.util.concurrent.ThreadPoolExecutor$Worker.run(ThreadPoolExecutor.java:642)
	at java.base/java.lang.Thread.run(Thread.java:1575)
Caused by: org.eclipse.lsp4j.jsonrpc.JsonRpcException: java.io.IOException: 파이프가 닫히는 중입니다
	at org.eclipse.lsp4j.jsonrpc.json.StreamMessageConsumer.consume(StreamMessageConsumer.java:72)
	at org.eclipse.lsp4e.LanguageServerWrapper.lambda$3(LanguageServerWrapper.java:413)
	at org.eclipse.lsp4j.jsonrpc.RemoteEndpoint.request(RemoteEndpoint.java:171)
	at org.eclipse.lsp4j.jsonrpc.services.EndpointProxy.invoke(EndpointProxy.java:91)
	at jdk.proxy15/jdk.proxy15.$Proxy38.codeLens(Unknown Source)
	at org.eclipse.lsp4e.operations.codelens.CodeLensProvider.lambda$1(CodeLensProvider.java:40)
	... 7 more
Caused by: java.io.IOException: 파이프가 닫히는 중입니다
	at java.base/java.io.FileOutputStream.writeBytes(Native Method)
	at java.base/java.io.FileOutputStream.write(FileOutputStream.java:400)
	at java.base/java.lang.Process$PipeOutputStream.write(Process.java:907)
	at java.base/java.io.BufferedOutputStream.flushBuffer(BufferedOutputStream.java:125)
	at java.base/java.io.BufferedOutputStream.implWrite(BufferedOutputStream.java:222)
	at java.base/java.io.BufferedOutputStream.write(BufferedOutputStream.java:200)
	at java.base/java.io.FilterOutputStream.write(FilterOutputStream.java:110)
	at org.eclipse.lsp4j.jsonrpc.json.StreamMessageConsumer.consume(StreamMessageConsumer.java:67)
	... 12 more

!ENTRY org.eclipse.lsp4e 4 0 2025-09-16 14:54:47.276
!MESSAGE java.io.IOException: 파이프가 닫히는 중입니다
!STACK 0
org.eclipse.lsp4j.jsonrpc.JsonRpcException: java.io.IOException: 파이프가 닫히는 중입니다
	at org.eclipse.lsp4j.jsonrpc.json.StreamMessageConsumer.consume(StreamMessageConsumer.java:72)
	at org.eclipse.lsp4e.LanguageServerWrapper.lambda$3(LanguageServerWrapper.java:413)
	at org.eclipse.lsp4j.jsonrpc.RemoteEndpoint.request(RemoteEndpoint.java:171)
	at org.eclipse.lsp4j.jsonrpc.services.EndpointProxy.invoke(EndpointProxy.java:91)
	at jdk.proxy15/jdk.proxy15.$Proxy38.inlayHint(Unknown Source)
	at org.eclipse.lsp4e.operations.inlayhint.InlayHintProvider.lambda$1(InlayHintProvider.java:55)
	at org.eclipse.lsp4e.LanguageServers.lambda$24(LanguageServers.java:445)
	at org.eclipse.lsp4e.LanguageServerWrapper.lambda$17(LanguageServerWrapper.java:976)
	at java.base/java.util.concurrent.CompletableFuture$UniCompose.tryFire(CompletableFuture.java:1194)
	at java.base/java.util.concurrent.CompletableFuture$Completion.run(CompletableFuture.java:526)
	at java.base/java.util.concurrent.ThreadPoolExecutor.runWorker(ThreadPoolExecutor.java:1144)
	at java.base/java.util.concurrent.ThreadPoolExecutor$Worker.run(ThreadPoolExecutor.java:642)
	at java.base/java.lang.Thread.run(Thread.java:1575)
Caused by: java.io.IOException: 파이프가 닫히는 중입니다
	at java.base/java.io.FileOutputStream.writeBytes(Native Method)
	at java.base/java.io.FileOutputStream.write(FileOutputStream.java:400)
	at java.base/java.lang.Process$PipeOutputStream.write(Process.java:907)
	at java.base/java.io.BufferedOutputStream.flushBuffer(BufferedOutputStream.java:125)
	at java.base/java.io.BufferedOutputStream.implWrite(BufferedOutputStream.java:222)
	at java.base/java.io.BufferedOutputStream.write(BufferedOutputStream.java:200)
	at java.base/java.io.FilterOutputStream.write(FilterOutputStream.java:110)
	at org.eclipse.lsp4j.jsonrpc.json.StreamMessageConsumer.consume(StreamMessageConsumer.java:67)
	... 12 more

!ENTRY org.eclipse.jface.text 4 0 2025-09-16 14:54:47.276
!MESSAGE org.eclipse.lsp4j.jsonrpc.JsonRpcException: java.io.IOException: 파이프가 닫히는 중입니다
!STACK 0
java.util.concurrent.CompletionException: org.eclipse.lsp4j.jsonrpc.JsonRpcException: java.io.IOException: 파이프가 닫히는 중입니다
	at java.base/java.util.concurrent.CompletableFuture.wrapInCompletionException(CompletableFuture.java:323)
	at java.base/java.util.concurrent.CompletableFuture.encodeThrowable(CompletableFuture.java:376)
	at java.base/java.util.concurrent.CompletableFuture.uniApplyNow(CompletableFuture.java:718)
	at java.base/java.util.concurrent.CompletableFuture.uniApplyStage(CompletableFuture.java:706)
	at java.base/java.util.concurrent.CompletableFuture.thenApply(CompletableFuture.java:2244)
	at org.eclipse.lsp4e.operations.codelens.CodeLensProvider.lambda$1(CodeLensProvider.java:41)
	at org.eclipse.lsp4e.LanguageServers.lambda$24(LanguageServers.java:445)
	at org.eclipse.lsp4e.LanguageServerWrapper.lambda$17(LanguageServerWrapper.java:976)
	at java.base/java.util.concurrent.CompletableFuture$UniCompose.tryFire(CompletableFuture.java:1194)
	at java.base/java.util.concurrent.CompletableFuture$Completion.run(CompletableFuture.java:526)
	at java.base/java.util.concurrent.ThreadPoolExecutor.runWorker(ThreadPoolExecutor.java:1144)
	at java.base/java.util.concurrent.ThreadPoolExecutor$Worker.run(ThreadPoolExecutor.java:642)
	at java.base/java.lang.Thread.run(Thread.java:1575)
Caused by: org.eclipse.lsp4j.jsonrpc.JsonRpcException: java.io.IOException: 파이프가 닫히는 중입니다
	at org.eclipse.lsp4j.jsonrpc.json.StreamMessageConsumer.consume(StreamMessageConsumer.java:72)
	at org.eclipse.lsp4e.LanguageServerWrapper.lambda$3(LanguageServerWrapper.java:413)
	at org.eclipse.lsp4j.jsonrpc.RemoteEndpoint.request(RemoteEndpoint.java:171)
	at org.eclipse.lsp4j.jsonrpc.services.EndpointProxy.invoke(EndpointProxy.java:91)
	at jdk.proxy15/jdk.proxy15.$Proxy38.codeLens(Unknown Source)
	at org.eclipse.lsp4e.operations.codelens.CodeLensProvider.lambda$1(CodeLensProvider.java:40)
	... 7 more
Caused by: java.io.IOException: 파이프가 닫히는 중입니다
	at java.base/java.io.FileOutputStream.writeBytes(Native Method)
	at java.base/java.io.FileOutputStream.write(FileOutputStream.java:400)
	at java.base/java.lang.Process$PipeOutputStream.write(Process.java:907)
	at java.base/java.io.BufferedOutputStream.flushBuffer(BufferedOutputStream.java:125)
	at java.base/java.io.BufferedOutputStream.implWrite(BufferedOutputStream.java:222)
	at java.base/java.io.BufferedOutputStream.write(BufferedOutputStream.java:200)
	at java.base/java.io.FilterOutputStream.write(FilterOutputStream.java:110)
	at org.eclipse.lsp4j.jsonrpc.json.StreamMessageConsumer.consume(StreamMessageConsumer.java:67)
	... 12 more

!ENTRY org.eclipse.lsp4e 4 0 2025-09-16 14:54:47.277
!MESSAGE java.io.IOException: 파이프가 닫히는 중입니다
!STACK 0
org.eclipse.lsp4j.jsonrpc.JsonRpcException: java.io.IOException: 파이프가 닫히는 중입니다
	at org.eclipse.lsp4j.jsonrpc.json.StreamMessageConsumer.consume(StreamMessageConsumer.java:72)
	at org.eclipse.lsp4e.LanguageServerWrapper.lambda$3(LanguageServerWrapper.java:413)
	at org.eclipse.lsp4j.jsonrpc.RemoteEndpoint.request(RemoteEndpoint.java:171)
	at org.eclipse.lsp4j.jsonrpc.services.EndpointProxy.invoke(EndpointProxy.java:91)
	at jdk.proxy15/jdk.proxy15.$Proxy38.inlayHint(Unknown Source)
	at org.eclipse.lsp4e.operations.inlayhint.InlayHintProvider.lambda$1(InlayHintProvider.java:55)
	at org.eclipse.lsp4e.LanguageServers.lambda$24(LanguageServers.java:445)
	at org.eclipse.lsp4e.LanguageServerWrapper.lambda$17(LanguageServerWrapper.java:976)
	at java.base/java.util.concurrent.CompletableFuture$UniCompose.tryFire(CompletableFuture.java:1194)
	at java.base/java.util.concurrent.CompletableFuture$Completion.run(CompletableFuture.java:526)
	at java.base/java.util.concurrent.ThreadPoolExecutor.runWorker(ThreadPoolExecutor.java:1144)
	at java.base/java.util.concurrent.ThreadPoolExecutor$Worker.run(ThreadPoolExecutor.java:642)
	at java.base/java.lang.Thread.run(Thread.java:1575)
Caused by: java.io.IOException: 파이프가 닫히는 중입니다
	at java.base/java.io.FileOutputStream.writeBytes(Native Method)
	at java.base/java.io.FileOutputStream.write(FileOutputStream.java:400)
	at java.base/java.lang.Process$PipeOutputStream.write(Process.java:907)
	at java.base/java.io.BufferedOutputStream.flushBuffer(BufferedOutputStream.java:125)
	at java.base/java.io.BufferedOutputStream.implWrite(BufferedOutputStream.java:222)
	at java.base/java.io.BufferedOutputStream.write(BufferedOutputStream.java:200)
	at java.base/java.io.FilterOutputStream.write(FilterOutputStream.java:110)
	at org.eclipse.lsp4j.jsonrpc.json.StreamMessageConsumer.consume(StreamMessageConsumer.java:67)
	... 12 more

!ENTRY org.eclipse.jface.text 4 0 2025-09-16 14:54:47.277
!MESSAGE org.eclipse.lsp4j.jsonrpc.JsonRpcException: java.io.IOException: 파이프가 닫히는 중입니다
!STACK 0
java.util.concurrent.CompletionException: org.eclipse.lsp4j.jsonrpc.JsonRpcException: java.io.IOException: 파이프가 닫히는 중입니다
	at java.base/java.util.concurrent.CompletableFuture.wrapInCompletionException(CompletableFuture.java:323)
	at java.base/java.util.concurrent.CompletableFuture.encodeThrowable(CompletableFuture.java:376)
	at java.base/java.util.concurrent.CompletableFuture.uniApplyNow(CompletableFuture.java:718)
	at java.base/java.util.concurrent.CompletableFuture.uniApplyStage(CompletableFuture.java:706)
	at java.base/java.util.concurrent.CompletableFuture.thenApply(CompletableFuture.java:2244)
	at org.eclipse.lsp4e.operations.codelens.CodeLensProvider.lambda$1(CodeLensProvider.java:41)
	at org.eclipse.lsp4e.LanguageServers.lambda$24(LanguageServers.java:445)
	at org.eclipse.lsp4e.LanguageServerWrapper.lambda$17(LanguageServerWrapper.java:976)
	at java.base/java.util.concurrent.CompletableFuture$UniCompose.tryFire(CompletableFuture.java:1194)
	at java.base/java.util.concurrent.CompletableFuture$Completion.run(CompletableFuture.java:526)
	at java.base/java.util.concurrent.ThreadPoolExecutor.runWorker(ThreadPoolExecutor.java:1144)
	at java.base/java.util.concurrent.ThreadPoolExecutor$Worker.run(ThreadPoolExecutor.java:642)
	at java.base/java.lang.Thread.run(Thread.java:1575)
Caused by: org.eclipse.lsp4j.jsonrpc.JsonRpcException: java.io.IOException: 파이프가 닫히는 중입니다
	at org.eclipse.lsp4j.jsonrpc.json.StreamMessageConsumer.consume(StreamMessageConsumer.java:72)
	at org.eclipse.lsp4e.LanguageServerWrapper.lambda$3(LanguageServerWrapper.java:413)
	at org.eclipse.lsp4j.jsonrpc.RemoteEndpoint.request(RemoteEndpoint.java:171)
	at org.eclipse.lsp4j.jsonrpc.services.EndpointProxy.invoke(EndpointProxy.java:91)
	at jdk.proxy15/jdk.proxy15.$Proxy38.codeLens(Unknown Source)
	at org.eclipse.lsp4e.operations.codelens.CodeLensProvider.lambda$1(CodeLensProvider.java:40)
	... 7 more
Caused by: java.io.IOException: 파이프가 닫히는 중입니다
	at java.base/java.io.FileOutputStream.writeBytes(Native Method)
	at java.base/java.io.FileOutputStream.write(FileOutputStream.java:400)
	at java.base/java.lang.Process$PipeOutputStream.write(Process.java:907)
	at java.base/java.io.BufferedOutputStream.flushBuffer(BufferedOutputStream.java:125)
	at java.base/java.io.BufferedOutputStream.implWrite(BufferedOutputStream.java:222)
	at java.base/java.io.BufferedOutputStream.write(BufferedOutputStream.java:200)
	at java.base/java.io.FilterOutputStream.write(FilterOutputStream.java:110)
	at org.eclipse.lsp4j.jsonrpc.json.StreamMessageConsumer.consume(StreamMessageConsumer.java:67)
	... 12 more

!ENTRY org.eclipse.lsp4e 4 0 2025-09-16 14:54:47.277
!MESSAGE java.io.IOException: 파이프가 닫히는 중입니다
!STACK 0
org.eclipse.lsp4j.jsonrpc.JsonRpcException: java.io.IOException: 파이프가 닫히는 중입니다
	at org.eclipse.lsp4j.jsonrpc.json.StreamMessageConsumer.consume(StreamMessageConsumer.java:72)
	at org.eclipse.lsp4e.LanguageServerWrapper.lambda$3(LanguageServerWrapper.java:413)
	at org.eclipse.lsp4j.jsonrpc.RemoteEndpoint.request(RemoteEndpoint.java:171)
	at org.eclipse.lsp4j.jsonrpc.services.EndpointProxy.invoke(EndpointProxy.java:91)
	at jdk.proxy15/jdk.proxy15.$Proxy38.inlayHint(Unknown Source)
	at org.eclipse.lsp4e.operations.inlayhint.InlayHintProvider.lambda$1(InlayHintProvider.java:55)
	at org.eclipse.lsp4e.LanguageServers.lambda$24(LanguageServers.java:445)
	at org.eclipse.lsp4e.LanguageServerWrapper.lambda$17(LanguageServerWrapper.java:976)
	at java.base/java.util.concurrent.CompletableFuture$UniCompose.tryFire(CompletableFuture.java:1194)
	at java.base/java.util.concurrent.CompletableFuture$Completion.run(CompletableFuture.java:526)
	at java.base/java.util.concurrent.ThreadPoolExecutor.runWorker(ThreadPoolExecutor.java:1144)
	at java.base/java.util.concurrent.ThreadPoolExecutor$Worker.run(ThreadPoolExecutor.java:642)
	at java.base/java.lang.Thread.run(Thread.java:1575)
Caused by: java.io.IOException: 파이프가 닫히는 중입니다
	at java.base/java.io.FileOutputStream.writeBytes(Native Method)
	at java.base/java.io.FileOutputStream.write(FileOutputStream.java:400)
	at java.base/java.lang.Process$PipeOutputStream.write(Process.java:907)
	at java.base/java.io.BufferedOutputStream.flushBuffer(BufferedOutputStream.java:125)
	at java.base/java.io.BufferedOutputStream.implWrite(BufferedOutputStream.java:222)
	at java.base/java.io.BufferedOutputStream.write(BufferedOutputStream.java:200)
	at java.base/java.io.FilterOutputStream.write(FilterOutputStream.java:110)
	at org.eclipse.lsp4j.jsonrpc.json.StreamMessageConsumer.consume(StreamMessageConsumer.java:67)
	... 12 more

!ENTRY org.eclipse.jface.text 4 0 2025-09-16 14:54:47.278
!MESSAGE org.eclipse.lsp4j.jsonrpc.JsonRpcException: java.io.IOException: 파이프가 닫히는 중입니다
!STACK 0
java.util.concurrent.CompletionException: org.eclipse.lsp4j.jsonrpc.JsonRpcException: java.io.IOException: 파이프가 닫히는 중입니다
	at java.base/java.util.concurrent.CompletableFuture.wrapInCompletionException(CompletableFuture.java:323)
	at java.base/java.util.concurrent.CompletableFuture.encodeThrowable(CompletableFuture.java:376)
	at java.base/java.util.concurrent.CompletableFuture.uniApplyNow(CompletableFuture.java:718)
	at java.base/java.util.concurrent.CompletableFuture.uniApplyStage(CompletableFuture.java:706)
	at java.base/java.util.concurrent.CompletableFuture.thenApply(CompletableFuture.java:2244)
	at org.eclipse.lsp4e.operations.codelens.CodeLensProvider.lambda$1(CodeLensProvider.java:41)
	at org.eclipse.lsp4e.LanguageServers.lambda$24(LanguageServers.java:445)
	at org.eclipse.lsp4e.LanguageServerWrapper.lambda$17(LanguageServerWrapper.java:976)
	at java.base/java.util.concurrent.CompletableFuture$UniCompose.tryFire(CompletableFuture.java:1194)
	at java.base/java.util.concurrent.CompletableFuture$Completion.run(CompletableFuture.java:526)
	at java.base/java.util.concurrent.ThreadPoolExecutor.runWorker(ThreadPoolExecutor.java:1144)
	at java.base/java.util.concurrent.ThreadPoolExecutor$Worker.run(ThreadPoolExecutor.java:642)
	at java.base/java.lang.Thread.run(Thread.java:1575)
Caused by: org.eclipse.lsp4j.jsonrpc.JsonRpcException: java.io.IOException: 파이프가 닫히는 중입니다
	at org.eclipse.lsp4j.jsonrpc.json.StreamMessageConsumer.consume(StreamMessageConsumer.java:72)
	at org.eclipse.lsp4e.LanguageServerWrapper.lambda$3(LanguageServerWrapper.java:413)
	at org.eclipse.lsp4j.jsonrpc.RemoteEndpoint.request(RemoteEndpoint.java:171)
	at org.eclipse.lsp4j.jsonrpc.services.EndpointProxy.invoke(EndpointProxy.java:91)
	at jdk.proxy15/jdk.proxy15.$Proxy38.codeLens(Unknown Source)
	at org.eclipse.lsp4e.operations.codelens.CodeLensProvider.lambda$1(CodeLensProvider.java:40)
	... 7 more
Caused by: java.io.IOException: 파이프가 닫히는 중입니다
	at java.base/java.io.FileOutputStream.writeBytes(Native Method)
	at java.base/java.io.FileOutputStream.write(FileOutputStream.java:400)
	at java.base/java.lang.Process$PipeOutputStream.write(Process.java:907)
	at java.base/java.io.BufferedOutputStream.flushBuffer(BufferedOutputStream.java:125)
	at java.base/java.io.BufferedOutputStream.implWrite(BufferedOutputStream.java:222)
	at java.base/java.io.BufferedOutputStream.write(BufferedOutputStream.java:200)
	at java.base/java.io.FilterOutputStream.write(FilterOutputStream.java:110)
	at org.eclipse.lsp4j.jsonrpc.json.StreamMessageConsumer.consume(StreamMessageConsumer.java:67)
	... 12 more

!ENTRY org.eclipse.lsp4e 4 0 2025-09-16 14:54:47.278
!MESSAGE java.io.IOException: 파이프가 닫히는 중입니다
!STACK 0
org.eclipse.lsp4j.jsonrpc.JsonRpcException: java.io.IOException: 파이프가 닫히는 중입니다
	at org.eclipse.lsp4j.jsonrpc.json.StreamMessageConsumer.consume(StreamMessageConsumer.java:72)
	at org.eclipse.lsp4e.LanguageServerWrapper.lambda$3(LanguageServerWrapper.java:413)
	at org.eclipse.lsp4j.jsonrpc.RemoteEndpoint.request(RemoteEndpoint.java:171)
	at org.eclipse.lsp4j.jsonrpc.services.EndpointProxy.invoke(EndpointProxy.java:91)
	at jdk.proxy15/jdk.proxy15.$Proxy38.inlayHint(Unknown Source)
	at org.eclipse.lsp4e.operations.inlayhint.InlayHintProvider.lambda$1(InlayHintProvider.java:55)
	at org.eclipse.lsp4e.LanguageServers.lambda$24(LanguageServers.java:445)
	at org.eclipse.lsp4e.LanguageServerWrapper.lambda$17(LanguageServerWrapper.java:976)
	at java.base/java.util.concurrent.CompletableFuture$UniCompose.tryFire(CompletableFuture.java:1194)
	at java.base/java.util.concurrent.CompletableFuture$Completion.run(CompletableFuture.java:526)
	at java.base/java.util.concurrent.ThreadPoolExecutor.runWorker(ThreadPoolExecutor.java:1144)
	at java.base/java.util.concurrent.ThreadPoolExecutor$Worker.run(ThreadPoolExecutor.java:642)
	at java.base/java.lang.Thread.run(Thread.java:1575)
Caused by: java.io.IOException: 파이프가 닫히는 중입니다
	at java.base/java.io.FileOutputStream.writeBytes(Native Method)
	at java.base/java.io.FileOutputStream.write(FileOutputStream.java:400)
	at java.base/java.lang.Process$PipeOutputStream.write(Process.java:907)
	at java.base/java.io.BufferedOutputStream.flushBuffer(BufferedOutputStream.java:125)
	at java.base/java.io.BufferedOutputStream.implWrite(BufferedOutputStream.java:222)
	at java.base/java.io.BufferedOutputStream.write(BufferedOutputStream.java:200)
	at java.base/java.io.FilterOutputStream.write(FilterOutputStream.java:110)
	at org.eclipse.lsp4j.jsonrpc.json.StreamMessageConsumer.consume(StreamMessageConsumer.java:67)
	... 12 more

!ENTRY org.eclipse.jface.text 4 0 2025-09-16 14:54:47.278
!MESSAGE org.eclipse.lsp4j.jsonrpc.JsonRpcException: java.io.IOException: 파이프가 닫히는 중입니다
!STACK 0
java.util.concurrent.CompletionException: org.eclipse.lsp4j.jsonrpc.JsonRpcException: java.io.IOException: 파이프가 닫히는 중입니다
	at java.base/java.util.concurrent.CompletableFuture.wrapInCompletionException(CompletableFuture.java:323)
	at java.base/java.util.concurrent.CompletableFuture.encodeThrowable(CompletableFuture.java:376)
	at java.base/java.util.concurrent.CompletableFuture.uniApplyNow(CompletableFuture.java:718)
	at java.base/java.util.concurrent.CompletableFuture.uniApplyStage(CompletableFuture.java:706)
	at java.base/java.util.concurrent.CompletableFuture.thenApply(CompletableFuture.java:2244)
	at org.eclipse.lsp4e.operations.codelens.CodeLensProvider.lambda$1(CodeLensProvider.java:41)
	at org.eclipse.lsp4e.LanguageServers.lambda$24(LanguageServers.java:445)
	at org.eclipse.lsp4e.LanguageServerWrapper.lambda$17(LanguageServerWrapper.java:976)
	at java.base/java.util.concurrent.CompletableFuture$UniCompose.tryFire(CompletableFuture.java:1194)
	at java.base/java.util.concurrent.CompletableFuture$Completion.run(CompletableFuture.java:526)
	at java.base/java.util.concurrent.ThreadPoolExecutor.runWorker(ThreadPoolExecutor.java:1144)
	at java.base/java.util.concurrent.ThreadPoolExecutor$Worker.run(ThreadPoolExecutor.java:642)
	at java.base/java.lang.Thread.run(Thread.java:1575)
Caused by: org.eclipse.lsp4j.jsonrpc.JsonRpcException: java.io.IOException: 파이프가 닫히는 중입니다
	at org.eclipse.lsp4j.jsonrpc.json.StreamMessageConsumer.consume(StreamMessageConsumer.java:72)
	at org.eclipse.lsp4e.LanguageServerWrapper.lambda$3(LanguageServerWrapper.java:413)
	at org.eclipse.lsp4j.jsonrpc.RemoteEndpoint.request(RemoteEndpoint.java:171)
	at org.eclipse.lsp4j.jsonrpc.services.EndpointProxy.invoke(EndpointProxy.java:91)
	at jdk.proxy15/jdk.proxy15.$Proxy38.codeLens(Unknown Source)
	at org.eclipse.lsp4e.operations.codelens.CodeLensProvider.lambda$1(CodeLensProvider.java:40)
	... 7 more
Caused by: java.io.IOException: 파이프가 닫히는 중입니다
	at java.base/java.io.FileOutputStream.writeBytes(Native Method)
	at java.base/java.io.FileOutputStream.write(FileOutputStream.java:400)
	at java.base/java.lang.Process$PipeOutputStream.write(Process.java:907)
	at java.base/java.io.BufferedOutputStream.flushBuffer(BufferedOutputStream.java:125)
	at java.base/java.io.BufferedOutputStream.implWrite(BufferedOutputStream.java:222)
	at java.base/java.io.BufferedOutputStream.write(BufferedOutputStream.java:200)
	at java.base/java.io.FilterOutputStream.write(FilterOutputStream.java:110)
	at org.eclipse.lsp4j.jsonrpc.json.StreamMessageConsumer.consume(StreamMessageConsumer.java:67)
	... 12 more

!ENTRY org.eclipse.lsp4e 4 0 2025-09-16 14:54:47.279
!MESSAGE java.io.IOException: 파이프가 닫히는 중입니다
!STACK 0
org.eclipse.lsp4j.jsonrpc.JsonRpcException: java.io.IOException: 파이프가 닫히는 중입니다
	at org.eclipse.lsp4j.jsonrpc.json.StreamMessageConsumer.consume(StreamMessageConsumer.java:72)
	at org.eclipse.lsp4e.LanguageServerWrapper.lambda$3(LanguageServerWrapper.java:413)
	at org.eclipse.lsp4j.jsonrpc.RemoteEndpoint.request(RemoteEndpoint.java:171)
	at org.eclipse.lsp4j.jsonrpc.services.EndpointProxy.invoke(EndpointProxy.java:91)
	at jdk.proxy15/jdk.proxy15.$Proxy38.inlayHint(Unknown Source)
	at org.eclipse.lsp4e.operations.inlayhint.InlayHintProvider.lambda$1(InlayHintProvider.java:55)
	at org.eclipse.lsp4e.LanguageServers.lambda$24(LanguageServers.java:445)
	at org.eclipse.lsp4e.LanguageServerWrapper.lambda$17(LanguageServerWrapper.java:976)
	at java.base/java.util.concurrent.CompletableFuture$UniCompose.tryFire(CompletableFuture.java:1194)
	at java.base/java.util.concurrent.CompletableFuture$Completion.run(CompletableFuture.java:526)
	at java.base/java.util.concurrent.ThreadPoolExecutor.runWorker(ThreadPoolExecutor.java:1144)
	at java.base/java.util.concurrent.ThreadPoolExecutor$Worker.run(ThreadPoolExecutor.java:642)
	at java.base/java.lang.Thread.run(Thread.java:1575)
Caused by: java.io.IOException: 파이프가 닫히는 중입니다
	at java.base/java.io.FileOutputStream.writeBytes(Native Method)
	at java.base/java.io.FileOutputStream.write(FileOutputStream.java:400)
	at java.base/java.lang.Process$PipeOutputStream.write(Process.java:907)
	at java.base/java.io.BufferedOutputStream.flushBuffer(BufferedOutputStream.java:125)
	at java.base/java.io.BufferedOutputStream.implWrite(BufferedOutputStream.java:222)
	at java.base/java.io.BufferedOutputStream.write(BufferedOutputStream.java:200)
	at java.base/java.io.FilterOutputStream.write(FilterOutputStream.java:110)
	at org.eclipse.lsp4j.jsonrpc.json.StreamMessageConsumer.consume(StreamMessageConsumer.java:67)
	... 12 more

!ENTRY org.eclipse.jface.text 4 0 2025-09-16 14:54:47.279
!MESSAGE org.eclipse.lsp4j.jsonrpc.JsonRpcException: java.io.IOException: 파이프가 닫히는 중입니다
!STACK 0
java.util.concurrent.CompletionException: org.eclipse.lsp4j.jsonrpc.JsonRpcException: java.io.IOException: 파이프가 닫히는 중입니다
	at java.base/java.util.concurrent.CompletableFuture.wrapInCompletionException(CompletableFuture.java:323)
	at java.base/java.util.concurrent.CompletableFuture.encodeThrowable(CompletableFuture.java:376)
	at java.base/java.util.concurrent.CompletableFuture.uniApplyNow(CompletableFuture.java:718)
	at java.base/java.util.concurrent.CompletableFuture.uniApplyStage(CompletableFuture.java:706)
	at java.base/java.util.concurrent.CompletableFuture.thenApply(CompletableFuture.java:2244)
	at org.eclipse.lsp4e.operations.codelens.CodeLensProvider.lambda$1(CodeLensProvider.java:41)
	at org.eclipse.lsp4e.LanguageServers.lambda$24(LanguageServers.java:445)
	at org.eclipse.lsp4e.LanguageServerWrapper.lambda$17(LanguageServerWrapper.java:976)
	at java.base/java.util.concurrent.CompletableFuture$UniCompose.tryFire(CompletableFuture.java:1194)
	at java.base/java.util.concurrent.CompletableFuture$Completion.run(CompletableFuture.java:526)
	at java.base/java.util.concurrent.ThreadPoolExecutor.runWorker(ThreadPoolExecutor.java:1144)
	at java.base/java.util.concurrent.ThreadPoolExecutor$Worker.run(ThreadPoolExecutor.java:642)
	at java.base/java.lang.Thread.run(Thread.java:1575)
Caused by: org.eclipse.lsp4j.jsonrpc.JsonRpcException: java.io.IOException: 파이프가 닫히는 중입니다
	at org.eclipse.lsp4j.jsonrpc.json.StreamMessageConsumer.consume(StreamMessageConsumer.java:72)
	at org.eclipse.lsp4e.LanguageServerWrapper.lambda$3(LanguageServerWrapper.java:413)
	at org.eclipse.lsp4j.jsonrpc.RemoteEndpoint.request(RemoteEndpoint.java:171)
	at org.eclipse.lsp4j.jsonrpc.services.EndpointProxy.invoke(EndpointProxy.java:91)
	at jdk.proxy15/jdk.proxy15.$Proxy38.codeLens(Unknown Source)
	at org.eclipse.lsp4e.operations.codelens.CodeLensProvider.lambda$1(CodeLensProvider.java:40)
	... 7 more
Caused by: java.io.IOException: 파이프가 닫히는 중입니다
	at java.base/java.io.FileOutputStream.writeBytes(Native Method)
	at java.base/java.io.FileOutputStream.write(FileOutputStream.java:400)
	at java.base/java.lang.Process$PipeOutputStream.write(Process.java:907)
	at java.base/java.io.BufferedOutputStream.flushBuffer(BufferedOutputStream.java:125)
	at java.base/java.io.BufferedOutputStream.implWrite(BufferedOutputStream.java:222)
	at java.base/java.io.BufferedOutputStream.write(BufferedOutputStream.java:200)
	at java.base/java.io.FilterOutputStream.write(FilterOutputStream.java:110)
	at org.eclipse.lsp4j.jsonrpc.json.StreamMessageConsumer.consume(StreamMessageConsumer.java:67)
	... 12 more

!ENTRY org.eclipse.lsp4e 4 0 2025-09-16 14:54:47.279
!MESSAGE java.io.IOException: 파이프가 닫히는 중입니다
!STACK 0
org.eclipse.lsp4j.jsonrpc.JsonRpcException: java.io.IOException: 파이프가 닫히는 중입니다
	at org.eclipse.lsp4j.jsonrpc.json.StreamMessageConsumer.consume(StreamMessageConsumer.java:72)
	at org.eclipse.lsp4e.LanguageServerWrapper.lambda$3(LanguageServerWrapper.java:413)
	at org.eclipse.lsp4j.jsonrpc.RemoteEndpoint.request(RemoteEndpoint.java:171)
	at org.eclipse.lsp4j.jsonrpc.services.EndpointProxy.invoke(EndpointProxy.java:91)
	at jdk.proxy15/jdk.proxy15.$Proxy38.inlayHint(Unknown Source)
	at org.eclipse.lsp4e.operations.inlayhint.InlayHintProvider.lambda$1(InlayHintProvider.java:55)
	at org.eclipse.lsp4e.LanguageServers.lambda$24(LanguageServers.java:445)
	at org.eclipse.lsp4e.LanguageServerWrapper.lambda$17(LanguageServerWrapper.java:976)
	at java.base/java.util.concurrent.CompletableFuture$UniCompose.tryFire(CompletableFuture.java:1194)
	at java.base/java.util.concurrent.CompletableFuture$Completion.run(CompletableFuture.java:526)
	at java.base/java.util.concurrent.ThreadPoolExecutor.runWorker(ThreadPoolExecutor.java:1144)
	at java.base/java.util.concurrent.ThreadPoolExecutor$Worker.run(ThreadPoolExecutor.java:642)
	at java.base/java.lang.Thread.run(Thread.java:1575)
Caused by: java.io.IOException: 파이프가 닫히는 중입니다
	at java.base/java.io.FileOutputStream.writeBytes(Native Method)
	at java.base/java.io.FileOutputStream.write(FileOutputStream.java:400)
	at java.base/java.lang.Process$PipeOutputStream.write(Process.java:907)
	at java.base/java.io.BufferedOutputStream.flushBuffer(BufferedOutputStream.java:125)
	at java.base/java.io.BufferedOutputStream.implWrite(BufferedOutputStream.java:222)
	at java.base/java.io.BufferedOutputStream.write(BufferedOutputStream.java:200)
	at java.base/java.io.FilterOutputStream.write(FilterOutputStream.java:110)
	at org.eclipse.lsp4j.jsonrpc.json.StreamMessageConsumer.consume(StreamMessageConsumer.java:67)
	... 12 more

!ENTRY org.eclipse.jface.text 4 0 2025-09-16 14:54:47.279
!MESSAGE org.eclipse.lsp4j.jsonrpc.JsonRpcException: java.io.IOException: 파이프가 닫히는 중입니다
!STACK 0
java.util.concurrent.CompletionException: org.eclipse.lsp4j.jsonrpc.JsonRpcException: java.io.IOException: 파이프가 닫히는 중입니다
	at java.base/java.util.concurrent.CompletableFuture.wrapInCompletionException(CompletableFuture.java:323)
	at java.base/java.util.concurrent.CompletableFuture.encodeThrowable(CompletableFuture.java:376)
	at java.base/java.util.concurrent.CompletableFuture.uniApplyNow(CompletableFuture.java:718)
	at java.base/java.util.concurrent.CompletableFuture.uniApplyStage(CompletableFuture.java:706)
	at java.base/java.util.concurrent.CompletableFuture.thenApply(CompletableFuture.java:2244)
	at org.eclipse.lsp4e.operations.codelens.CodeLensProvider.lambda$1(CodeLensProvider.java:41)
	at org.eclipse.lsp4e.LanguageServers.lambda$24(LanguageServers.java:445)
	at org.eclipse.lsp4e.LanguageServerWrapper.lambda$17(LanguageServerWrapper.java:976)
	at java.base/java.util.concurrent.CompletableFuture$UniCompose.tryFire(CompletableFuture.java:1194)
	at java.base/java.util.concurrent.CompletableFuture$Completion.run(CompletableFuture.java:526)
	at java.base/java.util.concurrent.ThreadPoolExecutor.runWorker(ThreadPoolExecutor.java:1144)
	at java.base/java.util.concurrent.ThreadPoolExecutor$Worker.run(ThreadPoolExecutor.java:642)
	at java.base/java.lang.Thread.run(Thread.java:1575)
Caused by: org.eclipse.lsp4j.jsonrpc.JsonRpcException: java.io.IOException: 파이프가 닫히는 중입니다
	at org.eclipse.lsp4j.jsonrpc.json.StreamMessageConsumer.consume(StreamMessageConsumer.java:72)
	at org.eclipse.lsp4e.LanguageServerWrapper.lambda$3(LanguageServerWrapper.java:413)
	at org.eclipse.lsp4j.jsonrpc.RemoteEndpoint.request(RemoteEndpoint.java:171)
	at org.eclipse.lsp4j.jsonrpc.services.EndpointProxy.invoke(EndpointProxy.java:91)
	at jdk.proxy15/jdk.proxy15.$Proxy38.codeLens(Unknown Source)
	at org.eclipse.lsp4e.operations.codelens.CodeLensProvider.lambda$1(CodeLensProvider.java:40)
	... 7 more
Caused by: java.io.IOException: 파이프가 닫히는 중입니다
	at java.base/java.io.FileOutputStream.writeBytes(Native Method)
	at java.base/java.io.FileOutputStream.write(FileOutputStream.java:400)
	at java.base/java.lang.Process$PipeOutputStream.write(Process.java:907)
	at java.base/java.io.BufferedOutputStream.flushBuffer(BufferedOutputStream.java:125)
	at java.base/java.io.BufferedOutputStream.implWrite(BufferedOutputStream.java:222)
	at java.base/java.io.BufferedOutputStream.write(BufferedOutputStream.java:200)
	at java.base/java.io.FilterOutputStream.write(FilterOutputStream.java:110)
	at org.eclipse.lsp4j.jsonrpc.json.StreamMessageConsumer.consume(StreamMessageConsumer.java:67)
	... 12 more

!ENTRY org.eclipse.lsp4e 4 0 2025-09-16 14:54:47.280
!MESSAGE java.io.IOException: 파이프가 닫히는 중입니다
!STACK 0
org.eclipse.lsp4j.jsonrpc.JsonRpcException: java.io.IOException: 파이프가 닫히는 중입니다
	at org.eclipse.lsp4j.jsonrpc.json.StreamMessageConsumer.consume(StreamMessageConsumer.java:72)
	at org.eclipse.lsp4e.LanguageServerWrapper.lambda$3(LanguageServerWrapper.java:413)
	at org.eclipse.lsp4j.jsonrpc.RemoteEndpoint.request(RemoteEndpoint.java:171)
	at org.eclipse.lsp4j.jsonrpc.services.EndpointProxy.invoke(EndpointProxy.java:91)
	at jdk.proxy15/jdk.proxy15.$Proxy38.inlayHint(Unknown Source)
	at org.eclipse.lsp4e.operations.inlayhint.InlayHintProvider.lambda$1(InlayHintProvider.java:55)
	at org.eclipse.lsp4e.LanguageServers.lambda$24(LanguageServers.java:445)
	at org.eclipse.lsp4e.LanguageServerWrapper.lambda$17(LanguageServerWrapper.java:976)
	at java.base/java.util.concurrent.CompletableFuture$UniCompose.tryFire(CompletableFuture.java:1194)
	at java.base/java.util.concurrent.CompletableFuture$Completion.run(CompletableFuture.java:526)
	at java.base/java.util.concurrent.ThreadPoolExecutor.runWorker(ThreadPoolExecutor.java:1144)
	at java.base/java.util.concurrent.ThreadPoolExecutor$Worker.run(ThreadPoolExecutor.java:642)
	at java.base/java.lang.Thread.run(Thread.java:1575)
Caused by: java.io.IOException: 파이프가 닫히는 중입니다
	at java.base/java.io.FileOutputStream.writeBytes(Native Method)
	at java.base/java.io.FileOutputStream.write(FileOutputStream.java:400)
	at java.base/java.lang.Process$PipeOutputStream.write(Process.java:907)
	at java.base/java.io.BufferedOutputStream.flushBuffer(BufferedOutputStream.java:125)
	at java.base/java.io.BufferedOutputStream.implWrite(BufferedOutputStream.java:222)
	at java.base/java.io.BufferedOutputStream.write(BufferedOutputStream.java:200)
	at java.base/java.io.FilterOutputStream.write(FilterOutputStream.java:110)
	at org.eclipse.lsp4j.jsonrpc.json.StreamMessageConsumer.consume(StreamMessageConsumer.java:67)
	... 12 more

!ENTRY org.eclipse.jface.text 4 0 2025-09-16 14:54:47.280
!MESSAGE org.eclipse.lsp4j.jsonrpc.JsonRpcException: java.io.IOException: 파이프가 닫히는 중입니다
!STACK 0
java.util.concurrent.CompletionException: org.eclipse.lsp4j.jsonrpc.JsonRpcException: java.io.IOException: 파이프가 닫히는 중입니다
	at java.base/java.util.concurrent.CompletableFuture.wrapInCompletionException(CompletableFuture.java:323)
	at java.base/java.util.concurrent.CompletableFuture.encodeThrowable(CompletableFuture.java:376)
	at java.base/java.util.concurrent.CompletableFuture.uniApplyNow(CompletableFuture.java:718)
	at java.base/java.util.concurrent.CompletableFuture.uniApplyStage(CompletableFuture.java:706)
	at java.base/java.util.concurrent.CompletableFuture.thenApply(CompletableFuture.java:2244)
	at org.eclipse.lsp4e.operations.codelens.CodeLensProvider.lambda$1(CodeLensProvider.java:41)
	at org.eclipse.lsp4e.LanguageServers.lambda$24(LanguageServers.java:445)
	at org.eclipse.lsp4e.LanguageServerWrapper.lambda$17(LanguageServerWrapper.java:976)
	at java.base/java.util.concurrent.CompletableFuture$UniCompose.tryFire(CompletableFuture.java:1194)
	at java.base/java.util.concurrent.CompletableFuture$Completion.run(CompletableFuture.java:526)
	at java.base/java.util.concurrent.ThreadPoolExecutor.runWorker(ThreadPoolExecutor.java:1144)
	at java.base/java.util.concurrent.ThreadPoolExecutor$Worker.run(ThreadPoolExecutor.java:642)
	at java.base/java.lang.Thread.run(Thread.java:1575)
Caused by: org.eclipse.lsp4j.jsonrpc.JsonRpcException: java.io.IOException: 파이프가 닫히는 중입니다
	at org.eclipse.lsp4j.jsonrpc.json.StreamMessageConsumer.consume(StreamMessageConsumer.java:72)
	at org.eclipse.lsp4e.LanguageServerWrapper.lambda$3(LanguageServerWrapper.java:413)
	at org.eclipse.lsp4j.jsonrpc.RemoteEndpoint.request(RemoteEndpoint.java:171)
	at org.eclipse.lsp4j.jsonrpc.services.EndpointProxy.invoke(EndpointProxy.java:91)
	at jdk.proxy15/jdk.proxy15.$Proxy38.codeLens(Unknown Source)
	at org.eclipse.lsp4e.operations.codelens.CodeLensProvider.lambda$1(CodeLensProvider.java:40)
	... 7 more
Caused by: java.io.IOException: 파이프가 닫히는 중입니다
	at java.base/java.io.FileOutputStream.writeBytes(Native Method)
	at java.base/java.io.FileOutputStream.write(FileOutputStream.java:400)
	at java.base/java.lang.Process$PipeOutputStream.write(Process.java:907)
	at java.base/java.io.BufferedOutputStream.flushBuffer(BufferedOutputStream.java:125)
	at java.base/java.io.BufferedOutputStream.implWrite(BufferedOutputStream.java:222)
	at java.base/java.io.BufferedOutputStream.write(BufferedOutputStream.java:200)
	at java.base/java.io.FilterOutputStream.write(FilterOutputStream.java:110)
	at org.eclipse.lsp4j.jsonrpc.json.StreamMessageConsumer.consume(StreamMessageConsumer.java:67)
	... 12 more

!ENTRY org.eclipse.lsp4e 4 0 2025-09-16 14:54:47.280
!MESSAGE java.io.IOException: 파이프가 닫히는 중입니다
!STACK 0
org.eclipse.lsp4j.jsonrpc.JsonRpcException: java.io.IOException: 파이프가 닫히는 중입니다
	at org.eclipse.lsp4j.jsonrpc.json.StreamMessageConsumer.consume(StreamMessageConsumer.java:72)
	at org.eclipse.lsp4e.LanguageServerWrapper.lambda$3(LanguageServerWrapper.java:413)
	at org.eclipse.lsp4j.jsonrpc.RemoteEndpoint.request(RemoteEndpoint.java:171)
	at org.eclipse.lsp4j.jsonrpc.services.EndpointProxy.invoke(EndpointProxy.java:91)
	at jdk.proxy15/jdk.proxy15.$Proxy38.inlayHint(Unknown Source)
	at org.eclipse.lsp4e.operations.inlayhint.InlayHintProvider.lambda$1(InlayHintProvider.java:55)
	at org.eclipse.lsp4e.LanguageServers.lambda$24(LanguageServers.java:445)
	at org.eclipse.lsp4e.LanguageServerWrapper.lambda$17(LanguageServerWrapper.java:976)
	at java.base/java.util.concurrent.CompletableFuture$UniCompose.tryFire(CompletableFuture.java:1194)
	at java.base/java.util.concurrent.CompletableFuture$Completion.run(CompletableFuture.java:526)
	at java.base/java.util.concurrent.ThreadPoolExecutor.runWorker(ThreadPoolExecutor.java:1144)
	at java.base/java.util.concurrent.ThreadPoolExecutor$Worker.run(ThreadPoolExecutor.java:642)
	at java.base/java.lang.Thread.run(Thread.java:1575)
Caused by: java.io.IOException: 파이프가 닫히는 중입니다
	at java.base/java.io.FileOutputStream.writeBytes(Native Method)
	at java.base/java.io.FileOutputStream.write(FileOutputStream.java:400)
	at java.base/java.lang.Process$PipeOutputStream.write(Process.java:907)
	at java.base/java.io.BufferedOutputStream.flushBuffer(BufferedOutputStream.java:125)
	at java.base/java.io.BufferedOutputStream.implWrite(BufferedOutputStream.java:222)
	at java.base/java.io.BufferedOutputStream.write(BufferedOutputStream.java:200)
	at java.base/java.io.FilterOutputStream.write(FilterOutputStream.java:110)
	at org.eclipse.lsp4j.jsonrpc.json.StreamMessageConsumer.consume(StreamMessageConsumer.java:67)
	... 12 more

!ENTRY org.eclipse.jface.text 4 0 2025-09-16 14:54:47.281
!MESSAGE org.eclipse.lsp4j.jsonrpc.JsonRpcException: java.io.IOException: 파이프가 닫히는 중입니다
!STACK 0
java.util.concurrent.CompletionException: org.eclipse.lsp4j.jsonrpc.JsonRpcException: java.io.IOException: 파이프가 닫히는 중입니다
	at java.base/java.util.concurrent.CompletableFuture.wrapInCompletionException(CompletableFuture.java:323)
	at java.base/java.util.concurrent.CompletableFuture.encodeThrowable(CompletableFuture.java:376)
	at java.base/java.util.concurrent.CompletableFuture.uniApplyNow(CompletableFuture.java:718)
	at java.base/java.util.concurrent.CompletableFuture.uniApplyStage(CompletableFuture.java:706)
	at java.base/java.util.concurrent.CompletableFuture.thenApply(CompletableFuture.java:2244)
	at org.eclipse.lsp4e.operations.codelens.CodeLensProvider.lambda$1(CodeLensProvider.java:41)
	at org.eclipse.lsp4e.LanguageServers.lambda$24(LanguageServers.java:445)
	at org.eclipse.lsp4e.LanguageServerWrapper.lambda$17(LanguageServerWrapper.java:976)
	at java.base/java.util.concurrent.CompletableFuture$UniCompose.tryFire(CompletableFuture.java:1194)
	at java.base/java.util.concurrent.CompletableFuture$Completion.run(CompletableFuture.java:526)
	at java.base/java.util.concurrent.ThreadPoolExecutor.runWorker(ThreadPoolExecutor.java:1144)
	at java.base/java.util.concurrent.ThreadPoolExecutor$Worker.run(ThreadPoolExecutor.java:642)
	at java.base/java.lang.Thread.run(Thread.java:1575)
Caused by: org.eclipse.lsp4j.jsonrpc.JsonRpcException: java.io.IOException: 파이프가 닫히는 중입니다
	at org.eclipse.lsp4j.jsonrpc.json.StreamMessageConsumer.consume(StreamMessageConsumer.java:72)
	at org.eclipse.lsp4e.LanguageServerWrapper.lambda$3(LanguageServerWrapper.java:413)
	at org.eclipse.lsp4j.jsonrpc.RemoteEndpoint.request(RemoteEndpoint.java:171)
	at org.eclipse.lsp4j.jsonrpc.services.EndpointProxy.invoke(EndpointProxy.java:91)
	at jdk.proxy15/jdk.proxy15.$Proxy38.codeLens(Unknown Source)
	at org.eclipse.lsp4e.operations.codelens.CodeLensProvider.lambda$1(CodeLensProvider.java:40)
	... 7 more
Caused by: java.io.IOException: 파이프가 닫히는 중입니다
	at java.base/java.io.FileOutputStream.writeBytes(Native Method)
	at java.base/java.io.FileOutputStream.write(FileOutputStream.java:400)
	at java.base/java.lang.Process$PipeOutputStream.write(Process.java:907)
	at java.base/java.io.BufferedOutputStream.flushBuffer(BufferedOutputStream.java:125)
	at java.base/java.io.BufferedOutputStream.implWrite(BufferedOutputStream.java:222)
	at java.base/java.io.BufferedOutputStream.write(BufferedOutputStream.java:200)
	at java.base/java.io.FilterOutputStream.write(FilterOutputStream.java:110)
	at org.eclipse.lsp4j.jsonrpc.json.StreamMessageConsumer.consume(StreamMessageConsumer.java:67)
	... 12 more

!ENTRY org.eclipse.lsp4e 4 0 2025-09-16 14:54:47.281
!MESSAGE java.io.IOException: 파이프가 닫히는 중입니다
!STACK 0
org.eclipse.lsp4j.jsonrpc.JsonRpcException: java.io.IOException: 파이프가 닫히는 중입니다
	at org.eclipse.lsp4j.jsonrpc.json.StreamMessageConsumer.consume(StreamMessageConsumer.java:72)
	at org.eclipse.lsp4e.LanguageServerWrapper.lambda$3(LanguageServerWrapper.java:413)
	at org.eclipse.lsp4j.jsonrpc.RemoteEndpoint.request(RemoteEndpoint.java:171)
	at org.eclipse.lsp4j.jsonrpc.services.EndpointProxy.invoke(EndpointProxy.java:91)
	at jdk.proxy15/jdk.proxy15.$Proxy38.inlayHint(Unknown Source)
	at org.eclipse.lsp4e.operations.inlayhint.InlayHintProvider.lambda$1(InlayHintProvider.java:55)
	at org.eclipse.lsp4e.LanguageServers.lambda$24(LanguageServers.java:445)
	at org.eclipse.lsp4e.LanguageServerWrapper.lambda$17(LanguageServerWrapper.java:976)
	at java.base/java.util.concurrent.CompletableFuture$UniCompose.tryFire(CompletableFuture.java:1194)
	at java.base/java.util.concurrent.CompletableFuture$Completion.run(CompletableFuture.java:526)
	at java.base/java.util.concurrent.ThreadPoolExecutor.runWorker(ThreadPoolExecutor.java:1144)
	at java.base/java.util.concurrent.ThreadPoolExecutor$Worker.run(ThreadPoolExecutor.java:642)
	at java.base/java.lang.Thread.run(Thread.java:1575)
Caused by: java.io.IOException: 파이프가 닫히는 중입니다
	at java.base/java.io.FileOutputStream.writeBytes(Native Method)
	at java.base/java.io.FileOutputStream.write(FileOutputStream.java:400)
	at java.base/java.lang.Process$PipeOutputStream.write(Process.java:907)
	at java.base/java.io.BufferedOutputStream.flushBuffer(BufferedOutputStream.java:125)
	at java.base/java.io.BufferedOutputStream.implWrite(BufferedOutputStream.java:222)
	at java.base/java.io.BufferedOutputStream.write(BufferedOutputStream.java:200)
	at java.base/java.io.FilterOutputStream.write(FilterOutputStream.java:110)
	at org.eclipse.lsp4j.jsonrpc.json.StreamMessageConsumer.consume(StreamMessageConsumer.java:67)
	... 12 more

!ENTRY org.eclipse.jface.text 4 0 2025-09-16 14:54:47.281
!MESSAGE org.eclipse.lsp4j.jsonrpc.JsonRpcException: java.io.IOException: 파이프가 닫히는 중입니다
!STACK 0
java.util.concurrent.CompletionException: org.eclipse.lsp4j.jsonrpc.JsonRpcException: java.io.IOException: 파이프가 닫히는 중입니다
	at java.base/java.util.concurrent.CompletableFuture.wrapInCompletionException(CompletableFuture.java:323)
	at java.base/java.util.concurrent.CompletableFuture.encodeThrowable(CompletableFuture.java:376)
	at java.base/java.util.concurrent.CompletableFuture.uniApplyNow(CompletableFuture.java:718)
	at java.base/java.util.concurrent.CompletableFuture.uniApplyStage(CompletableFuture.java:706)
	at java.base/java.util.concurrent.CompletableFuture.thenApply(CompletableFuture.java:2244)
	at org.eclipse.lsp4e.operations.codelens.CodeLensProvider.lambda$1(CodeLensProvider.java:41)
	at org.eclipse.lsp4e.LanguageServers.lambda$24(LanguageServers.java:445)
	at org.eclipse.lsp4e.LanguageServerWrapper.lambda$17(LanguageServerWrapper.java:976)
	at java.base/java.util.concurrent.CompletableFuture$UniCompose.tryFire(CompletableFuture.java:1194)
	at java.base/java.util.concurrent.CompletableFuture$Completion.run(CompletableFuture.java:526)
	at java.base/java.util.concurrent.ThreadPoolExecutor.runWorker(ThreadPoolExecutor.java:1144)
	at java.base/java.util.concurrent.ThreadPoolExecutor$Worker.run(ThreadPoolExecutor.java:642)
	at java.base/java.lang.Thread.run(Thread.java:1575)
Caused by: org.eclipse.lsp4j.jsonrpc.JsonRpcException: java.io.IOException: 파이프가 닫히는 중입니다
	at org.eclipse.lsp4j.jsonrpc.json.StreamMessageConsumer.consume(StreamMessageConsumer.java:72)
	at org.eclipse.lsp4e.LanguageServerWrapper.lambda$3(LanguageServerWrapper.java:413)
	at org.eclipse.lsp4j.jsonrpc.RemoteEndpoint.request(RemoteEndpoint.java:171)
	at org.eclipse.lsp4j.jsonrpc.services.EndpointProxy.invoke(EndpointProxy.java:91)
	at jdk.proxy15/jdk.proxy15.$Proxy38.codeLens(Unknown Source)
	at org.eclipse.lsp4e.operations.codelens.CodeLensProvider.lambda$1(CodeLensProvider.java:40)
	... 7 more
Caused by: java.io.IOException: 파이프가 닫히는 중입니다
	at java.base/java.io.FileOutputStream.writeBytes(Native Method)
	at java.base/java.io.FileOutputStream.write(FileOutputStream.java:400)
	at java.base/java.lang.Process$PipeOutputStream.write(Process.java:907)
	at java.base/java.io.BufferedOutputStream.flushBuffer(BufferedOutputStream.java:125)
	at java.base/java.io.BufferedOutputStream.implWrite(BufferedOutputStream.java:222)
	at java.base/java.io.BufferedOutputStream.write(BufferedOutputStream.java:200)
	at java.base/java.io.FilterOutputStream.write(FilterOutputStream.java:110)
	at org.eclipse.lsp4j.jsonrpc.json.StreamMessageConsumer.consume(StreamMessageConsumer.java:67)
	... 12 more

!ENTRY org.eclipse.lsp4e 4 0 2025-09-16 14:54:47.282
!MESSAGE java.io.IOException: 파이프가 닫히는 중입니다
!STACK 0
org.eclipse.lsp4j.jsonrpc.JsonRpcException: java.io.IOException: 파이프가 닫히는 중입니다
	at org.eclipse.lsp4j.jsonrpc.json.StreamMessageConsumer.consume(StreamMessageConsumer.java:72)
	at org.eclipse.lsp4e.LanguageServerWrapper.lambda$3(LanguageServerWrapper.java:413)
	at org.eclipse.lsp4j.jsonrpc.RemoteEndpoint.request(RemoteEndpoint.java:171)
	at org.eclipse.lsp4j.jsonrpc.services.EndpointProxy.invoke(EndpointProxy.java:91)
	at jdk.proxy15/jdk.proxy15.$Proxy38.inlayHint(Unknown Source)
	at org.eclipse.lsp4e.operations.inlayhint.InlayHintProvider.lambda$1(InlayHintProvider.java:55)
	at org.eclipse.lsp4e.LanguageServers.lambda$24(LanguageServers.java:445)
	at org.eclipse.lsp4e.LanguageServerWrapper.lambda$17(LanguageServerWrapper.java:976)
	at java.base/java.util.concurrent.CompletableFuture$UniCompose.tryFire(CompletableFuture.java:1194)
	at java.base/java.util.concurrent.CompletableFuture$Completion.run(CompletableFuture.java:526)
	at java.base/java.util.concurrent.ThreadPoolExecutor.runWorker(ThreadPoolExecutor.java:1144)
	at java.base/java.util.concurrent.ThreadPoolExecutor$Worker.run(ThreadPoolExecutor.java:642)
	at java.base/java.lang.Thread.run(Thread.java:1575)
Caused by: java.io.IOException: 파이프가 닫히는 중입니다
	at java.base/java.io.FileOutputStream.writeBytes(Native Method)
	at java.base/java.io.FileOutputStream.write(FileOutputStream.java:400)
	at java.base/java.lang.Process$PipeOutputStream.write(Process.java:907)
	at java.base/java.io.BufferedOutputStream.flushBuffer(BufferedOutputStream.java:125)
	at java.base/java.io.BufferedOutputStream.implWrite(BufferedOutputStream.java:222)
	at java.base/java.io.BufferedOutputStream.write(BufferedOutputStream.java:200)
	at java.base/java.io.FilterOutputStream.write(FilterOutputStream.java:110)
	at org.eclipse.lsp4j.jsonrpc.json.StreamMessageConsumer.consume(StreamMessageConsumer.java:67)
	... 12 more

!ENTRY org.eclipse.jface.text 4 0 2025-09-16 14:54:47.282
!MESSAGE org.eclipse.lsp4j.jsonrpc.JsonRpcException: java.io.IOException: 파이프가 닫히는 중입니다
!STACK 0
java.util.concurrent.CompletionException: org.eclipse.lsp4j.jsonrpc.JsonRpcException: java.io.IOException: 파이프가 닫히는 중입니다
	at java.base/java.util.concurrent.CompletableFuture.wrapInCompletionException(CompletableFuture.java:323)
	at java.base/java.util.concurrent.CompletableFuture.encodeThrowable(CompletableFuture.java:376)
	at java.base/java.util.concurrent.CompletableFuture.uniApplyNow(CompletableFuture.java:718)
	at java.base/java.util.concurrent.CompletableFuture.uniApplyStage(CompletableFuture.java:706)
	at java.base/java.util.concurrent.CompletableFuture.thenApply(CompletableFuture.java:2244)
	at org.eclipse.lsp4e.operations.codelens.CodeLensProvider.lambda$1(CodeLensProvider.java:41)
	at org.eclipse.lsp4e.LanguageServers.lambda$24(LanguageServers.java:445)
	at org.eclipse.lsp4e.LanguageServerWrapper.lambda$17(LanguageServerWrapper.java:976)
	at java.base/java.util.concurrent.CompletableFuture$UniCompose.tryFire(CompletableFuture.java:1194)
	at java.base/java.util.concurrent.CompletableFuture$Completion.run(CompletableFuture.java:526)
	at java.base/java.util.concurrent.ThreadPoolExecutor.runWorker(ThreadPoolExecutor.java:1144)
	at java.base/java.util.concurrent.ThreadPoolExecutor$Worker.run(ThreadPoolExecutor.java:642)
	at java.base/java.lang.Thread.run(Thread.java:1575)
Caused by: org.eclipse.lsp4j.jsonrpc.JsonRpcException: java.io.IOException: 파이프가 닫히는 중입니다
	at org.eclipse.lsp4j.jsonrpc.json.StreamMessageConsumer.consume(StreamMessageConsumer.java:72)
	at org.eclipse.lsp4e.LanguageServerWrapper.lambda$3(LanguageServerWrapper.java:413)
	at org.eclipse.lsp4j.jsonrpc.RemoteEndpoint.request(RemoteEndpoint.java:171)
	at org.eclipse.lsp4j.jsonrpc.services.EndpointProxy.invoke(EndpointProxy.java:91)
	at jdk.proxy15/jdk.proxy15.$Proxy38.codeLens(Unknown Source)
	at org.eclipse.lsp4e.operations.codelens.CodeLensProvider.lambda$1(CodeLensProvider.java:40)
	... 7 more
Caused by: java.io.IOException: 파이프가 닫히는 중입니다
	at java.base/java.io.FileOutputStream.writeBytes(Native Method)
	at java.base/java.io.FileOutputStream.write(FileOutputStream.java:400)
	at java.base/java.lang.Process$PipeOutputStream.write(Process.java:907)
	at java.base/java.io.BufferedOutputStream.flushBuffer(BufferedOutputStream.java:125)
	at java.base/java.io.BufferedOutputStream.implWrite(BufferedOutputStream.java:222)
	at java.base/java.io.BufferedOutputStream.write(BufferedOutputStream.java:200)
	at java.base/java.io.FilterOutputStream.write(FilterOutputStream.java:110)
	at org.eclipse.lsp4j.jsonrpc.json.StreamMessageConsumer.consume(StreamMessageConsumer.java:67)
	... 12 more

!ENTRY org.eclipse.lsp4e 4 0 2025-09-16 14:54:47.282
!MESSAGE java.io.IOException: 파이프가 닫히는 중입니다
!STACK 0
org.eclipse.lsp4j.jsonrpc.JsonRpcException: java.io.IOException: 파이프가 닫히는 중입니다
	at org.eclipse.lsp4j.jsonrpc.json.StreamMessageConsumer.consume(StreamMessageConsumer.java:72)
	at org.eclipse.lsp4e.LanguageServerWrapper.lambda$3(LanguageServerWrapper.java:413)
	at org.eclipse.lsp4j.jsonrpc.RemoteEndpoint.request(RemoteEndpoint.java:171)
	at org.eclipse.lsp4j.jsonrpc.services.EndpointProxy.invoke(EndpointProxy.java:91)
	at jdk.proxy15/jdk.proxy15.$Proxy38.inlayHint(Unknown Source)
	at org.eclipse.lsp4e.operations.inlayhint.InlayHintProvider.lambda$1(InlayHintProvider.java:55)
	at org.eclipse.lsp4e.LanguageServers.lambda$24(LanguageServers.java:445)
	at org.eclipse.lsp4e.LanguageServerWrapper.lambda$17(LanguageServerWrapper.java:976)
	at java.base/java.util.concurrent.CompletableFuture$UniCompose.tryFire(CompletableFuture.java:1194)
	at java.base/java.util.concurrent.CompletableFuture$Completion.run(CompletableFuture.java:526)
	at java.base/java.util.concurrent.ThreadPoolExecutor.runWorker(ThreadPoolExecutor.java:1144)
	at java.base/java.util.concurrent.ThreadPoolExecutor$Worker.run(ThreadPoolExecutor.java:642)
	at java.base/java.lang.Thread.run(Thread.java:1575)
Caused by: java.io.IOException: 파이프가 닫히는 중입니다
	at java.base/java.io.FileOutputStream.writeBytes(Native Method)
	at java.base/java.io.FileOutputStream.write(FileOutputStream.java:400)
	at java.base/java.lang.Process$PipeOutputStream.write(Process.java:907)
	at java.base/java.io.BufferedOutputStream.flushBuffer(BufferedOutputStream.java:125)
	at java.base/java.io.BufferedOutputStream.implWrite(BufferedOutputStream.java:222)
	at java.base/java.io.BufferedOutputStream.write(BufferedOutputStream.java:200)
	at java.base/java.io.FilterOutputStream.write(FilterOutputStream.java:110)
	at org.eclipse.lsp4j.jsonrpc.json.StreamMessageConsumer.consume(StreamMessageConsumer.java:67)
	... 12 more

!ENTRY org.eclipse.jface.text 4 0 2025-09-16 14:54:47.283
!MESSAGE org.eclipse.lsp4j.jsonrpc.JsonRpcException: java.io.IOException: 파이프가 닫히는 중입니다
!STACK 0
java.util.concurrent.CompletionException: org.eclipse.lsp4j.jsonrpc.JsonRpcException: java.io.IOException: 파이프가 닫히는 중입니다
	at java.base/java.util.concurrent.CompletableFuture.wrapInCompletionException(CompletableFuture.java:323)
	at java.base/java.util.concurrent.CompletableFuture.encodeThrowable(CompletableFuture.java:376)
	at java.base/java.util.concurrent.CompletableFuture.uniApplyNow(CompletableFuture.java:718)
	at java.base/java.util.concurrent.CompletableFuture.uniApplyStage(CompletableFuture.java:706)
	at java.base/java.util.concurrent.CompletableFuture.thenApply(CompletableFuture.java:2244)
	at org.eclipse.lsp4e.operations.codelens.CodeLensProvider.lambda$1(CodeLensProvider.java:41)
	at org.eclipse.lsp4e.LanguageServers.lambda$24(LanguageServers.java:445)
	at org.eclipse.lsp4e.LanguageServerWrapper.lambda$17(LanguageServerWrapper.java:976)
	at java.base/java.util.concurrent.CompletableFuture$UniCompose.tryFire(CompletableFuture.java:1194)
	at java.base/java.util.concurrent.CompletableFuture$Completion.run(CompletableFuture.java:526)
	at java.base/java.util.concurrent.ThreadPoolExecutor.runWorker(ThreadPoolExecutor.java:1144)
	at java.base/java.util.concurrent.ThreadPoolExecutor$Worker.run(ThreadPoolExecutor.java:642)
	at java.base/java.lang.Thread.run(Thread.java:1575)
Caused by: org.eclipse.lsp4j.jsonrpc.JsonRpcException: java.io.IOException: 파이프가 닫히는 중입니다
	at org.eclipse.lsp4j.jsonrpc.json.StreamMessageConsumer.consume(StreamMessageConsumer.java:72)
	at org.eclipse.lsp4e.LanguageServerWrapper.lambda$3(LanguageServerWrapper.java:413)
	at org.eclipse.lsp4j.jsonrpc.RemoteEndpoint.request(RemoteEndpoint.java:171)
	at org.eclipse.lsp4j.jsonrpc.services.EndpointProxy.invoke(EndpointProxy.java:91)
	at jdk.proxy15/jdk.proxy15.$Proxy38.codeLens(Unknown Source)
	at org.eclipse.lsp4e.operations.codelens.CodeLensProvider.lambda$1(CodeLensProvider.java:40)
	... 7 more
Caused by: java.io.IOException: 파이프가 닫히는 중입니다
	at java.base/java.io.FileOutputStream.writeBytes(Native Method)
	at java.base/java.io.FileOutputStream.write(FileOutputStream.java:400)
	at java.base/java.lang.Process$PipeOutputStream.write(Process.java:907)
	at java.base/java.io.BufferedOutputStream.flushBuffer(BufferedOutputStream.java:125)
	at java.base/java.io.BufferedOutputStream.implWrite(BufferedOutputStream.java:222)
	at java.base/java.io.BufferedOutputStream.write(BufferedOutputStream.java:200)
	at java.base/java.io.FilterOutputStream.write(FilterOutputStream.java:110)
	at org.eclipse.lsp4j.jsonrpc.json.StreamMessageConsumer.consume(StreamMessageConsumer.java:67)
	... 12 more

!ENTRY org.eclipse.lsp4e 4 0 2025-09-16 14:54:47.283
!MESSAGE java.io.IOException: 파이프가 닫히는 중입니다
!STACK 0
org.eclipse.lsp4j.jsonrpc.JsonRpcException: java.io.IOException: 파이프가 닫히는 중입니다
	at org.eclipse.lsp4j.jsonrpc.json.StreamMessageConsumer.consume(StreamMessageConsumer.java:72)
	at org.eclipse.lsp4e.LanguageServerWrapper.lambda$3(LanguageServerWrapper.java:413)
	at org.eclipse.lsp4j.jsonrpc.RemoteEndpoint.request(RemoteEndpoint.java:171)
	at org.eclipse.lsp4j.jsonrpc.services.EndpointProxy.invoke(EndpointProxy.java:91)
	at jdk.proxy15/jdk.proxy15.$Proxy38.inlayHint(Unknown Source)
	at org.eclipse.lsp4e.operations.inlayhint.InlayHintProvider.lambda$1(InlayHintProvider.java:55)
	at org.eclipse.lsp4e.LanguageServers.lambda$24(LanguageServers.java:445)
	at org.eclipse.lsp4e.LanguageServerWrapper.lambda$17(LanguageServerWrapper.java:976)
	at java.base/java.util.concurrent.CompletableFuture$UniCompose.tryFire(CompletableFuture.java:1194)
	at java.base/java.util.concurrent.CompletableFuture$Completion.run(CompletableFuture.java:526)
	at java.base/java.util.concurrent.ThreadPoolExecutor.runWorker(ThreadPoolExecutor.java:1144)
	at java.base/java.util.concurrent.ThreadPoolExecutor$Worker.run(ThreadPoolExecutor.java:642)
	at java.base/java.lang.Thread.run(Thread.java:1575)
Caused by: java.io.IOException: 파이프가 닫히는 중입니다
	at java.base/java.io.FileOutputStream.writeBytes(Native Method)
	at java.base/java.io.FileOutputStream.write(FileOutputStream.java:400)
	at java.base/java.lang.Process$PipeOutputStream.write(Process.java:907)
	at java.base/java.io.BufferedOutputStream.flushBuffer(BufferedOutputStream.java:125)
	at java.base/java.io.BufferedOutputStream.implWrite(BufferedOutputStream.java:222)
	at java.base/java.io.BufferedOutputStream.write(BufferedOutputStream.java:200)
	at java.base/java.io.FilterOutputStream.write(FilterOutputStream.java:110)
	at org.eclipse.lsp4j.jsonrpc.json.StreamMessageConsumer.consume(StreamMessageConsumer.java:67)
	... 12 more

!ENTRY org.eclipse.jface.text 4 0 2025-09-16 14:54:47.283
!MESSAGE org.eclipse.lsp4j.jsonrpc.JsonRpcException: java.io.IOException: 파이프가 닫히는 중입니다
!STACK 0
java.util.concurrent.CompletionException: org.eclipse.lsp4j.jsonrpc.JsonRpcException: java.io.IOException: 파이프가 닫히는 중입니다
	at java.base/java.util.concurrent.CompletableFuture.wrapInCompletionException(CompletableFuture.java:323)
	at java.base/java.util.concurrent.CompletableFuture.encodeThrowable(CompletableFuture.java:376)
	at java.base/java.util.concurrent.CompletableFuture.uniApplyNow(CompletableFuture.java:718)
	at java.base/java.util.concurrent.CompletableFuture.uniApplyStage(CompletableFuture.java:706)
	at java.base/java.util.concurrent.CompletableFuture.thenApply(CompletableFuture.java:2244)
	at org.eclipse.lsp4e.operations.codelens.CodeLensProvider.lambda$1(CodeLensProvider.java:41)
	at org.eclipse.lsp4e.LanguageServers.lambda$24(LanguageServers.java:445)
	at org.eclipse.lsp4e.LanguageServerWrapper.lambda$17(LanguageServerWrapper.java:976)
	at java.base/java.util.concurrent.CompletableFuture$UniCompose.tryFire(CompletableFuture.java:1194)
	at java.base/java.util.concurrent.CompletableFuture$Completion.run(CompletableFuture.java:526)
	at java.base/java.util.concurrent.ThreadPoolExecutor.runWorker(ThreadPoolExecutor.java:1144)
	at java.base/java.util.concurrent.ThreadPoolExecutor$Worker.run(ThreadPoolExecutor.java:642)
	at java.base/java.lang.Thread.run(Thread.java:1575)
Caused by: org.eclipse.lsp4j.jsonrpc.JsonRpcException: java.io.IOException: 파이프가 닫히는 중입니다
	at org.eclipse.lsp4j.jsonrpc.json.StreamMessageConsumer.consume(StreamMessageConsumer.java:72)
	at org.eclipse.lsp4e.LanguageServerWrapper.lambda$3(LanguageServerWrapper.java:413)
	at org.eclipse.lsp4j.jsonrpc.RemoteEndpoint.request(RemoteEndpoint.java:171)
	at org.eclipse.lsp4j.jsonrpc.services.EndpointProxy.invoke(EndpointProxy.java:91)
	at jdk.proxy15/jdk.proxy15.$Proxy38.codeLens(Unknown Source)
	at org.eclipse.lsp4e.operations.codelens.CodeLensProvider.lambda$1(CodeLensProvider.java:40)
	... 7 more
Caused by: java.io.IOException: 파이프가 닫히는 중입니다
	at java.base/java.io.FileOutputStream.writeBytes(Native Method)
	at java.base/java.io.FileOutputStream.write(FileOutputStream.java:400)
	at java.base/java.lang.Process$PipeOutputStream.write(Process.java:907)
	at java.base/java.io.BufferedOutputStream.flushBuffer(BufferedOutputStream.java:125)
	at java.base/java.io.BufferedOutputStream.implWrite(BufferedOutputStream.java:222)
	at java.base/java.io.BufferedOutputStream.write(BufferedOutputStream.java:200)
	at java.base/java.io.FilterOutputStream.write(FilterOutputStream.java:110)
	at org.eclipse.lsp4j.jsonrpc.json.StreamMessageConsumer.consume(StreamMessageConsumer.java:67)
	... 12 more

!ENTRY org.eclipse.lsp4e 4 0 2025-09-16 14:54:47.284
!MESSAGE java.io.IOException: 파이프가 닫히는 중입니다
!STACK 0
org.eclipse.lsp4j.jsonrpc.JsonRpcException: java.io.IOException: 파이프가 닫히는 중입니다
	at org.eclipse.lsp4j.jsonrpc.json.StreamMessageConsumer.consume(StreamMessageConsumer.java:72)
	at org.eclipse.lsp4e.LanguageServerWrapper.lambda$3(LanguageServerWrapper.java:413)
	at org.eclipse.lsp4j.jsonrpc.RemoteEndpoint.request(RemoteEndpoint.java:171)
	at org.eclipse.lsp4j.jsonrpc.services.EndpointProxy.invoke(EndpointProxy.java:91)
	at jdk.proxy15/jdk.proxy15.$Proxy38.inlayHint(Unknown Source)
	at org.eclipse.lsp4e.operations.inlayhint.InlayHintProvider.lambda$1(InlayHintProvider.java:55)
	at org.eclipse.lsp4e.LanguageServers.lambda$24(LanguageServers.java:445)
	at org.eclipse.lsp4e.LanguageServerWrapper.lambda$17(LanguageServerWrapper.java:976)
	at java.base/java.util.concurrent.CompletableFuture$UniCompose.tryFire(CompletableFuture.java:1194)
	at java.base/java.util.concurrent.CompletableFuture$Completion.run(CompletableFuture.java:526)
	at java.base/java.util.concurrent.ThreadPoolExecutor.runWorker(ThreadPoolExecutor.java:1144)
	at java.base/java.util.concurrent.ThreadPoolExecutor$Worker.run(ThreadPoolExecutor.java:642)
	at java.base/java.lang.Thread.run(Thread.java:1575)
Caused by: java.io.IOException: 파이프가 닫히는 중입니다
	at java.base/java.io.FileOutputStream.writeBytes(Native Method)
	at java.base/java.io.FileOutputStream.write(FileOutputStream.java:400)
	at java.base/java.lang.Process$PipeOutputStream.write(Process.java:907)
	at java.base/java.io.BufferedOutputStream.flushBuffer(BufferedOutputStream.java:125)
	at java.base/java.io.BufferedOutputStream.implWrite(BufferedOutputStream.java:222)
	at java.base/java.io.BufferedOutputStream.write(BufferedOutputStream.java:200)
	at java.base/java.io.FilterOutputStream.write(FilterOutputStream.java:110)
	at org.eclipse.lsp4j.jsonrpc.json.StreamMessageConsumer.consume(StreamMessageConsumer.java:67)
	... 12 more

!ENTRY org.eclipse.jface.text 4 0 2025-09-16 14:54:47.284
!MESSAGE org.eclipse.lsp4j.jsonrpc.JsonRpcException: java.io.IOException: 파이프가 닫히는 중입니다
!STACK 0
java.util.concurrent.CompletionException: org.eclipse.lsp4j.jsonrpc.JsonRpcException: java.io.IOException: 파이프가 닫히는 중입니다
	at java.base/java.util.concurrent.CompletableFuture.wrapInCompletionException(CompletableFuture.java:323)
	at java.base/java.util.concurrent.CompletableFuture.encodeThrowable(CompletableFuture.java:376)
	at java.base/java.util.concurrent.CompletableFuture.uniApplyNow(CompletableFuture.java:718)
	at java.base/java.util.concurrent.CompletableFuture.uniApplyStage(CompletableFuture.java:706)
	at java.base/java.util.concurrent.CompletableFuture.thenApply(CompletableFuture.java:2244)
	at org.eclipse.lsp4e.operations.codelens.CodeLensProvider.lambda$1(CodeLensProvider.java:41)
	at org.eclipse.lsp4e.LanguageServers.lambda$24(LanguageServers.java:445)
	at org.eclipse.lsp4e.LanguageServerWrapper.lambda$17(LanguageServerWrapper.java:976)
	at java.base/java.util.concurrent.CompletableFuture$UniCompose.tryFire(CompletableFuture.java:1194)
	at java.base/java.util.concurrent.CompletableFuture$Completion.run(CompletableFuture.java:526)
	at java.base/java.util.concurrent.ThreadPoolExecutor.runWorker(ThreadPoolExecutor.java:1144)
	at java.base/java.util.concurrent.ThreadPoolExecutor$Worker.run(ThreadPoolExecutor.java:642)
	at java.base/java.lang.Thread.run(Thread.java:1575)
Caused by: org.eclipse.lsp4j.jsonrpc.JsonRpcException: java.io.IOException: 파이프가 닫히는 중입니다
	at org.eclipse.lsp4j.jsonrpc.json.StreamMessageConsumer.consume(StreamMessageConsumer.java:72)
	at org.eclipse.lsp4e.LanguageServerWrapper.lambda$3(LanguageServerWrapper.java:413)
	at org.eclipse.lsp4j.jsonrpc.RemoteEndpoint.request(RemoteEndpoint.java:171)
	at org.eclipse.lsp4j.jsonrpc.services.EndpointProxy.invoke(EndpointProxy.java:91)
	at jdk.proxy15/jdk.proxy15.$Proxy38.codeLens(Unknown Source)
	at org.eclipse.lsp4e.operations.codelens.CodeLensProvider.lambda$1(CodeLensProvider.java:40)
	... 7 more
Caused by: java.io.IOException: 파이프가 닫히는 중입니다
	at java.base/java.io.FileOutputStream.writeBytes(Native Method)
	at java.base/java.io.FileOutputStream.write(FileOutputStream.java:400)
	at java.base/java.lang.Process$PipeOutputStream.write(Process.java:907)
	at java.base/java.io.BufferedOutputStream.flushBuffer(BufferedOutputStream.java:125)
	at java.base/java.io.BufferedOutputStream.implWrite(BufferedOutputStream.java:222)
	at java.base/java.io.BufferedOutputStream.write(BufferedOutputStream.java:200)
	at java.base/java.io.FilterOutputStream.write(FilterOutputStream.java:110)
	at org.eclipse.lsp4j.jsonrpc.json.StreamMessageConsumer.consume(StreamMessageConsumer.java:67)
	... 12 more

!ENTRY org.eclipse.lsp4e 4 0 2025-09-16 14:54:47.284
!MESSAGE java.io.IOException: 파이프가 닫히는 중입니다
!STACK 0
org.eclipse.lsp4j.jsonrpc.JsonRpcException: java.io.IOException: 파이프가 닫히는 중입니다
	at org.eclipse.lsp4j.jsonrpc.json.StreamMessageConsumer.consume(StreamMessageConsumer.java:72)
	at org.eclipse.lsp4e.LanguageServerWrapper.lambda$3(LanguageServerWrapper.java:413)
	at org.eclipse.lsp4j.jsonrpc.RemoteEndpoint.request(RemoteEndpoint.java:171)
	at org.eclipse.lsp4j.jsonrpc.services.EndpointProxy.invoke(EndpointProxy.java:91)
	at jdk.proxy15/jdk.proxy15.$Proxy38.inlayHint(Unknown Source)
	at org.eclipse.lsp4e.operations.inlayhint.InlayHintProvider.lambda$1(InlayHintProvider.java:55)
	at org.eclipse.lsp4e.LanguageServers.lambda$24(LanguageServers.java:445)
	at org.eclipse.lsp4e.LanguageServerWrapper.lambda$17(LanguageServerWrapper.java:976)
	at java.base/java.util.concurrent.CompletableFuture$UniCompose.tryFire(CompletableFuture.java:1194)
	at java.base/java.util.concurrent.CompletableFuture$Completion.run(CompletableFuture.java:526)
	at java.base/java.util.concurrent.ThreadPoolExecutor.runWorker(ThreadPoolExecutor.java:1144)
	at java.base/java.util.concurrent.ThreadPoolExecutor$Worker.run(ThreadPoolExecutor.java:642)
	at java.base/java.lang.Thread.run(Thread.java:1575)
Caused by: java.io.IOException: 파이프가 닫히는 중입니다
	at java.base/java.io.FileOutputStream.writeBytes(Native Method)
	at java.base/java.io.FileOutputStream.write(FileOutputStream.java:400)
	at java.base/java.lang.Process$PipeOutputStream.write(Process.java:907)
	at java.base/java.io.BufferedOutputStream.flushBuffer(BufferedOutputStream.java:125)
	at java.base/java.io.BufferedOutputStream.implWrite(BufferedOutputStream.java:222)
	at java.base/java.io.BufferedOutputStream.write(BufferedOutputStream.java:200)
	at java.base/java.io.FilterOutputStream.write(FilterOutputStream.java:110)
	at org.eclipse.lsp4j.jsonrpc.json.StreamMessageConsumer.consume(StreamMessageConsumer.java:67)
	... 12 more

!ENTRY org.eclipse.jface.text 4 0 2025-09-16 14:54:47.285
!MESSAGE org.eclipse.lsp4j.jsonrpc.JsonRpcException: java.io.IOException: 파이프가 닫히는 중입니다
!STACK 0
java.util.concurrent.CompletionException: org.eclipse.lsp4j.jsonrpc.JsonRpcException: java.io.IOException: 파이프가 닫히는 중입니다
	at java.base/java.util.concurrent.CompletableFuture.wrapInCompletionException(CompletableFuture.java:323)
	at java.base/java.util.concurrent.CompletableFuture.encodeThrowable(CompletableFuture.java:376)
	at java.base/java.util.concurrent.CompletableFuture.uniApplyNow(CompletableFuture.java:718)
	at java.base/java.util.concurrent.CompletableFuture.uniApplyStage(CompletableFuture.java:706)
	at java.base/java.util.concurrent.CompletableFuture.thenApply(CompletableFuture.java:2244)
	at org.eclipse.lsp4e.operations.codelens.CodeLensProvider.lambda$1(CodeLensProvider.java:41)
	at org.eclipse.lsp4e.LanguageServers.lambda$24(LanguageServers.java:445)
	at org.eclipse.lsp4e.LanguageServerWrapper.lambda$17(LanguageServerWrapper.java:976)
	at java.base/java.util.concurrent.CompletableFuture$UniCompose.tryFire(CompletableFuture.java:1194)
	at java.base/java.util.concurrent.CompletableFuture$Completion.run(CompletableFuture.java:526)
	at java.base/java.util.concurrent.ThreadPoolExecutor.runWorker(ThreadPoolExecutor.java:1144)
	at java.base/java.util.concurrent.ThreadPoolExecutor$Worker.run(ThreadPoolExecutor.java:642)
	at java.base/java.lang.Thread.run(Thread.java:1575)
Caused by: org.eclipse.lsp4j.jsonrpc.JsonRpcException: java.io.IOException: 파이프가 닫히는 중입니다
	at org.eclipse.lsp4j.jsonrpc.json.StreamMessageConsumer.consume(StreamMessageConsumer.java:72)
	at org.eclipse.lsp4e.LanguageServerWrapper.lambda$3(LanguageServerWrapper.java:413)
	at org.eclipse.lsp4j.jsonrpc.RemoteEndpoint.request(RemoteEndpoint.java:171)
	at org.eclipse.lsp4j.jsonrpc.services.EndpointProxy.invoke(EndpointProxy.java:91)
	at jdk.proxy15/jdk.proxy15.$Proxy38.codeLens(Unknown Source)
	at org.eclipse.lsp4e.operations.codelens.CodeLensProvider.lambda$1(CodeLensProvider.java:40)
	... 7 more
Caused by: java.io.IOException: 파이프가 닫히는 중입니다
	at java.base/java.io.FileOutputStream.writeBytes(Native Method)
	at java.base/java.io.FileOutputStream.write(FileOutputStream.java:400)
	at java.base/java.lang.Process$PipeOutputStream.write(Process.java:907)
	at java.base/java.io.BufferedOutputStream.flushBuffer(BufferedOutputStream.java:125)
	at java.base/java.io.BufferedOutputStream.implWrite(BufferedOutputStream.java:222)
	at java.base/java.io.BufferedOutputStream.write(BufferedOutputStream.java:200)
	at java.base/java.io.FilterOutputStream.write(FilterOutputStream.java:110)
	at org.eclipse.lsp4j.jsonrpc.json.StreamMessageConsumer.consume(StreamMessageConsumer.java:67)
	... 12 more

!ENTRY org.eclipse.lsp4e 4 0 2025-09-16 14:54:47.285
!MESSAGE java.io.IOException: 파이프가 닫히는 중입니다
!STACK 0
org.eclipse.lsp4j.jsonrpc.JsonRpcException: java.io.IOException: 파이프가 닫히는 중입니다
	at org.eclipse.lsp4j.jsonrpc.json.StreamMessageConsumer.consume(StreamMessageConsumer.java:72)
	at org.eclipse.lsp4e.LanguageServerWrapper.lambda$3(LanguageServerWrapper.java:413)
	at org.eclipse.lsp4j.jsonrpc.RemoteEndpoint.request(RemoteEndpoint.java:171)
	at org.eclipse.lsp4j.jsonrpc.services.EndpointProxy.invoke(EndpointProxy.java:91)
	at jdk.proxy15/jdk.proxy15.$Proxy38.inlayHint(Unknown Source)
	at org.eclipse.lsp4e.operations.inlayhint.InlayHintProvider.lambda$1(InlayHintProvider.java:55)
	at org.eclipse.lsp4e.LanguageServers.lambda$24(LanguageServers.java:445)
	at org.eclipse.lsp4e.LanguageServerWrapper.lambda$17(LanguageServerWrapper.java:976)
	at java.base/java.util.concurrent.CompletableFuture$UniCompose.tryFire(CompletableFuture.java:1194)
	at java.base/java.util.concurrent.CompletableFuture$Completion.run(CompletableFuture.java:526)
	at java.base/java.util.concurrent.ThreadPoolExecutor.runWorker(ThreadPoolExecutor.java:1144)
	at java.base/java.util.concurrent.ThreadPoolExecutor$Worker.run(ThreadPoolExecutor.java:642)
	at java.base/java.lang.Thread.run(Thread.java:1575)
Caused by: java.io.IOException: 파이프가 닫히는 중입니다
	at java.base/java.io.FileOutputStream.writeBytes(Native Method)
	at java.base/java.io.FileOutputStream.write(FileOutputStream.java:400)
	at java.base/java.lang.Process$PipeOutputStream.write(Process.java:907)
	at java.base/java.io.BufferedOutputStream.flushBuffer(BufferedOutputStream.java:125)
	at java.base/java.io.BufferedOutputStream.implWrite(BufferedOutputStream.java:222)
	at java.base/java.io.BufferedOutputStream.write(BufferedOutputStream.java:200)
	at java.base/java.io.FilterOutputStream.write(FilterOutputStream.java:110)
	at org.eclipse.lsp4j.jsonrpc.json.StreamMessageConsumer.consume(StreamMessageConsumer.java:67)
	... 12 more

!ENTRY org.eclipse.jface.text 4 0 2025-09-16 14:54:47.285
!MESSAGE org.eclipse.lsp4j.jsonrpc.JsonRpcException: java.io.IOException: 파이프가 닫히는 중입니다
!STACK 0
java.util.concurrent.CompletionException: org.eclipse.lsp4j.jsonrpc.JsonRpcException: java.io.IOException: 파이프가 닫히는 중입니다
	at java.base/java.util.concurrent.CompletableFuture.wrapInCompletionException(CompletableFuture.java:323)
	at java.base/java.util.concurrent.CompletableFuture.encodeThrowable(CompletableFuture.java:376)
	at java.base/java.util.concurrent.CompletableFuture.uniApplyNow(CompletableFuture.java:718)
	at java.base/java.util.concurrent.CompletableFuture.uniApplyStage(CompletableFuture.java:706)
	at java.base/java.util.concurrent.CompletableFuture.thenApply(CompletableFuture.java:2244)
	at org.eclipse.lsp4e.operations.codelens.CodeLensProvider.lambda$1(CodeLensProvider.java:41)
	at org.eclipse.lsp4e.LanguageServers.lambda$24(LanguageServers.java:445)
	at org.eclipse.lsp4e.LanguageServerWrapper.lambda$17(LanguageServerWrapper.java:976)
	at java.base/java.util.concurrent.CompletableFuture$UniCompose.tryFire(CompletableFuture.java:1194)
	at java.base/java.util.concurrent.CompletableFuture$Completion.run(CompletableFuture.java:526)
	at java.base/java.util.concurrent.ThreadPoolExecutor.runWorker(ThreadPoolExecutor.java:1144)
	at java.base/java.util.concurrent.ThreadPoolExecutor$Worker.run(ThreadPoolExecutor.java:642)
	at java.base/java.lang.Thread.run(Thread.java:1575)
Caused by: org.eclipse.lsp4j.jsonrpc.JsonRpcException: java.io.IOException: 파이프가 닫히는 중입니다
	at org.eclipse.lsp4j.jsonrpc.json.StreamMessageConsumer.consume(StreamMessageConsumer.java:72)
	at org.eclipse.lsp4e.LanguageServerWrapper.lambda$3(LanguageServerWrapper.java:413)
	at org.eclipse.lsp4j.jsonrpc.RemoteEndpoint.request(RemoteEndpoint.java:171)
	at org.eclipse.lsp4j.jsonrpc.services.EndpointProxy.invoke(EndpointProxy.java:91)
	at jdk.proxy15/jdk.proxy15.$Proxy38.codeLens(Unknown Source)
	at org.eclipse.lsp4e.operations.codelens.CodeLensProvider.lambda$1(CodeLensProvider.java:40)
	... 7 more
Caused by: java.io.IOException: 파이프가 닫히는 중입니다
	at java.base/java.io.FileOutputStream.writeBytes(Native Method)
	at java.base/java.io.FileOutputStream.write(FileOutputStream.java:400)
	at java.base/java.lang.Process$PipeOutputStream.write(Process.java:907)
	at java.base/java.io.BufferedOutputStream.flushBuffer(BufferedOutputStream.java:125)
	at java.base/java.io.BufferedOutputStream.implWrite(BufferedOutputStream.java:222)
	at java.base/java.io.BufferedOutputStream.write(BufferedOutputStream.java:200)
	at java.base/java.io.FilterOutputStream.write(FilterOutputStream.java:110)
	at org.eclipse.lsp4j.jsonrpc.json.StreamMessageConsumer.consume(StreamMessageConsumer.java:67)
	... 12 more

!ENTRY org.eclipse.lsp4e 4 0 2025-09-16 14:54:47.285
!MESSAGE java.io.IOException: 파이프가 닫히는 중입니다
!STACK 0
org.eclipse.lsp4j.jsonrpc.JsonRpcException: java.io.IOException: 파이프가 닫히는 중입니다
	at org.eclipse.lsp4j.jsonrpc.json.StreamMessageConsumer.consume(StreamMessageConsumer.java:72)
	at org.eclipse.lsp4e.LanguageServerWrapper.lambda$3(LanguageServerWrapper.java:413)
	at org.eclipse.lsp4j.jsonrpc.RemoteEndpoint.request(RemoteEndpoint.java:171)
	at org.eclipse.lsp4j.jsonrpc.services.EndpointProxy.invoke(EndpointProxy.java:91)
	at jdk.proxy15/jdk.proxy15.$Proxy38.inlayHint(Unknown Source)
	at org.eclipse.lsp4e.operations.inlayhint.InlayHintProvider.lambda$1(InlayHintProvider.java:55)
	at org.eclipse.lsp4e.LanguageServers.lambda$24(LanguageServers.java:445)
	at org.eclipse.lsp4e.LanguageServerWrapper.lambda$17(LanguageServerWrapper.java:976)
	at java.base/java.util.concurrent.CompletableFuture$UniCompose.tryFire(CompletableFuture.java:1194)
	at java.base/java.util.concurrent.CompletableFuture$Completion.run(CompletableFuture.java:526)
	at java.base/java.util.concurrent.ThreadPoolExecutor.runWorker(ThreadPoolExecutor.java:1144)
	at java.base/java.util.concurrent.ThreadPoolExecutor$Worker.run(ThreadPoolExecutor.java:642)
	at java.base/java.lang.Thread.run(Thread.java:1575)
Caused by: java.io.IOException: 파이프가 닫히는 중입니다
	at java.base/java.io.FileOutputStream.writeBytes(Native Method)
	at java.base/java.io.FileOutputStream.write(FileOutputStream.java:400)
	at java.base/java.lang.Process$PipeOutputStream.write(Process.java:907)
	at java.base/java.io.BufferedOutputStream.flushBuffer(BufferedOutputStream.java:125)
	at java.base/java.io.BufferedOutputStream.implWrite(BufferedOutputStream.java:222)
	at java.base/java.io.BufferedOutputStream.write(BufferedOutputStream.java:200)
	at java.base/java.io.FilterOutputStream.write(FilterOutputStream.java:110)
	at org.eclipse.lsp4j.jsonrpc.json.StreamMessageConsumer.consume(StreamMessageConsumer.java:67)
	... 12 more

!ENTRY org.eclipse.jface.text 4 0 2025-09-16 14:54:47.286
!MESSAGE org.eclipse.lsp4j.jsonrpc.JsonRpcException: java.io.IOException: 파이프가 닫히는 중입니다
!STACK 0
java.util.concurrent.CompletionException: org.eclipse.lsp4j.jsonrpc.JsonRpcException: java.io.IOException: 파이프가 닫히는 중입니다
	at java.base/java.util.concurrent.CompletableFuture.wrapInCompletionException(CompletableFuture.java:323)
	at java.base/java.util.concurrent.CompletableFuture.encodeThrowable(CompletableFuture.java:376)
	at java.base/java.util.concurrent.CompletableFuture.uniApplyNow(CompletableFuture.java:718)
	at java.base/java.util.concurrent.CompletableFuture.uniApplyStage(CompletableFuture.java:706)
	at java.base/java.util.concurrent.CompletableFuture.thenApply(CompletableFuture.java:2244)
	at org.eclipse.lsp4e.operations.codelens.CodeLensProvider.lambda$1(CodeLensProvider.java:41)
	at org.eclipse.lsp4e.LanguageServers.lambda$24(LanguageServers.java:445)
	at org.eclipse.lsp4e.LanguageServerWrapper.lambda$17(LanguageServerWrapper.java:976)
	at java.base/java.util.concurrent.CompletableFuture$UniCompose.tryFire(CompletableFuture.java:1194)
	at java.base/java.util.concurrent.CompletableFuture$Completion.run(CompletableFuture.java:526)
	at java.base/java.util.concurrent.ThreadPoolExecutor.runWorker(ThreadPoolExecutor.java:1144)
	at java.base/java.util.concurrent.ThreadPoolExecutor$Worker.run(ThreadPoolExecutor.java:642)
	at java.base/java.lang.Thread.run(Thread.java:1575)
Caused by: org.eclipse.lsp4j.jsonrpc.JsonRpcException: java.io.IOException: 파이프가 닫히는 중입니다
	at org.eclipse.lsp4j.jsonrpc.json.StreamMessageConsumer.consume(StreamMessageConsumer.java:72)
	at org.eclipse.lsp4e.LanguageServerWrapper.lambda$3(LanguageServerWrapper.java:413)
	at org.eclipse.lsp4j.jsonrpc.RemoteEndpoint.request(RemoteEndpoint.java:171)
	at org.eclipse.lsp4j.jsonrpc.services.EndpointProxy.invoke(EndpointProxy.java:91)
	at jdk.proxy15/jdk.proxy15.$Proxy38.codeLens(Unknown Source)
	at org.eclipse.lsp4e.operations.codelens.CodeLensProvider.lambda$1(CodeLensProvider.java:40)
	... 7 more
Caused by: java.io.IOException: 파이프가 닫히는 중입니다
	at java.base/java.io.FileOutputStream.writeBytes(Native Method)
	at java.base/java.io.FileOutputStream.write(FileOutputStream.java:400)
	at java.base/java.lang.Process$PipeOutputStream.write(Process.java:907)
	at java.base/java.io.BufferedOutputStream.flushBuffer(BufferedOutputStream.java:125)
	at java.base/java.io.BufferedOutputStream.implWrite(BufferedOutputStream.java:222)
	at java.base/java.io.BufferedOutputStream.write(BufferedOutputStream.java:200)
	at java.base/java.io.FilterOutputStream.write(FilterOutputStream.java:110)
	at org.eclipse.lsp4j.jsonrpc.json.StreamMessageConsumer.consume(StreamMessageConsumer.java:67)
	... 12 more

!ENTRY org.eclipse.lsp4e 4 0 2025-09-16 14:54:47.286
!MESSAGE java.io.IOException: 파이프가 닫히는 중입니다
!STACK 0
org.eclipse.lsp4j.jsonrpc.JsonRpcException: java.io.IOException: 파이프가 닫히는 중입니다
	at org.eclipse.lsp4j.jsonrpc.json.StreamMessageConsumer.consume(StreamMessageConsumer.java:72)
	at org.eclipse.lsp4e.LanguageServerWrapper.lambda$3(LanguageServerWrapper.java:413)
	at org.eclipse.lsp4j.jsonrpc.RemoteEndpoint.request(RemoteEndpoint.java:171)
	at org.eclipse.lsp4j.jsonrpc.services.EndpointProxy.invoke(EndpointProxy.java:91)
	at jdk.proxy15/jdk.proxy15.$Proxy38.inlayHint(Unknown Source)
	at org.eclipse.lsp4e.operations.inlayhint.InlayHintProvider.lambda$1(InlayHintProvider.java:55)
	at org.eclipse.lsp4e.LanguageServers.lambda$24(LanguageServers.java:445)
	at org.eclipse.lsp4e.LanguageServerWrapper.lambda$17(LanguageServerWrapper.java:976)
	at java.base/java.util.concurrent.CompletableFuture$UniCompose.tryFire(CompletableFuture.java:1194)
	at java.base/java.util.concurrent.CompletableFuture$Completion.run(CompletableFuture.java:526)
	at java.base/java.util.concurrent.ThreadPoolExecutor.runWorker(ThreadPoolExecutor.java:1144)
	at java.base/java.util.concurrent.ThreadPoolExecutor$Worker.run(ThreadPoolExecutor.java:642)
	at java.base/java.lang.Thread.run(Thread.java:1575)
Caused by: java.io.IOException: 파이프가 닫히는 중입니다
	at java.base/java.io.FileOutputStream.writeBytes(Native Method)
	at java.base/java.io.FileOutputStream.write(FileOutputStream.java:400)
	at java.base/java.lang.Process$PipeOutputStream.write(Process.java:907)
	at java.base/java.io.BufferedOutputStream.flushBuffer(BufferedOutputStream.java:125)
	at java.base/java.io.BufferedOutputStream.implWrite(BufferedOutputStream.java:222)
	at java.base/java.io.BufferedOutputStream.write(BufferedOutputStream.java:200)
	at java.base/java.io.FilterOutputStream.write(FilterOutputStream.java:110)
	at org.eclipse.lsp4j.jsonrpc.json.StreamMessageConsumer.consume(StreamMessageConsumer.java:67)
	... 12 more

!ENTRY org.eclipse.jface.text 4 0 2025-09-16 14:54:47.286
!MESSAGE org.eclipse.lsp4j.jsonrpc.JsonRpcException: java.io.IOException: 파이프가 닫히는 중입니다
!STACK 0
java.util.concurrent.CompletionException: org.eclipse.lsp4j.jsonrpc.JsonRpcException: java.io.IOException: 파이프가 닫히는 중입니다
	at java.base/java.util.concurrent.CompletableFuture.wrapInCompletionException(CompletableFuture.java:323)
	at java.base/java.util.concurrent.CompletableFuture.encodeThrowable(CompletableFuture.java:376)
	at java.base/java.util.concurrent.CompletableFuture.uniApplyNow(CompletableFuture.java:718)
	at java.base/java.util.concurrent.CompletableFuture.uniApplyStage(CompletableFuture.java:706)
	at java.base/java.util.concurrent.CompletableFuture.thenApply(CompletableFuture.java:2244)
	at org.eclipse.lsp4e.operations.codelens.CodeLensProvider.lambda$1(CodeLensProvider.java:41)
	at org.eclipse.lsp4e.LanguageServers.lambda$24(LanguageServers.java:445)
	at org.eclipse.lsp4e.LanguageServerWrapper.lambda$17(LanguageServerWrapper.java:976)
	at java.base/java.util.concurrent.CompletableFuture$UniCompose.tryFire(CompletableFuture.java:1194)
	at java.base/java.util.concurrent.CompletableFuture$Completion.run(CompletableFuture.java:526)
	at java.base/java.util.concurrent.ThreadPoolExecutor.runWorker(ThreadPoolExecutor.java:1144)
	at java.base/java.util.concurrent.ThreadPoolExecutor$Worker.run(ThreadPoolExecutor.java:642)
	at java.base/java.lang.Thread.run(Thread.java:1575)
Caused by: org.eclipse.lsp4j.jsonrpc.JsonRpcException: java.io.IOException: 파이프가 닫히는 중입니다
	at org.eclipse.lsp4j.jsonrpc.json.StreamMessageConsumer.consume(StreamMessageConsumer.java:72)
	at org.eclipse.lsp4e.LanguageServerWrapper.lambda$3(LanguageServerWrapper.java:413)
	at org.eclipse.lsp4j.jsonrpc.RemoteEndpoint.request(RemoteEndpoint.java:171)
	at org.eclipse.lsp4j.jsonrpc.services.EndpointProxy.invoke(EndpointProxy.java:91)
	at jdk.proxy15/jdk.proxy15.$Proxy38.codeLens(Unknown Source)
	at org.eclipse.lsp4e.operations.codelens.CodeLensProvider.lambda$1(CodeLensProvider.java:40)
	... 7 more
Caused by: java.io.IOException: 파이프가 닫히는 중입니다
	at java.base/java.io.FileOutputStream.writeBytes(Native Method)
	at java.base/java.io.FileOutputStream.write(FileOutputStream.java:400)
	at java.base/java.lang.Process$PipeOutputStream.write(Process.java:907)
	at java.base/java.io.BufferedOutputStream.flushBuffer(BufferedOutputStream.java:125)
	at java.base/java.io.BufferedOutputStream.implWrite(BufferedOutputStream.java:222)
	at java.base/java.io.BufferedOutputStream.write(BufferedOutputStream.java:200)
	at java.base/java.io.FilterOutputStream.write(FilterOutputStream.java:110)
	at org.eclipse.lsp4j.jsonrpc.json.StreamMessageConsumer.consume(StreamMessageConsumer.java:67)
	... 12 more

!ENTRY org.eclipse.lsp4e 4 0 2025-09-16 14:54:47.287
!MESSAGE java.io.IOException: 파이프가 닫히는 중입니다
!STACK 0
org.eclipse.lsp4j.jsonrpc.JsonRpcException: java.io.IOException: 파이프가 닫히는 중입니다
	at org.eclipse.lsp4j.jsonrpc.json.StreamMessageConsumer.consume(StreamMessageConsumer.java:72)
	at org.eclipse.lsp4e.LanguageServerWrapper.lambda$3(LanguageServerWrapper.java:413)
	at org.eclipse.lsp4j.jsonrpc.RemoteEndpoint.request(RemoteEndpoint.java:171)
	at org.eclipse.lsp4j.jsonrpc.services.EndpointProxy.invoke(EndpointProxy.java:91)
	at jdk.proxy15/jdk.proxy15.$Proxy38.inlayHint(Unknown Source)
	at org.eclipse.lsp4e.operations.inlayhint.InlayHintProvider.lambda$1(InlayHintProvider.java:55)
	at org.eclipse.lsp4e.LanguageServers.lambda$24(LanguageServers.java:445)
	at org.eclipse.lsp4e.LanguageServerWrapper.lambda$17(LanguageServerWrapper.java:976)
	at java.base/java.util.concurrent.CompletableFuture$UniCompose.tryFire(CompletableFuture.java:1194)
	at java.base/java.util.concurrent.CompletableFuture$Completion.run(CompletableFuture.java:526)
	at java.base/java.util.concurrent.ThreadPoolExecutor.runWorker(ThreadPoolExecutor.java:1144)
	at java.base/java.util.concurrent.ThreadPoolExecutor$Worker.run(ThreadPoolExecutor.java:642)
	at java.base/java.lang.Thread.run(Thread.java:1575)
Caused by: java.io.IOException: 파이프가 닫히는 중입니다
	at java.base/java.io.FileOutputStream.writeBytes(Native Method)
	at java.base/java.io.FileOutputStream.write(FileOutputStream.java:400)
	at java.base/java.lang.Process$PipeOutputStream.write(Process.java:907)
	at java.base/java.io.BufferedOutputStream.flushBuffer(BufferedOutputStream.java:125)
	at java.base/java.io.BufferedOutputStream.implWrite(BufferedOutputStream.java:222)
	at java.base/java.io.BufferedOutputStream.write(BufferedOutputStream.java:200)
	at java.base/java.io.FilterOutputStream.write(FilterOutputStream.java:110)
	at org.eclipse.lsp4j.jsonrpc.json.StreamMessageConsumer.consume(StreamMessageConsumer.java:67)
	... 12 more

!ENTRY org.eclipse.jface.text 4 0 2025-09-16 14:54:47.287
!MESSAGE org.eclipse.lsp4j.jsonrpc.JsonRpcException: java.io.IOException: 파이프가 닫히는 중입니다
!STACK 0
java.util.concurrent.CompletionException: org.eclipse.lsp4j.jsonrpc.JsonRpcException: java.io.IOException: 파이프가 닫히는 중입니다
	at java.base/java.util.concurrent.CompletableFuture.wrapInCompletionException(CompletableFuture.java:323)
	at java.base/java.util.concurrent.CompletableFuture.encodeThrowable(CompletableFuture.java:376)
	at java.base/java.util.concurrent.CompletableFuture.uniApplyNow(CompletableFuture.java:718)
	at java.base/java.util.concurrent.CompletableFuture.uniApplyStage(CompletableFuture.java:706)
	at java.base/java.util.concurrent.CompletableFuture.thenApply(CompletableFuture.java:2244)
	at org.eclipse.lsp4e.operations.codelens.CodeLensProvider.lambda$1(CodeLensProvider.java:41)
	at org.eclipse.lsp4e.LanguageServers.lambda$24(LanguageServers.java:445)
	at org.eclipse.lsp4e.LanguageServerWrapper.lambda$17(LanguageServerWrapper.java:976)
	at java.base/java.util.concurrent.CompletableFuture$UniCompose.tryFire(CompletableFuture.java:1194)
	at java.base/java.util.concurrent.CompletableFuture$Completion.run(CompletableFuture.java:526)
	at java.base/java.util.concurrent.ThreadPoolExecutor.runWorker(ThreadPoolExecutor.java:1144)
	at java.base/java.util.concurrent.ThreadPoolExecutor$Worker.run(ThreadPoolExecutor.java:642)
	at java.base/java.lang.Thread.run(Thread.java:1575)
Caused by: org.eclipse.lsp4j.jsonrpc.JsonRpcException: java.io.IOException: 파이프가 닫히는 중입니다
	at org.eclipse.lsp4j.jsonrpc.json.StreamMessageConsumer.consume(StreamMessageConsumer.java:72)
	at org.eclipse.lsp4e.LanguageServerWrapper.lambda$3(LanguageServerWrapper.java:413)
	at org.eclipse.lsp4j.jsonrpc.RemoteEndpoint.request(RemoteEndpoint.java:171)
	at org.eclipse.lsp4j.jsonrpc.services.EndpointProxy.invoke(EndpointProxy.java:91)
	at jdk.proxy15/jdk.proxy15.$Proxy38.codeLens(Unknown Source)
	at org.eclipse.lsp4e.operations.codelens.CodeLensProvider.lambda$1(CodeLensProvider.java:40)
	... 7 more
Caused by: java.io.IOException: 파이프가 닫히는 중입니다
	at java.base/java.io.FileOutputStream.writeBytes(Native Method)
	at java.base/java.io.FileOutputStream.write(FileOutputStream.java:400)
	at java.base/java.lang.Process$PipeOutputStream.write(Process.java:907)
	at java.base/java.io.BufferedOutputStream.flushBuffer(BufferedOutputStream.java:125)
	at java.base/java.io.BufferedOutputStream.implWrite(BufferedOutputStream.java:222)
	at java.base/java.io.BufferedOutputStream.write(BufferedOutputStream.java:200)
	at java.base/java.io.FilterOutputStream.write(FilterOutputStream.java:110)
	at org.eclipse.lsp4j.jsonrpc.json.StreamMessageConsumer.consume(StreamMessageConsumer.java:67)
	... 12 more

!ENTRY org.eclipse.lsp4e 4 0 2025-09-16 14:54:47.287
!MESSAGE java.io.IOException: 파이프가 닫히는 중입니다
!STACK 0
org.eclipse.lsp4j.jsonrpc.JsonRpcException: java.io.IOException: 파이프가 닫히는 중입니다
	at org.eclipse.lsp4j.jsonrpc.json.StreamMessageConsumer.consume(StreamMessageConsumer.java:72)
	at org.eclipse.lsp4e.LanguageServerWrapper.lambda$3(LanguageServerWrapper.java:413)
	at org.eclipse.lsp4j.jsonrpc.RemoteEndpoint.request(RemoteEndpoint.java:171)
	at org.eclipse.lsp4j.jsonrpc.services.EndpointProxy.invoke(EndpointProxy.java:91)
	at jdk.proxy15/jdk.proxy15.$Proxy38.inlayHint(Unknown Source)
	at org.eclipse.lsp4e.operations.inlayhint.InlayHintProvider.lambda$1(InlayHintProvider.java:55)
	at org.eclipse.lsp4e.LanguageServers.lambda$24(LanguageServers.java:445)
	at org.eclipse.lsp4e.LanguageServerWrapper.lambda$17(LanguageServerWrapper.java:976)
	at java.base/java.util.concurrent.CompletableFuture$UniCompose.tryFire(CompletableFuture.java:1194)
	at java.base/java.util.concurrent.CompletableFuture$Completion.run(CompletableFuture.java:526)
	at java.base/java.util.concurrent.ThreadPoolExecutor.runWorker(ThreadPoolExecutor.java:1144)
	at java.base/java.util.concurrent.ThreadPoolExecutor$Worker.run(ThreadPoolExecutor.java:642)
	at java.base/java.lang.Thread.run(Thread.java:1575)
Caused by: java.io.IOException: 파이프가 닫히는 중입니다
	at java.base/java.io.FileOutputStream.writeBytes(Native Method)
	at java.base/java.io.FileOutputStream.write(FileOutputStream.java:400)
	at java.base/java.lang.Process$PipeOutputStream.write(Process.java:907)
	at java.base/java.io.BufferedOutputStream.flushBuffer(BufferedOutputStream.java:125)
	at java.base/java.io.BufferedOutputStream.implWrite(BufferedOutputStream.java:222)
	at java.base/java.io.BufferedOutputStream.write(BufferedOutputStream.java:200)
	at java.base/java.io.FilterOutputStream.write(FilterOutputStream.java:110)
	at org.eclipse.lsp4j.jsonrpc.json.StreamMessageConsumer.consume(StreamMessageConsumer.java:67)
	... 12 more

!ENTRY org.eclipse.jface.text 4 0 2025-09-16 14:54:47.288
!MESSAGE org.eclipse.lsp4j.jsonrpc.JsonRpcException: java.io.IOException: 파이프가 닫히는 중입니다
!STACK 0
java.util.concurrent.CompletionException: org.eclipse.lsp4j.jsonrpc.JsonRpcException: java.io.IOException: 파이프가 닫히는 중입니다
	at java.base/java.util.concurrent.CompletableFuture.wrapInCompletionException(CompletableFuture.java:323)
	at java.base/java.util.concurrent.CompletableFuture.encodeThrowable(CompletableFuture.java:376)
	at java.base/java.util.concurrent.CompletableFuture.uniApplyNow(CompletableFuture.java:718)
	at java.base/java.util.concurrent.CompletableFuture.uniApplyStage(CompletableFuture.java:706)
	at java.base/java.util.concurrent.CompletableFuture.thenApply(CompletableFuture.java:2244)
	at org.eclipse.lsp4e.operations.codelens.CodeLensProvider.lambda$1(CodeLensProvider.java:41)
	at org.eclipse.lsp4e.LanguageServers.lambda$24(LanguageServers.java:445)
	at org.eclipse.lsp4e.LanguageServerWrapper.lambda$17(LanguageServerWrapper.java:976)
	at java.base/java.util.concurrent.CompletableFuture$UniCompose.tryFire(CompletableFuture.java:1194)
	at java.base/java.util.concurrent.CompletableFuture$Completion.run(CompletableFuture.java:526)
	at java.base/java.util.concurrent.ThreadPoolExecutor.runWorker(ThreadPoolExecutor.java:1144)
	at java.base/java.util.concurrent.ThreadPoolExecutor$Worker.run(ThreadPoolExecutor.java:642)
	at java.base/java.lang.Thread.run(Thread.java:1575)
Caused by: org.eclipse.lsp4j.jsonrpc.JsonRpcException: java.io.IOException: 파이프가 닫히는 중입니다
	at org.eclipse.lsp4j.jsonrpc.json.StreamMessageConsumer.consume(StreamMessageConsumer.java:72)
	at org.eclipse.lsp4e.LanguageServerWrapper.lambda$3(LanguageServerWrapper.java:413)
	at org.eclipse.lsp4j.jsonrpc.RemoteEndpoint.request(RemoteEndpoint.java:171)
	at org.eclipse.lsp4j.jsonrpc.services.EndpointProxy.invoke(EndpointProxy.java:91)
	at jdk.proxy15/jdk.proxy15.$Proxy38.codeLens(Unknown Source)
	at org.eclipse.lsp4e.operations.codelens.CodeLensProvider.lambda$1(CodeLensProvider.java:40)
	... 7 more
Caused by: java.io.IOException: 파이프가 닫히는 중입니다
	at java.base/java.io.FileOutputStream.writeBytes(Native Method)
	at java.base/java.io.FileOutputStream.write(FileOutputStream.java:400)
	at java.base/java.lang.Process$PipeOutputStream.write(Process.java:907)
	at java.base/java.io.BufferedOutputStream.flushBuffer(BufferedOutputStream.java:125)
	at java.base/java.io.BufferedOutputStream.implWrite(BufferedOutputStream.java:222)
	at java.base/java.io.BufferedOutputStream.write(BufferedOutputStream.java:200)
	at java.base/java.io.FilterOutputStream.write(FilterOutputStream.java:110)
	at org.eclipse.lsp4j.jsonrpc.json.StreamMessageConsumer.consume(StreamMessageConsumer.java:67)
	... 12 more

!ENTRY org.eclipse.lsp4e 4 0 2025-09-16 14:54:47.288
!MESSAGE java.io.IOException: 파이프가 닫히는 중입니다
!STACK 0
org.eclipse.lsp4j.jsonrpc.JsonRpcException: java.io.IOException: 파이프가 닫히는 중입니다
	at org.eclipse.lsp4j.jsonrpc.json.StreamMessageConsumer.consume(StreamMessageConsumer.java:72)
	at org.eclipse.lsp4e.LanguageServerWrapper.lambda$3(LanguageServerWrapper.java:413)
	at org.eclipse.lsp4j.jsonrpc.RemoteEndpoint.request(RemoteEndpoint.java:171)
	at org.eclipse.lsp4j.jsonrpc.services.EndpointProxy.invoke(EndpointProxy.java:91)
	at jdk.proxy15/jdk.proxy15.$Proxy38.inlayHint(Unknown Source)
	at org.eclipse.lsp4e.operations.inlayhint.InlayHintProvider.lambda$1(InlayHintProvider.java:55)
	at org.eclipse.lsp4e.LanguageServers.lambda$24(LanguageServers.java:445)
	at org.eclipse.lsp4e.LanguageServerWrapper.lambda$17(LanguageServerWrapper.java:976)
	at java.base/java.util.concurrent.CompletableFuture$UniCompose.tryFire(CompletableFuture.java:1194)
	at java.base/java.util.concurrent.CompletableFuture$Completion.run(CompletableFuture.java:526)
	at java.base/java.util.concurrent.ThreadPoolExecutor.runWorker(ThreadPoolExecutor.java:1144)
	at java.base/java.util.concurrent.ThreadPoolExecutor$Worker.run(ThreadPoolExecutor.java:642)
	at java.base/java.lang.Thread.run(Thread.java:1575)
Caused by: java.io.IOException: 파이프가 닫히는 중입니다
	at java.base/java.io.FileOutputStream.writeBytes(Native Method)
	at java.base/java.io.FileOutputStream.write(FileOutputStream.java:400)
	at java.base/java.lang.Process$PipeOutputStream.write(Process.java:907)
	at java.base/java.io.BufferedOutputStream.flushBuffer(BufferedOutputStream.java:125)
	at java.base/java.io.BufferedOutputStream.implWrite(BufferedOutputStream.java:222)
	at java.base/java.io.BufferedOutputStream.write(BufferedOutputStream.java:200)
	at java.base/java.io.FilterOutputStream.write(FilterOutputStream.java:110)
	at org.eclipse.lsp4j.jsonrpc.json.StreamMessageConsumer.consume(StreamMessageConsumer.java:67)
	... 12 more

!ENTRY org.eclipse.jface.text 4 0 2025-09-16 14:54:47.288
!MESSAGE org.eclipse.lsp4j.jsonrpc.JsonRpcException: java.io.IOException: 파이프가 닫히는 중입니다
!STACK 0
java.util.concurrent.CompletionException: org.eclipse.lsp4j.jsonrpc.JsonRpcException: java.io.IOException: 파이프가 닫히는 중입니다
	at java.base/java.util.concurrent.CompletableFuture.wrapInCompletionException(CompletableFuture.java:323)
	at java.base/java.util.concurrent.CompletableFuture.encodeThrowable(CompletableFuture.java:376)
	at java.base/java.util.concurrent.CompletableFuture.uniApplyNow(CompletableFuture.java:718)
	at java.base/java.util.concurrent.CompletableFuture.uniApplyStage(CompletableFuture.java:706)
	at java.base/java.util.concurrent.CompletableFuture.thenApply(CompletableFuture.java:2244)
	at org.eclipse.lsp4e.operations.codelens.CodeLensProvider.lambda$1(CodeLensProvider.java:41)
	at org.eclipse.lsp4e.LanguageServers.lambda$24(LanguageServers.java:445)
	at org.eclipse.lsp4e.LanguageServerWrapper.lambda$17(LanguageServerWrapper.java:976)
	at java.base/java.util.concurrent.CompletableFuture$UniCompose.tryFire(CompletableFuture.java:1194)
	at java.base/java.util.concurrent.CompletableFuture$Completion.run(CompletableFuture.java:526)
	at java.base/java.util.concurrent.ThreadPoolExecutor.runWorker(ThreadPoolExecutor.java:1144)
	at java.base/java.util.concurrent.ThreadPoolExecutor$Worker.run(ThreadPoolExecutor.java:642)
	at java.base/java.lang.Thread.run(Thread.java:1575)
Caused by: org.eclipse.lsp4j.jsonrpc.JsonRpcException: java.io.IOException: 파이프가 닫히는 중입니다
	at org.eclipse.lsp4j.jsonrpc.json.StreamMessageConsumer.consume(StreamMessageConsumer.java:72)
	at org.eclipse.lsp4e.LanguageServerWrapper.lambda$3(LanguageServerWrapper.java:413)
	at org.eclipse.lsp4j.jsonrpc.RemoteEndpoint.request(RemoteEndpoint.java:171)
	at org.eclipse.lsp4j.jsonrpc.services.EndpointProxy.invoke(EndpointProxy.java:91)
	at jdk.proxy15/jdk.proxy15.$Proxy38.codeLens(Unknown Source)
	at org.eclipse.lsp4e.operations.codelens.CodeLensProvider.lambda$1(CodeLensProvider.java:40)
	... 7 more
Caused by: java.io.IOException: 파이프가 닫히는 중입니다
	at java.base/java.io.FileOutputStream.writeBytes(Native Method)
	at java.base/java.io.FileOutputStream.write(FileOutputStream.java:400)
	at java.base/java.lang.Process$PipeOutputStream.write(Process.java:907)
	at java.base/java.io.BufferedOutputStream.flushBuffer(BufferedOutputStream.java:125)
	at java.base/java.io.BufferedOutputStream.implWrite(BufferedOutputStream.java:222)
	at java.base/java.io.BufferedOutputStream.write(BufferedOutputStream.java:200)
	at java.base/java.io.FilterOutputStream.write(FilterOutputStream.java:110)
	at org.eclipse.lsp4j.jsonrpc.json.StreamMessageConsumer.consume(StreamMessageConsumer.java:67)
	... 12 more

!ENTRY org.eclipse.lsp4e 4 0 2025-09-16 14:54:47.288
!MESSAGE java.io.IOException: 파이프가 닫히는 중입니다
!STACK 0
org.eclipse.lsp4j.jsonrpc.JsonRpcException: java.io.IOException: 파이프가 닫히는 중입니다
	at org.eclipse.lsp4j.jsonrpc.json.StreamMessageConsumer.consume(StreamMessageConsumer.java:72)
	at org.eclipse.lsp4e.LanguageServerWrapper.lambda$3(LanguageServerWrapper.java:413)
	at org.eclipse.lsp4j.jsonrpc.RemoteEndpoint.request(RemoteEndpoint.java:171)
	at org.eclipse.lsp4j.jsonrpc.services.EndpointProxy.invoke(EndpointProxy.java:91)
	at jdk.proxy15/jdk.proxy15.$Proxy38.inlayHint(Unknown Source)
	at org.eclipse.lsp4e.operations.inlayhint.InlayHintProvider.lambda$1(InlayHintProvider.java:55)
	at org.eclipse.lsp4e.LanguageServers.lambda$24(LanguageServers.java:445)
	at org.eclipse.lsp4e.LanguageServerWrapper.lambda$17(LanguageServerWrapper.java:976)
	at java.base/java.util.concurrent.CompletableFuture$UniCompose.tryFire(CompletableFuture.java:1194)
	at java.base/java.util.concurrent.CompletableFuture$Completion.run(CompletableFuture.java:526)
	at java.base/java.util.concurrent.ThreadPoolExecutor.runWorker(ThreadPoolExecutor.java:1144)
	at java.base/java.util.concurrent.ThreadPoolExecutor$Worker.run(ThreadPoolExecutor.java:642)
	at java.base/java.lang.Thread.run(Thread.java:1575)
Caused by: java.io.IOException: 파이프가 닫히는 중입니다
	at java.base/java.io.FileOutputStream.writeBytes(Native Method)
	at java.base/java.io.FileOutputStream.write(FileOutputStream.java:400)
	at java.base/java.lang.Process$PipeOutputStream.write(Process.java:907)
	at java.base/java.io.BufferedOutputStream.flushBuffer(BufferedOutputStream.java:125)
	at java.base/java.io.BufferedOutputStream.implWrite(BufferedOutputStream.java:222)
	at java.base/java.io.BufferedOutputStream.write(BufferedOutputStream.java:200)
	at java.base/java.io.FilterOutputStream.write(FilterOutputStream.java:110)
	at org.eclipse.lsp4j.jsonrpc.json.StreamMessageConsumer.consume(StreamMessageConsumer.java:67)
	... 12 more

!ENTRY org.eclipse.jface.text 4 0 2025-09-16 14:54:47.289
!MESSAGE org.eclipse.lsp4j.jsonrpc.JsonRpcException: java.io.IOException: 파이프가 닫히는 중입니다
!STACK 0
java.util.concurrent.CompletionException: org.eclipse.lsp4j.jsonrpc.JsonRpcException: java.io.IOException: 파이프가 닫히는 중입니다
	at java.base/java.util.concurrent.CompletableFuture.wrapInCompletionException(CompletableFuture.java:323)
	at java.base/java.util.concurrent.CompletableFuture.encodeThrowable(CompletableFuture.java:376)
	at java.base/java.util.concurrent.CompletableFuture.uniApplyNow(CompletableFuture.java:718)
	at java.base/java.util.concurrent.CompletableFuture.uniApplyStage(CompletableFuture.java:706)
	at java.base/java.util.concurrent.CompletableFuture.thenApply(CompletableFuture.java:2244)
	at org.eclipse.lsp4e.operations.codelens.CodeLensProvider.lambda$1(CodeLensProvider.java:41)
	at org.eclipse.lsp4e.LanguageServers.lambda$24(LanguageServers.java:445)
	at org.eclipse.lsp4e.LanguageServerWrapper.lambda$17(LanguageServerWrapper.java:976)
	at java.base/java.util.concurrent.CompletableFuture$UniCompose.tryFire(CompletableFuture.java:1194)
	at java.base/java.util.concurrent.CompletableFuture$Completion.run(CompletableFuture.java:526)
	at java.base/java.util.concurrent.ThreadPoolExecutor.runWorker(ThreadPoolExecutor.java:1144)
	at java.base/java.util.concurrent.ThreadPoolExecutor$Worker.run(ThreadPoolExecutor.java:642)
	at java.base/java.lang.Thread.run(Thread.java:1575)
Caused by: org.eclipse.lsp4j.jsonrpc.JsonRpcException: java.io.IOException: 파이프가 닫히는 중입니다
	at org.eclipse.lsp4j.jsonrpc.json.StreamMessageConsumer.consume(StreamMessageConsumer.java:72)
	at org.eclipse.lsp4e.LanguageServerWrapper.lambda$3(LanguageServerWrapper.java:413)
	at org.eclipse.lsp4j.jsonrpc.RemoteEndpoint.request(RemoteEndpoint.java:171)
	at org.eclipse.lsp4j.jsonrpc.services.EndpointProxy.invoke(EndpointProxy.java:91)
	at jdk.proxy15/jdk.proxy15.$Proxy38.codeLens(Unknown Source)
	at org.eclipse.lsp4e.operations.codelens.CodeLensProvider.lambda$1(CodeLensProvider.java:40)
	... 7 more
Caused by: java.io.IOException: 파이프가 닫히는 중입니다
	at java.base/java.io.FileOutputStream.writeBytes(Native Method)
	at java.base/java.io.FileOutputStream.write(FileOutputStream.java:400)
	at java.base/java.lang.Process$PipeOutputStream.write(Process.java:907)
	at java.base/java.io.BufferedOutputStream.flushBuffer(BufferedOutputStream.java:125)
	at java.base/java.io.BufferedOutputStream.implWrite(BufferedOutputStream.java:222)
	at java.base/java.io.BufferedOutputStream.write(BufferedOutputStream.java:200)
	at java.base/java.io.FilterOutputStream.write(FilterOutputStream.java:110)
	at org.eclipse.lsp4j.jsonrpc.json.StreamMessageConsumer.consume(StreamMessageConsumer.java:67)
	... 12 more

!ENTRY org.eclipse.lsp4e 4 0 2025-09-16 14:54:47.289
!MESSAGE java.io.IOException: 파이프가 닫히는 중입니다
!STACK 0
org.eclipse.lsp4j.jsonrpc.JsonRpcException: java.io.IOException: 파이프가 닫히는 중입니다
	at org.eclipse.lsp4j.jsonrpc.json.StreamMessageConsumer.consume(StreamMessageConsumer.java:72)
	at org.eclipse.lsp4e.LanguageServerWrapper.lambda$3(LanguageServerWrapper.java:413)
	at org.eclipse.lsp4j.jsonrpc.RemoteEndpoint.request(RemoteEndpoint.java:171)
	at org.eclipse.lsp4j.jsonrpc.services.EndpointProxy.invoke(EndpointProxy.java:91)
	at jdk.proxy15/jdk.proxy15.$Proxy38.inlayHint(Unknown Source)
	at org.eclipse.lsp4e.operations.inlayhint.InlayHintProvider.lambda$1(InlayHintProvider.java:55)
	at org.eclipse.lsp4e.LanguageServers.lambda$24(LanguageServers.java:445)
	at org.eclipse.lsp4e.LanguageServerWrapper.lambda$17(LanguageServerWrapper.java:976)
	at java.base/java.util.concurrent.CompletableFuture$UniCompose.tryFire(CompletableFuture.java:1194)
	at java.base/java.util.concurrent.CompletableFuture$Completion.run(CompletableFuture.java:526)
	at java.base/java.util.concurrent.ThreadPoolExecutor.runWorker(ThreadPoolExecutor.java:1144)
	at java.base/java.util.concurrent.ThreadPoolExecutor$Worker.run(ThreadPoolExecutor.java:642)
	at java.base/java.lang.Thread.run(Thread.java:1575)
Caused by: java.io.IOException: 파이프가 닫히는 중입니다
	at java.base/java.io.FileOutputStream.writeBytes(Native Method)
	at java.base/java.io.FileOutputStream.write(FileOutputStream.java:400)
	at java.base/java.lang.Process$PipeOutputStream.write(Process.java:907)
	at java.base/java.io.BufferedOutputStream.flushBuffer(BufferedOutputStream.java:125)
	at java.base/java.io.BufferedOutputStream.implWrite(BufferedOutputStream.java:222)
	at java.base/java.io.BufferedOutputStream.write(BufferedOutputStream.java:200)
	at java.base/java.io.FilterOutputStream.write(FilterOutputStream.java:110)
	at org.eclipse.lsp4j.jsonrpc.json.StreamMessageConsumer.consume(StreamMessageConsumer.java:67)
	... 12 more

!ENTRY org.eclipse.jface.text 4 0 2025-09-16 14:54:47.289
!MESSAGE org.eclipse.lsp4j.jsonrpc.JsonRpcException: java.io.IOException: 파이프가 닫히는 중입니다
!STACK 0
java.util.concurrent.CompletionException: org.eclipse.lsp4j.jsonrpc.JsonRpcException: java.io.IOException: 파이프가 닫히는 중입니다
	at java.base/java.util.concurrent.CompletableFuture.wrapInCompletionException(CompletableFuture.java:323)
	at java.base/java.util.concurrent.CompletableFuture.encodeThrowable(CompletableFuture.java:376)
	at java.base/java.util.concurrent.CompletableFuture.uniApplyNow(CompletableFuture.java:718)
	at java.base/java.util.concurrent.CompletableFuture.uniApplyStage(CompletableFuture.java:706)
	at java.base/java.util.concurrent.CompletableFuture.thenApply(CompletableFuture.java:2244)
	at org.eclipse.lsp4e.operations.codelens.CodeLensProvider.lambda$1(CodeLensProvider.java:41)
	at org.eclipse.lsp4e.LanguageServers.lambda$24(LanguageServers.java:445)
	at org.eclipse.lsp4e.LanguageServerWrapper.lambda$17(LanguageServerWrapper.java:976)
	at java.base/java.util.concurrent.CompletableFuture$UniCompose.tryFire(CompletableFuture.java:1194)
	at java.base/java.util.concurrent.CompletableFuture$Completion.run(CompletableFuture.java:526)
	at java.base/java.util.concurrent.ThreadPoolExecutor.runWorker(ThreadPoolExecutor.java:1144)
	at java.base/java.util.concurrent.ThreadPoolExecutor$Worker.run(ThreadPoolExecutor.java:642)
	at java.base/java.lang.Thread.run(Thread.java:1575)
Caused by: org.eclipse.lsp4j.jsonrpc.JsonRpcException: java.io.IOException: 파이프가 닫히는 중입니다
	at org.eclipse.lsp4j.jsonrpc.json.StreamMessageConsumer.consume(StreamMessageConsumer.java:72)
	at org.eclipse.lsp4e.LanguageServerWrapper.lambda$3(LanguageServerWrapper.java:413)
	at org.eclipse.lsp4j.jsonrpc.RemoteEndpoint.request(RemoteEndpoint.java:171)
	at org.eclipse.lsp4j.jsonrpc.services.EndpointProxy.invoke(EndpointProxy.java:91)
	at jdk.proxy15/jdk.proxy15.$Proxy38.codeLens(Unknown Source)
	at org.eclipse.lsp4e.operations.codelens.CodeLensProvider.lambda$1(CodeLensProvider.java:40)
	... 7 more
Caused by: java.io.IOException: 파이프가 닫히는 중입니다
	at java.base/java.io.FileOutputStream.writeBytes(Native Method)
	at java.base/java.io.FileOutputStream.write(FileOutputStream.java:400)
	at java.base/java.lang.Process$PipeOutputStream.write(Process.java:907)
	at java.base/java.io.BufferedOutputStream.flushBuffer(BufferedOutputStream.java:125)
	at java.base/java.io.BufferedOutputStream.implWrite(BufferedOutputStream.java:222)
	at java.base/java.io.BufferedOutputStream.write(BufferedOutputStream.java:200)
	at java.base/java.io.FilterOutputStream.write(FilterOutputStream.java:110)
	at org.eclipse.lsp4j.jsonrpc.json.StreamMessageConsumer.consume(StreamMessageConsumer.java:67)
	... 12 more

!ENTRY org.eclipse.lsp4e 4 0 2025-09-16 14:54:47.290
!MESSAGE java.io.IOException: 파이프가 닫히는 중입니다
!STACK 0
org.eclipse.lsp4j.jsonrpc.JsonRpcException: java.io.IOException: 파이프가 닫히는 중입니다
	at org.eclipse.lsp4j.jsonrpc.json.StreamMessageConsumer.consume(StreamMessageConsumer.java:72)
	at org.eclipse.lsp4e.LanguageServerWrapper.lambda$3(LanguageServerWrapper.java:413)
	at org.eclipse.lsp4j.jsonrpc.RemoteEndpoint.request(RemoteEndpoint.java:171)
	at org.eclipse.lsp4j.jsonrpc.services.EndpointProxy.invoke(EndpointProxy.java:91)
	at jdk.proxy15/jdk.proxy15.$Proxy38.inlayHint(Unknown Source)
	at org.eclipse.lsp4e.operations.inlayhint.InlayHintProvider.lambda$1(InlayHintProvider.java:55)
	at org.eclipse.lsp4e.LanguageServers.lambda$24(LanguageServers.java:445)
	at org.eclipse.lsp4e.LanguageServerWrapper.lambda$17(LanguageServerWrapper.java:976)
	at java.base/java.util.concurrent.CompletableFuture$UniCompose.tryFire(CompletableFuture.java:1194)
	at java.base/java.util.concurrent.CompletableFuture$Completion.run(CompletableFuture.java:526)
	at java.base/java.util.concurrent.ThreadPoolExecutor.runWorker(ThreadPoolExecutor.java:1144)
	at java.base/java.util.concurrent.ThreadPoolExecutor$Worker.run(ThreadPoolExecutor.java:642)
	at java.base/java.lang.Thread.run(Thread.java:1575)
Caused by: java.io.IOException: 파이프가 닫히는 중입니다
	at java.base/java.io.FileOutputStream.writeBytes(Native Method)
	at java.base/java.io.FileOutputStream.write(FileOutputStream.java:400)
	at java.base/java.lang.Process$PipeOutputStream.write(Process.java:907)
	at java.base/java.io.BufferedOutputStream.flushBuffer(BufferedOutputStream.java:125)
	at java.base/java.io.BufferedOutputStream.implWrite(BufferedOutputStream.java:222)
	at java.base/java.io.BufferedOutputStream.write(BufferedOutputStream.java:200)
	at java.base/java.io.FilterOutputStream.write(FilterOutputStream.java:110)
	at org.eclipse.lsp4j.jsonrpc.json.StreamMessageConsumer.consume(StreamMessageConsumer.java:67)
	... 12 more

!ENTRY org.eclipse.jface.text 4 0 2025-09-16 14:54:47.290
!MESSAGE org.eclipse.lsp4j.jsonrpc.JsonRpcException: java.io.IOException: 파이프가 닫히는 중입니다
!STACK 0
java.util.concurrent.CompletionException: org.eclipse.lsp4j.jsonrpc.JsonRpcException: java.io.IOException: 파이프가 닫히는 중입니다
	at java.base/java.util.concurrent.CompletableFuture.wrapInCompletionException(CompletableFuture.java:323)
	at java.base/java.util.concurrent.CompletableFuture.encodeThrowable(CompletableFuture.java:376)
	at java.base/java.util.concurrent.CompletableFuture.uniApplyNow(CompletableFuture.java:718)
	at java.base/java.util.concurrent.CompletableFuture.uniApplyStage(CompletableFuture.java:706)
	at java.base/java.util.concurrent.CompletableFuture.thenApply(CompletableFuture.java:2244)
	at org.eclipse.lsp4e.operations.codelens.CodeLensProvider.lambda$1(CodeLensProvider.java:41)
	at org.eclipse.lsp4e.LanguageServers.lambda$24(LanguageServers.java:445)
	at org.eclipse.lsp4e.LanguageServerWrapper.lambda$17(LanguageServerWrapper.java:976)
	at java.base/java.util.concurrent.CompletableFuture$UniCompose.tryFire(CompletableFuture.java:1194)
	at java.base/java.util.concurrent.CompletableFuture$Completion.run(CompletableFuture.java:526)
	at java.base/java.util.concurrent.ThreadPoolExecutor.runWorker(ThreadPoolExecutor.java:1144)
	at java.base/java.util.concurrent.ThreadPoolExecutor$Worker.run(ThreadPoolExecutor.java:642)
	at java.base/java.lang.Thread.run(Thread.java:1575)
Caused by: org.eclipse.lsp4j.jsonrpc.JsonRpcException: java.io.IOException: 파이프가 닫히는 중입니다
	at org.eclipse.lsp4j.jsonrpc.json.StreamMessageConsumer.consume(StreamMessageConsumer.java:72)
	at org.eclipse.lsp4e.LanguageServerWrapper.lambda$3(LanguageServerWrapper.java:413)
	at org.eclipse.lsp4j.jsonrpc.RemoteEndpoint.request(RemoteEndpoint.java:171)
	at org.eclipse.lsp4j.jsonrpc.services.EndpointProxy.invoke(EndpointProxy.java:91)
	at jdk.proxy15/jdk.proxy15.$Proxy38.codeLens(Unknown Source)
	at org.eclipse.lsp4e.operations.codelens.CodeLensProvider.lambda$1(CodeLensProvider.java:40)
	... 7 more
Caused by: java.io.IOException: 파이프가 닫히는 중입니다
	at java.base/java.io.FileOutputStream.writeBytes(Native Method)
	at java.base/java.io.FileOutputStream.write(FileOutputStream.java:400)
	at java.base/java.lang.Process$PipeOutputStream.write(Process.java:907)
	at java.base/java.io.BufferedOutputStream.flushBuffer(BufferedOutputStream.java:125)
	at java.base/java.io.BufferedOutputStream.implWrite(BufferedOutputStream.java:222)
	at java.base/java.io.BufferedOutputStream.write(BufferedOutputStream.java:200)
	at java.base/java.io.FilterOutputStream.write(FilterOutputStream.java:110)
	at org.eclipse.lsp4j.jsonrpc.json.StreamMessageConsumer.consume(StreamMessageConsumer.java:67)
	... 12 more

!ENTRY org.eclipse.lsp4e 4 0 2025-09-16 14:54:47.290
!MESSAGE java.io.IOException: 파이프가 닫히는 중입니다
!STACK 0
org.eclipse.lsp4j.jsonrpc.JsonRpcException: java.io.IOException: 파이프가 닫히는 중입니다
	at org.eclipse.lsp4j.jsonrpc.json.StreamMessageConsumer.consume(StreamMessageConsumer.java:72)
	at org.eclipse.lsp4e.LanguageServerWrapper.lambda$3(LanguageServerWrapper.java:413)
	at org.eclipse.lsp4j.jsonrpc.RemoteEndpoint.request(RemoteEndpoint.java:171)
	at org.eclipse.lsp4j.jsonrpc.services.EndpointProxy.invoke(EndpointProxy.java:91)
	at jdk.proxy15/jdk.proxy15.$Proxy38.inlayHint(Unknown Source)
	at org.eclipse.lsp4e.operations.inlayhint.InlayHintProvider.lambda$1(InlayHintProvider.java:55)
	at org.eclipse.lsp4e.LanguageServers.lambda$24(LanguageServers.java:445)
	at org.eclipse.lsp4e.LanguageServerWrapper.lambda$17(LanguageServerWrapper.java:976)
	at java.base/java.util.concurrent.CompletableFuture$UniCompose.tryFire(CompletableFuture.java:1194)
	at java.base/java.util.concurrent.CompletableFuture$Completion.run(CompletableFuture.java:526)
	at java.base/java.util.concurrent.ThreadPoolExecutor.runWorker(ThreadPoolExecutor.java:1144)
	at java.base/java.util.concurrent.ThreadPoolExecutor$Worker.run(ThreadPoolExecutor.java:642)
	at java.base/java.lang.Thread.run(Thread.java:1575)
Caused by: java.io.IOException: 파이프가 닫히는 중입니다
	at java.base/java.io.FileOutputStream.writeBytes(Native Method)
	at java.base/java.io.FileOutputStream.write(FileOutputStream.java:400)
	at java.base/java.lang.Process$PipeOutputStream.write(Process.java:907)
	at java.base/java.io.BufferedOutputStream.flushBuffer(BufferedOutputStream.java:125)
	at java.base/java.io.BufferedOutputStream.implWrite(BufferedOutputStream.java:222)
	at java.base/java.io.BufferedOutputStream.write(BufferedOutputStream.java:200)
	at java.base/java.io.FilterOutputStream.write(FilterOutputStream.java:110)
	at org.eclipse.lsp4j.jsonrpc.json.StreamMessageConsumer.consume(StreamMessageConsumer.java:67)
	... 12 more

!ENTRY org.eclipse.jface.text 4 0 2025-09-16 14:54:47.291
!MESSAGE org.eclipse.lsp4j.jsonrpc.JsonRpcException: java.io.IOException: 파이프가 닫히는 중입니다
!STACK 0
java.util.concurrent.CompletionException: org.eclipse.lsp4j.jsonrpc.JsonRpcException: java.io.IOException: 파이프가 닫히는 중입니다
	at java.base/java.util.concurrent.CompletableFuture.wrapInCompletionException(CompletableFuture.java:323)
	at java.base/java.util.concurrent.CompletableFuture.encodeThrowable(CompletableFuture.java:376)
	at java.base/java.util.concurrent.CompletableFuture.uniApplyNow(CompletableFuture.java:718)
	at java.base/java.util.concurrent.CompletableFuture.uniApplyStage(CompletableFuture.java:706)
	at java.base/java.util.concurrent.CompletableFuture.thenApply(CompletableFuture.java:2244)
	at org.eclipse.lsp4e.operations.codelens.CodeLensProvider.lambda$1(CodeLensProvider.java:41)
	at org.eclipse.lsp4e.LanguageServers.lambda$24(LanguageServers.java:445)
	at org.eclipse.lsp4e.LanguageServerWrapper.lambda$17(LanguageServerWrapper.java:976)
	at java.base/java.util.concurrent.CompletableFuture$UniCompose.tryFire(CompletableFuture.java:1194)
	at java.base/java.util.concurrent.CompletableFuture$Completion.run(CompletableFuture.java:526)
	at java.base/java.util.concurrent.ThreadPoolExecutor.runWorker(ThreadPoolExecutor.java:1144)
	at java.base/java.util.concurrent.ThreadPoolExecutor$Worker.run(ThreadPoolExecutor.java:642)
	at java.base/java.lang.Thread.run(Thread.java:1575)
Caused by: org.eclipse.lsp4j.jsonrpc.JsonRpcException: java.io.IOException: 파이프가 닫히는 중입니다
	at org.eclipse.lsp4j.jsonrpc.json.StreamMessageConsumer.consume(StreamMessageConsumer.java:72)
	at org.eclipse.lsp4e.LanguageServerWrapper.lambda$3(LanguageServerWrapper.java:413)
	at org.eclipse.lsp4j.jsonrpc.RemoteEndpoint.request(RemoteEndpoint.java:171)
	at org.eclipse.lsp4j.jsonrpc.services.EndpointProxy.invoke(EndpointProxy.java:91)
	at jdk.proxy15/jdk.proxy15.$Proxy38.codeLens(Unknown Source)
	at org.eclipse.lsp4e.operations.codelens.CodeLensProvider.lambda$1(CodeLensProvider.java:40)
	... 7 more
Caused by: java.io.IOException: 파이프가 닫히는 중입니다
	at java.base/java.io.FileOutputStream.writeBytes(Native Method)
	at java.base/java.io.FileOutputStream.write(FileOutputStream.java:400)
	at java.base/java.lang.Process$PipeOutputStream.write(Process.java:907)
	at java.base/java.io.BufferedOutputStream.flushBuffer(BufferedOutputStream.java:125)
	at java.base/java.io.BufferedOutputStream.implWrite(BufferedOutputStream.java:222)
	at java.base/java.io.BufferedOutputStream.write(BufferedOutputStream.java:200)
	at java.base/java.io.FilterOutputStream.write(FilterOutputStream.java:110)
	at org.eclipse.lsp4j.jsonrpc.json.StreamMessageConsumer.consume(StreamMessageConsumer.java:67)
	... 12 more

!ENTRY org.eclipse.lsp4e 4 0 2025-09-16 14:54:47.291
!MESSAGE java.io.IOException: 파이프가 닫히는 중입니다
!STACK 0
org.eclipse.lsp4j.jsonrpc.JsonRpcException: java.io.IOException: 파이프가 닫히는 중입니다
	at org.eclipse.lsp4j.jsonrpc.json.StreamMessageConsumer.consume(StreamMessageConsumer.java:72)
	at org.eclipse.lsp4e.LanguageServerWrapper.lambda$3(LanguageServerWrapper.java:413)
	at org.eclipse.lsp4j.jsonrpc.RemoteEndpoint.request(RemoteEndpoint.java:171)
	at org.eclipse.lsp4j.jsonrpc.services.EndpointProxy.invoke(EndpointProxy.java:91)
	at jdk.proxy15/jdk.proxy15.$Proxy38.inlayHint(Unknown Source)
	at org.eclipse.lsp4e.operations.inlayhint.InlayHintProvider.lambda$1(InlayHintProvider.java:55)
	at org.eclipse.lsp4e.LanguageServers.lambda$24(LanguageServers.java:445)
	at org.eclipse.lsp4e.LanguageServerWrapper.lambda$17(LanguageServerWrapper.java:976)
	at java.base/java.util.concurrent.CompletableFuture$UniCompose.tryFire(CompletableFuture.java:1194)
	at java.base/java.util.concurrent.CompletableFuture$Completion.run(CompletableFuture.java:526)
	at java.base/java.util.concurrent.ThreadPoolExecutor.runWorker(ThreadPoolExecutor.java:1144)
	at java.base/java.util.concurrent.ThreadPoolExecutor$Worker.run(ThreadPoolExecutor.java:642)
	at java.base/java.lang.Thread.run(Thread.java:1575)
Caused by: java.io.IOException: 파이프가 닫히는 중입니다
	at java.base/java.io.FileOutputStream.writeBytes(Native Method)
	at java.base/java.io.FileOutputStream.write(FileOutputStream.java:400)
	at java.base/java.lang.Process$PipeOutputStream.write(Process.java:907)
	at java.base/java.io.BufferedOutputStream.flushBuffer(BufferedOutputStream.java:125)
	at java.base/java.io.BufferedOutputStream.implWrite(BufferedOutputStream.java:222)
	at java.base/java.io.BufferedOutputStream.write(BufferedOutputStream.java:200)
	at java.base/java.io.FilterOutputStream.write(FilterOutputStream.java:110)
	at org.eclipse.lsp4j.jsonrpc.json.StreamMessageConsumer.consume(StreamMessageConsumer.java:67)
	... 12 more

!ENTRY org.eclipse.jface.text 4 0 2025-09-16 14:54:47.291
!MESSAGE org.eclipse.lsp4j.jsonrpc.JsonRpcException: java.io.IOException: 파이프가 닫히는 중입니다
!STACK 0
java.util.concurrent.CompletionException: org.eclipse.lsp4j.jsonrpc.JsonRpcException: java.io.IOException: 파이프가 닫히는 중입니다
	at java.base/java.util.concurrent.CompletableFuture.wrapInCompletionException(CompletableFuture.java:323)
	at java.base/java.util.concurrent.CompletableFuture.encodeThrowable(CompletableFuture.java:376)
	at java.base/java.util.concurrent.CompletableFuture.uniApplyNow(CompletableFuture.java:718)
	at java.base/java.util.concurrent.CompletableFuture.uniApplyStage(CompletableFuture.java:706)
	at java.base/java.util.concurrent.CompletableFuture.thenApply(CompletableFuture.java:2244)
	at org.eclipse.lsp4e.operations.codelens.CodeLensProvider.lambda$1(CodeLensProvider.java:41)
	at org.eclipse.lsp4e.LanguageServers.lambda$24(LanguageServers.java:445)
	at org.eclipse.lsp4e.LanguageServerWrapper.lambda$17(LanguageServerWrapper.java:976)
	at java.base/java.util.concurrent.CompletableFuture$UniCompose.tryFire(CompletableFuture.java:1194)
	at java.base/java.util.concurrent.CompletableFuture$Completion.run(CompletableFuture.java:526)
	at java.base/java.util.concurrent.ThreadPoolExecutor.runWorker(ThreadPoolExecutor.java:1144)
	at java.base/java.util.concurrent.ThreadPoolExecutor$Worker.run(ThreadPoolExecutor.java:642)
	at java.base/java.lang.Thread.run(Thread.java:1575)
Caused by: org.eclipse.lsp4j.jsonrpc.JsonRpcException: java.io.IOException: 파이프가 닫히는 중입니다
	at org.eclipse.lsp4j.jsonrpc.json.StreamMessageConsumer.consume(StreamMessageConsumer.java:72)
	at org.eclipse.lsp4e.LanguageServerWrapper.lambda$3(LanguageServerWrapper.java:413)
	at org.eclipse.lsp4j.jsonrpc.RemoteEndpoint.request(RemoteEndpoint.java:171)
	at org.eclipse.lsp4j.jsonrpc.services.EndpointProxy.invoke(EndpointProxy.java:91)
	at jdk.proxy15/jdk.proxy15.$Proxy38.codeLens(Unknown Source)
	at org.eclipse.lsp4e.operations.codelens.CodeLensProvider.lambda$1(CodeLensProvider.java:40)
	... 7 more
Caused by: java.io.IOException: 파이프가 닫히는 중입니다
	at java.base/java.io.FileOutputStream.writeBytes(Native Method)
	at java.base/java.io.FileOutputStream.write(FileOutputStream.java:400)
	at java.base/java.lang.Process$PipeOutputStream.write(Process.java:907)
	at java.base/java.io.BufferedOutputStream.flushBuffer(BufferedOutputStream.java:125)
	at java.base/java.io.BufferedOutputStream.implWrite(BufferedOutputStream.java:222)
	at java.base/java.io.BufferedOutputStream.write(BufferedOutputStream.java:200)
	at java.base/java.io.FilterOutputStream.write(FilterOutputStream.java:110)
	at org.eclipse.lsp4j.jsonrpc.json.StreamMessageConsumer.consume(StreamMessageConsumer.java:67)
	... 12 more

!ENTRY org.eclipse.lsp4e 4 0 2025-09-16 14:54:47.292
!MESSAGE java.io.IOException: 파이프가 닫히는 중입니다
!STACK 0
org.eclipse.lsp4j.jsonrpc.JsonRpcException: java.io.IOException: 파이프가 닫히는 중입니다
	at org.eclipse.lsp4j.jsonrpc.json.StreamMessageConsumer.consume(StreamMessageConsumer.java:72)
	at org.eclipse.lsp4e.LanguageServerWrapper.lambda$3(LanguageServerWrapper.java:413)
	at org.eclipse.lsp4j.jsonrpc.RemoteEndpoint.request(RemoteEndpoint.java:171)
	at org.eclipse.lsp4j.jsonrpc.services.EndpointProxy.invoke(EndpointProxy.java:91)
	at jdk.proxy15/jdk.proxy15.$Proxy38.inlayHint(Unknown Source)
	at org.eclipse.lsp4e.operations.inlayhint.InlayHintProvider.lambda$1(InlayHintProvider.java:55)
	at org.eclipse.lsp4e.LanguageServers.lambda$24(LanguageServers.java:445)
	at org.eclipse.lsp4e.LanguageServerWrapper.lambda$17(LanguageServerWrapper.java:976)
	at java.base/java.util.concurrent.CompletableFuture$UniCompose.tryFire(CompletableFuture.java:1194)
	at java.base/java.util.concurrent.CompletableFuture$Completion.run(CompletableFuture.java:526)
	at java.base/java.util.concurrent.ThreadPoolExecutor.runWorker(ThreadPoolExecutor.java:1144)
	at java.base/java.util.concurrent.ThreadPoolExecutor$Worker.run(ThreadPoolExecutor.java:642)
	at java.base/java.lang.Thread.run(Thread.java:1575)
Caused by: java.io.IOException: 파이프가 닫히는 중입니다
	at java.base/java.io.FileOutputStream.writeBytes(Native Method)
	at java.base/java.io.FileOutputStream.write(FileOutputStream.java:400)
	at java.base/java.lang.Process$PipeOutputStream.write(Process.java:907)
	at java.base/java.io.BufferedOutputStream.flushBuffer(BufferedOutputStream.java:125)
	at java.base/java.io.BufferedOutputStream.implWrite(BufferedOutputStream.java:222)
	at java.base/java.io.BufferedOutputStream.write(BufferedOutputStream.java:200)
	at java.base/java.io.FilterOutputStream.write(FilterOutputStream.java:110)
	at org.eclipse.lsp4j.jsonrpc.json.StreamMessageConsumer.consume(StreamMessageConsumer.java:67)
	... 12 more

!ENTRY org.eclipse.jface.text 4 0 2025-09-16 14:54:47.292
!MESSAGE org.eclipse.lsp4j.jsonrpc.JsonRpcException: java.io.IOException: 파이프가 닫히는 중입니다
!STACK 0
java.util.concurrent.CompletionException: org.eclipse.lsp4j.jsonrpc.JsonRpcException: java.io.IOException: 파이프가 닫히는 중입니다
	at java.base/java.util.concurrent.CompletableFuture.wrapInCompletionException(CompletableFuture.java:323)
	at java.base/java.util.concurrent.CompletableFuture.encodeThrowable(CompletableFuture.java:376)
	at java.base/java.util.concurrent.CompletableFuture.uniApplyNow(CompletableFuture.java:718)
	at java.base/java.util.concurrent.CompletableFuture.uniApplyStage(CompletableFuture.java:706)
	at java.base/java.util.concurrent.CompletableFuture.thenApply(CompletableFuture.java:2244)
	at org.eclipse.lsp4e.operations.codelens.CodeLensProvider.lambda$1(CodeLensProvider.java:41)
	at org.eclipse.lsp4e.LanguageServers.lambda$24(LanguageServers.java:445)
	at org.eclipse.lsp4e.LanguageServerWrapper.lambda$17(LanguageServerWrapper.java:976)
	at java.base/java.util.concurrent.CompletableFuture$UniCompose.tryFire(CompletableFuture.java:1194)
	at java.base/java.util.concurrent.CompletableFuture$Completion.run(CompletableFuture.java:526)
	at java.base/java.util.concurrent.ThreadPoolExecutor.runWorker(ThreadPoolExecutor.java:1144)
	at java.base/java.util.concurrent.ThreadPoolExecutor$Worker.run(ThreadPoolExecutor.java:642)
	at java.base/java.lang.Thread.run(Thread.java:1575)
Caused by: org.eclipse.lsp4j.jsonrpc.JsonRpcException: java.io.IOException: 파이프가 닫히는 중입니다
	at org.eclipse.lsp4j.jsonrpc.json.StreamMessageConsumer.consume(StreamMessageConsumer.java:72)
	at org.eclipse.lsp4e.LanguageServerWrapper.lambda$3(LanguageServerWrapper.java:413)
	at org.eclipse.lsp4j.jsonrpc.RemoteEndpoint.request(RemoteEndpoint.java:171)
	at org.eclipse.lsp4j.jsonrpc.services.EndpointProxy.invoke(EndpointProxy.java:91)
	at jdk.proxy15/jdk.proxy15.$Proxy38.codeLens(Unknown Source)
	at org.eclipse.lsp4e.operations.codelens.CodeLensProvider.lambda$1(CodeLensProvider.java:40)
	... 7 more
Caused by: java.io.IOException: 파이프가 닫히는 중입니다
	at java.base/java.io.FileOutputStream.writeBytes(Native Method)
	at java.base/java.io.FileOutputStream.write(FileOutputStream.java:400)
	at java.base/java.lang.Process$PipeOutputStream.write(Process.java:907)
	at java.base/java.io.BufferedOutputStream.flushBuffer(BufferedOutputStream.java:125)
	at java.base/java.io.BufferedOutputStream.implWrite(BufferedOutputStream.java:222)
	at java.base/java.io.BufferedOutputStream.write(BufferedOutputStream.java:200)
	at java.base/java.io.FilterOutputStream.write(FilterOutputStream.java:110)
	at org.eclipse.lsp4j.jsonrpc.json.StreamMessageConsumer.consume(StreamMessageConsumer.java:67)
	... 12 more

!ENTRY org.eclipse.lsp4e 4 0 2025-09-16 14:54:47.293
!MESSAGE java.io.IOException: 파이프가 닫히는 중입니다
!STACK 0
org.eclipse.lsp4j.jsonrpc.JsonRpcException: java.io.IOException: 파이프가 닫히는 중입니다
	at org.eclipse.lsp4j.jsonrpc.json.StreamMessageConsumer.consume(StreamMessageConsumer.java:72)
	at org.eclipse.lsp4e.LanguageServerWrapper.lambda$3(LanguageServerWrapper.java:413)
	at org.eclipse.lsp4j.jsonrpc.RemoteEndpoint.request(RemoteEndpoint.java:171)
	at org.eclipse.lsp4j.jsonrpc.services.EndpointProxy.invoke(EndpointProxy.java:91)
	at jdk.proxy15/jdk.proxy15.$Proxy38.inlayHint(Unknown Source)
	at org.eclipse.lsp4e.operations.inlayhint.InlayHintProvider.lambda$1(InlayHintProvider.java:55)
	at org.eclipse.lsp4e.LanguageServers.lambda$24(LanguageServers.java:445)
	at org.eclipse.lsp4e.LanguageServerWrapper.lambda$17(LanguageServerWrapper.java:976)
	at java.base/java.util.concurrent.CompletableFuture$UniCompose.tryFire(CompletableFuture.java:1194)
	at java.base/java.util.concurrent.CompletableFuture$Completion.run(CompletableFuture.java:526)
	at java.base/java.util.concurrent.ThreadPoolExecutor.runWorker(ThreadPoolExecutor.java:1144)
	at java.base/java.util.concurrent.ThreadPoolExecutor$Worker.run(ThreadPoolExecutor.java:642)
	at java.base/java.lang.Thread.run(Thread.java:1575)
Caused by: java.io.IOException: 파이프가 닫히는 중입니다
	at java.base/java.io.FileOutputStream.writeBytes(Native Method)
	at java.base/java.io.FileOutputStream.write(FileOutputStream.java:400)
	at java.base/java.lang.Process$PipeOutputStream.write(Process.java:907)
	at java.base/java.io.BufferedOutputStream.flushBuffer(BufferedOutputStream.java:125)
	at java.base/java.io.BufferedOutputStream.implWrite(BufferedOutputStream.java:222)
	at java.base/java.io.BufferedOutputStream.write(BufferedOutputStream.java:200)
	at java.base/java.io.FilterOutputStream.write(FilterOutputStream.java:110)
	at org.eclipse.lsp4j.jsonrpc.json.StreamMessageConsumer.consume(StreamMessageConsumer.java:67)
	... 12 more

!ENTRY org.eclipse.jface.text 4 0 2025-09-16 14:54:47.293
!MESSAGE org.eclipse.lsp4j.jsonrpc.JsonRpcException: java.io.IOException: 파이프가 닫히는 중입니다
!STACK 0
java.util.concurrent.CompletionException: org.eclipse.lsp4j.jsonrpc.JsonRpcException: java.io.IOException: 파이프가 닫히는 중입니다
	at java.base/java.util.concurrent.CompletableFuture.wrapInCompletionException(CompletableFuture.java:323)
	at java.base/java.util.concurrent.CompletableFuture.encodeThrowable(CompletableFuture.java:376)
	at java.base/java.util.concurrent.CompletableFuture.uniApplyNow(CompletableFuture.java:718)
	at java.base/java.util.concurrent.CompletableFuture.uniApplyStage(CompletableFuture.java:706)
	at java.base/java.util.concurrent.CompletableFuture.thenApply(CompletableFuture.java:2244)
	at org.eclipse.lsp4e.operations.codelens.CodeLensProvider.lambda$1(CodeLensProvider.java:41)
	at org.eclipse.lsp4e.LanguageServers.lambda$24(LanguageServers.java:445)
	at org.eclipse.lsp4e.LanguageServerWrapper.lambda$17(LanguageServerWrapper.java:976)
	at java.base/java.util.concurrent.CompletableFuture$UniCompose.tryFire(CompletableFuture.java:1194)
	at java.base/java.util.concurrent.CompletableFuture$Completion.run(CompletableFuture.java:526)
	at java.base/java.util.concurrent.ThreadPoolExecutor.runWorker(ThreadPoolExecutor.java:1144)
	at java.base/java.util.concurrent.ThreadPoolExecutor$Worker.run(ThreadPoolExecutor.java:642)
	at java.base/java.lang.Thread.run(Thread.java:1575)
Caused by: org.eclipse.lsp4j.jsonrpc.JsonRpcException: java.io.IOException: 파이프가 닫히는 중입니다
	at org.eclipse.lsp4j.jsonrpc.json.StreamMessageConsumer.consume(StreamMessageConsumer.java:72)
	at org.eclipse.lsp4e.LanguageServerWrapper.lambda$3(LanguageServerWrapper.java:413)
	at org.eclipse.lsp4j.jsonrpc.RemoteEndpoint.request(RemoteEndpoint.java:171)
	at org.eclipse.lsp4j.jsonrpc.services.EndpointProxy.invoke(EndpointProxy.java:91)
	at jdk.proxy15/jdk.proxy15.$Proxy38.codeLens(Unknown Source)
	at org.eclipse.lsp4e.operations.codelens.CodeLensProvider.lambda$1(CodeLensProvider.java:40)
	... 7 more
Caused by: java.io.IOException: 파이프가 닫히는 중입니다
	at java.base/java.io.FileOutputStream.writeBytes(Native Method)
	at java.base/java.io.FileOutputStream.write(FileOutputStream.java:400)
	at java.base/java.lang.Process$PipeOutputStream.write(Process.java:907)
	at java.base/java.io.BufferedOutputStream.flushBuffer(BufferedOutputStream.java:125)
	at java.base/java.io.BufferedOutputStream.implWrite(BufferedOutputStream.java:222)
	at java.base/java.io.BufferedOutputStream.write(BufferedOutputStream.java:200)
	at java.base/java.io.FilterOutputStream.write(FilterOutputStream.java:110)
	at org.eclipse.lsp4j.jsonrpc.json.StreamMessageConsumer.consume(StreamMessageConsumer.java:67)
	... 12 more
